isic_id,lesion_id,view,image_type,diagnosis_1,dx,label,age_approx,sex,anatom_site_general,split
ISIC_0791494,IL_0004688,clinical,clinical: close-up,Malignant,BCC,1,50.0,male,lower extremity,train
ISIC_3624913,IL_0004688,dermoscopic,dermoscopic,Malignant,BCC,1,50.0,male,lower extremity,train
ISIC_8803389,IL_0006177,clinical,clinical: close-up,Malignant,BCC,1,75.0,male,upper extremity,train
ISIC_1048297,IL_0006177,dermoscopic,dermoscopic,Malignant,BCC,1,75.0,male,upper extremity,train
ISIC_3209508,IL_0008969,clinical,clinical: close-up,Malignant,BCC,1,75.0,male,upper extremity,train
ISIC_9546309,IL_0008969,dermoscopic,dermoscopic,Malignant,BCC,1,75.0,male,upper extremity,train
ISIC_9769821,IL_0011263,clinical,clinical: close-up,Malignant,BCC,1,60.0,female,lower extremity,train
ISIC_3780652,IL_0011263,dermoscopic,dermoscopic,Malignant,BCC,1,60.0,female,lower extremity,train
ISIC_8947496,IL_0012199,clinical,clinical: close-up,Malignant,SCCKA,1,65.0,male,upper extremity,train
ISIC_7213515,IL_0012199,dermoscopic,dermoscopic,Malignant,SCCKA,1,65.0,male,upper extremity,train
ISIC_5881121,IL_0014412,clinical,clinical: close-up,Malignant,BCC,1,60.0,male,,train
ISIC_9803465,IL_0014412,dermoscopic,dermoscopic,Malignant,BCC,1,60.0,male,,train
ISIC_8438197,IL_0019048,clinical,clinical: close-up,Malignant,BCC,1,65.0,female,,train
ISIC_6039074,IL_0019048,dermoscopic,dermoscopic,Malignant,BCC,1,65.0,female,,train
ISIC_0652620,IL_0020208,clinical,clinical: close-up,Benign,BKL,0,60.0,male,lower extremity,train
ISIC_8615296,IL_0020208,dermoscopic,dermoscopic,Benign,BKL,0,60.0,male,lower extremity,train
ISIC_8598339,IL_0024228,clinical,clinical: close-up,Benign,NV,0,40.0,male,upper extremity,train
ISIC_8870441,IL_0024228,dermoscopic,dermoscopic,Benign,NV,0,40.0,male,upper extremity,train
ISIC_8431081,IL_0026510,clinical,clinical: close-up,Malignant,SCCKA,1,75.0,female,head/neck,train
ISIC_2768555,IL_0026510,dermoscopic,dermoscopic,Malignant,SCCKA,1,75.0,female,head/neck,train
ISIC_0402893,IL_0029019,clinical,clinical: close-up,Malignant,MEL,1,75.0,female,,train
ISIC_5203599,IL_0029019,dermoscopic,dermoscopic,Malignant,MEL,1,75.0,female,,train
ISIC_1006010,IL_0033882,clinical,clinical: close-up,Malignant,BCC,1,55.0,male,,train
ISIC_3881896,IL_0033882,dermoscopic,dermoscopic,Malignant,BCC,1,55.0,male,,train
ISIC_8429141,IL_0039324,clinical,clinical: close-up,Malignant,BCC,1,60.0,female,,train
ISIC_1874410,IL_0039324,dermoscopic,dermoscopic,Malignant,BCC,1,60.0,female,,train
ISIC_5047383,IL_0044468,clinical,clinical: close-up,Malignant,MEL,1,75.0,male,,train
ISIC_6046943,IL_0044468,dermoscopic,dermoscopic,Malignant,MEL,1,75.0,male,,train
ISIC_4030094,IL_0053198,clinical,clinical: close-up,Malignant,BCC,1,75.0,female,head/neck,train
ISIC_8463837,IL_0053198,dermoscopic,dermoscopic,Malignant,BCC,1,75.0,female,head/neck,train
ISIC_3272276,IL_0069690,clinical,clinical: close-up,Malignant,BCC,1,50.0,male,,train
ISIC_0323748,IL_0069690,dermoscopic,dermoscopic,Malignant,BCC,1,50.0,male,,train
ISIC_0447190,IL_0074413,clinical,clinical: close-up,Benign,NV,0,35.0,female,,train
ISIC_4980158,IL_0074413,dermoscopic,dermoscopic,Benign,NV,0,35.0,female,,train
ISIC_1644500,IL_0075646,clinical,clinical: close-up,Malignant,BCC,1,80.0,male,,train
ISIC_4932148,IL_0075646,dermoscopic,dermoscopic,Malignant,BCC,1,80.0,male,,train
ISIC_0512596,IL_0076321,clinical,clinical: close-up,Benign,NV,0,35.0,male,,train
ISIC_8015399,IL_0076321,dermoscopic,dermoscopic,Benign,NV,0,35.0,male,,train
ISIC_6171480,IL_0076523,clinical,clinical: close-up,Benign,BKL,0,60.0,male,,train
ISIC_3175480,IL_0076523,dermoscopic,dermoscopic,Benign,BKL,0,60.0,male,,train
ISIC_2453811,IL_0080050,clinical,clinical: close-up,Malignant,BCC,1,70.0,male,head/neck,train
ISIC_0813000,IL_0080050,dermoscopic,dermoscopic,Malignant,BCC,1,70.0,male,head/neck,train
ISIC_5100065,IL_0080398,clinical,clinical: close-up,Malignant,MEL,1,70.0,male,lower extremity,train
ISIC_9206660,IL_0080398,dermoscopic,dermoscopic,Malignant,MEL,1,70.0,male,lower extremity,train
ISIC_8453550,IL_0081442,clinical,clinical: close-up,Malignant,SCCKA,1,70.0,male,head/neck,train
ISIC_7606142,IL_0081442,dermoscopic,dermoscopic,Malignant,SCCKA,1,70.0,male,head/neck,train
ISIC_5016123,IL_0083505,clinical,clinical: close-up,Benign,NV,0,40.0,female,,train
ISIC_8736820,IL_0083505,dermoscopic,dermoscopic,Benign,NV,0,40.0,female,,train
ISIC_3313109,IL_0083796,clinical,clinical: close-up,Malignant,BCC,1,65.0,female,head/neck,train
ISIC_9131247,IL_0083796,dermoscopic,dermoscopic,Malignant,BCC,1,65.0,female,head/neck,train
ISIC_2084498,IL_0087252,clinical,clinical: close-up,Benign,BKL,0,75.0,male,lower extremity,train
ISIC_3945160,IL_0087252,dermoscopic,dermoscopic,Benign,BKL,0,75.0,male,lower extremity,train
ISIC_6479651,IL_0087637,clinical,clinical: close-up,Benign,BKL,0,60.0,male,upper extremity,train
ISIC_0856370,IL_0087637,dermoscopic,dermoscopic,Benign,BKL,0,60.0,male,upper extremity,train
ISIC_4065657,IL_0092622,clinical,clinical: close-up,Malignant,MEL,1,65.0,female,head/neck,train
ISIC_5144687,IL_0092622,dermoscopic,dermoscopic,Malignant,MEL,1,65.0,female,head/neck,train
ISIC_0603409,IL_0097046,clinical,clinical: close-up,Malignant,BCC,1,65.0,male,,train
ISIC_3480084,IL_0097046,dermoscopic,dermoscopic,Malignant,BCC,1,65.0,male,,train
ISIC_1140407,IL_0097757,clinical,clinical: close-up,Benign,BKL,0,75.0,female,head/neck,train
ISIC_5350161,IL_0097757,dermoscopic,dermoscopic,Benign,BKL,0,75.0,female,head/neck,train
ISIC_9963933,IL_0101784,clinical,clinical: close-up,Malignant,BCC,1,55.0,male,head/neck,train
ISIC_3627294,IL_0101784,dermoscopic,dermoscopic,Malignant,BCC,1,55.0,male,head/neck,train
ISIC_8537605,IL_0102463,clinical,clinical: close-up,Malignant,SCCKA,1,70.0,male,head/neck,train
ISIC_9954496,IL_0102463,dermoscopic,dermoscopic,Malignant,SCCKA,1,70.0,male,head/neck,train
ISIC_3234625,IL_0105755,clinical,clinical: close-up,Malignant,BCC,1,65.0,female,head/neck,train
ISIC_3783885,IL_0105755,dermoscopic,dermoscopic,Malignant,BCC,1,65.0,female,head/neck,train
ISIC_3483575,IL_0106085,clinical,clinical: close-up,Malignant,BCC,1,65.0,male,,train
ISIC_0933237,IL_0106085,dermoscopic,dermoscopic,Malignant,BCC,1,65.0,male,,train
ISIC_4879615,IL_0108201,clinical,clinical: close-up,Benign,NV,0,70.0,male,,train
ISIC_8804250,IL_0108201,dermoscopic,dermoscopic,Benign,NV,0,70.0,male,,train
ISIC_8176738,IL_0108315,clinical,clinical: close-up,Malignant,BCC,1,70.0,male,,train
ISIC_0454029,IL_0108315,dermoscopic,dermoscopic,Malignant,BCC,1,70.0,male,,train
ISIC_7405877,IL_0110620,clinical,clinical: close-up,Indeterminate,AKIEC,1,55.0,male,head/neck,train
ISIC_6391693,IL_0110620,dermoscopic,dermoscopic,Indeterminate,AKIEC,1,55.0,male,head/neck,train
ISIC_1660394,IL_0115590,clinical,clinical: close-up,Malignant,BCC,1,80.0,female,lower extremity,train
ISIC_0124081,IL_0115590,dermoscopic,dermoscopic,Malignant,BCC,1,80.0,female,lower extremity,train
ISIC_9627993,IL_0121735,clinical,clinical: close-up,Benign,BKL,0,70.0,female,head/neck,train
ISIC_8494727,IL_0121735,dermoscopic,dermoscopic,Benign,BKL,0,70.0,female,head/neck,train
ISIC_3845463,IL_0125182,clinical,clinical: close-up,Malignant,BCC,1,65.0,female,upper extremity,train
ISIC_2556147,IL_0125182,dermoscopic,dermoscopic,Malignant,BCC,1,65.0,female,upper extremity,train
ISIC_1223850,IL_0127859,clinical,clinical: close-up,Benign,NV,0,30.0,male,,train
ISIC_5412550,IL_0127859,dermoscopic,dermoscopic,Benign,NV,0,30.0,male,,train
ISIC_5696217,IL_0134295,clinical,clinical: close-up,Malignant,BCC,1,65.0,male,head/neck,train
ISIC_7733305,IL_0134295,dermoscopic,dermoscopic,Malignant,BCC,1,65.0,male,head/neck,train
ISIC_8788500,IL_0134998,clinical,clinical: close-up,Malignant,MEL,1,50.0,male,head/neck,train
ISIC_5951892,IL_0134998,dermoscopic,dermoscopic,Malignant,MEL,1,50.0,male,head/neck,train
ISIC_5232497,IL_0136746,clinical,clinical: close-up,Malignant,BCC,1,60.0,male,,train
ISIC_4749092,IL_0136746,dermoscopic,dermoscopic,Malignant,BCC,1,60.0,male,,train
ISIC_5667513,IL_0137229,clinical,clinical: close-up,Malignant,SCCKA,1,65.0,male,head/neck,train
ISIC_0866079,IL_0137229,dermoscopic,dermoscopic,Malignant,SCCKA,1,65.0,male,head/neck,train
ISIC_7335701,IL_0137493,clinical,clinical: close-up,Malignant,BCC,1,50.0,male,head/neck,train
ISIC_4135497,IL_0137493,dermoscopic,dermoscopic,Malignant,BCC,1,50.0,male,head/neck,train
ISIC_4783176,IL_0142779,clinical,clinical: close-up,Malignant,SCCKA,1,60.0,male,upper extremity,train
ISIC_0881081,IL_0142779,dermoscopic,dermoscopic,Malignant,SCCKA,1,60.0,male,upper extremity,train
ISIC_6163759,IL_0143212,clinical,clinical: close-up,Indeterminate,AKIEC,1,60.0,male,head/neck,train
ISIC_9704524,IL_0143212,dermoscopic,dermoscopic,Indeterminate,AKIEC,1,60.0,male,head/neck,train
ISIC_4222996,IL_0147242,clinical,clinical: close-up,Malignant,BCC,1,80.0,male,head/neck,train
ISIC_7085591,IL_0147242,dermoscopic,dermoscopic,Malignant,BCC,1,80.0,male,head/neck,train
ISIC_3701587,IL_0149726,clinical,clinical: close-up,Malignant,MEL,1,70.0,male,,train
ISIC_8667960,IL_0149726,dermoscopic,dermoscopic,Malignant,MEL,1,70.0,male,,train
ISIC_9584532,IL_0152415,clinical,clinical: close-up,Malignant,BCC,1,70.0,female,lower extremity,train
ISIC_5006235,IL_0152415,dermoscopic,dermoscopic,Malignant,BCC,1,70.0,female,lower extremity,train
ISIC_6465036,IL_0168605,clinical,clinical: close-up,Malignant,SCCKA,1,80.0,female,head/neck,train
ISIC_4829038,IL_0168605,dermoscopic,dermoscopic,Malignant,SCCKA,1,80.0,female,head/neck,train
ISIC_0560217,IL_0169358,clinical,clinical: close-up,Benign,BKL,0,55.0,male,,train
ISIC_2799124,IL_0169358,dermoscopic,dermoscopic,Benign,BKL,0,55.0,male,,train
ISIC_1432476,IL_0172774,clinical,clinical: close-up,Benign,BKL,0,85.0,male,head/neck,train
ISIC_4761686,IL_0172774,dermoscopic,dermoscopic,Benign,BKL,0,85.0,male,head/neck,train
ISIC_5748990,IL_0179071,clinical,clinical: close-up,Malignant,BCC,1,65.0,male,upper extremity,train
ISIC_6900958,IL_0179071,dermoscopic,dermoscopic,Malignant,BCC,1,65.0,male,upper extremity,train
ISIC_1320739,IL_0180498,clinical,clinical: close-up,Malignant,BCC,1,60.0,male,lower extremity,train
ISIC_1176025,IL_0180498,dermoscopic,dermoscopic,Malignant,BCC,1,60.0,male,lower extremity,train
ISIC_0594231,IL_0181682,clinical,clinical: close-up,Malignant,MEL,1,80.0,female,lower extremity,train
ISIC_5436595,IL_0181682,dermoscopic,dermoscopic,Malignant,MEL,1,80.0,female,lower extremity,train
ISIC_9833026,IL_0184125,clinical,clinical: close-up,Benign,DF,0,40.0,male,lower extremity,train
ISIC_0981335,IL_0184125,dermoscopic,dermoscopic,Benign,DF,0,40.0,male,lower extremity,train
ISIC_2453582,IL_0185151,clinical,clinical: close-up,Malignant,BCC,1,60.0,female,lower extremity,train
ISIC_2525369,IL_0185151,dermoscopic,dermoscopic,Malignant,BCC,1,60.0,female,lower extremity,train
ISIC_3908138,IL_0185297,clinical,clinical: close-up,Malignant,BCC,1,50.0,female,,train
ISIC_8850071,IL_0185297,dermoscopic,dermoscopic,Malignant,BCC,1,50.0,female,,train
ISIC_4964410,IL_0199161,clinical,clinical: close-up,Malignant,BCC,1,45.0,male,,train
ISIC_9486866,IL_0199161,dermoscopic,dermoscopic,Malignant,BCC,1,45.0,male,,train
ISIC_5065727,IL_0199225,clinical,clinical: close-up,Malignant,BCC,1,75.0,male,,train
ISIC_1675235,IL_0199225,dermoscopic,dermoscopic,Malignant,BCC,1,75.0,male,,train
ISIC_3734574,IL_0199785,clinical,clinical: close-up,Malignant,SCCKA,1,45.0,male,lower extremity,train
ISIC_8977908,IL_0199785,dermoscopic,dermoscopic,Malignant,SCCKA,1,45.0,male,lower extremity,train
ISIC_9718735,IL_0200790,clinical,clinical: close-up,Malignant,BCC,1,75.0,male,lower extremity,train
ISIC_6250586,IL_0200790,dermoscopic,dermoscopic,Malignant,BCC,1,75.0,male,lower extremity,train
ISIC_4597624,IL_0203872,clinical,clinical: close-up,Malignant,MEL,1,75.0,male,,train
ISIC_1923354,IL_0203872,dermoscopic,dermoscopic,Malignant,MEL,1,75.0,male,,train
ISIC_3057675,IL_0208925,clinical,clinical: close-up,Malignant,SCCKA,1,60.0,male,head/neck,train
ISIC_8293828,IL_0208925,dermoscopic,dermoscopic,Malignant,SCCKA,1,60.0,male,head/neck,train
ISIC_4145656,IL_0210304,clinical,clinical: close-up,Malignant,BCC,1,70.0,male,lower extremity,train
ISIC_3585425,IL_0210304,dermoscopic,dermoscopic,Malignant,BCC,1,70.0,male,lower extremity,train
ISIC_9619047,IL_0210628,clinical,clinical: close-up,Benign,BKL,0,85.0,male,,train
ISIC_3789455,IL_0210628,dermoscopic,dermoscopic,Benign,BKL,0,85.0,male,,train
ISIC_3845941,IL_0211480,clinical,clinical: close-up,Malignant,BCC,1,65.0,female,,train
ISIC_1734487,IL_0211480,dermoscopic,dermoscopic,Malignant,BCC,1,65.0,female,,train
ISIC_5308373,IL_0215570,clinical,clinical: close-up,Malignant,BCC,1,75.0,female,,train
ISIC_5693691,IL_0215570,dermoscopic,dermoscopic,Malignant,BCC,1,75.0,female,,train
ISIC_2267815,IL_0217482,clinical,clinical: close-up,Benign,NV,0,45.0,female,,train
ISIC_7149626,IL_0217482,dermoscopic,dermoscopic,Benign,NV,0,45.0,female,,train
ISIC_3843458,IL_0218048,clinical,clinical: close-up,Malignant,MEL,1,45.0,female,upper extremity,train
ISIC_8521879,IL_0218048,dermoscopic,dermoscopic,Malignant,MEL,1,45.0,female,upper extremity,train
ISIC_7385775,IL_0225213,clinical,clinical: close-up,Malignant,BCC,1,60.0,female,,train
ISIC_9195108,IL_0225213,dermoscopic,dermoscopic,Malignant,BCC,1,60.0,female,,train
ISIC_4703455,IL_0226639,clinical,clinical: close-up,Malignant,BCC,1,85.0,male,lower extremity,train
ISIC_2755460,IL_0226639,dermoscopic,dermoscopic,Malignant,BCC,1,85.0,male,lower extremity,train
ISIC_1828288,IL_0233778,clinical,clinical: close-up,Malignant,BCC,1,50.0,male,,train
ISIC_1151008,IL_0233778,dermoscopic,dermoscopic,Malignant,BCC,1,50.0,male,,train
ISIC_1128113,IL_0240650,clinical,clinical: close-up,Malignant,SCCKA,1,65.0,male,head/neck,train
ISIC_2513521,IL_0240650,dermoscopic,dermoscopic,Malignant,SCCKA,1,65.0,male,head/neck,train
ISIC_6402697,IL_0244045,clinical,clinical: close-up,Benign,BKL,0,80.0,male,,train
ISIC_4307786,IL_0244045,dermoscopic,dermoscopic,Benign,BKL,0,80.0,male,,train
ISIC_5838991,IL_0245024,clinical,clinical: close-up,Benign,NV,0,45.0,female,,train
ISIC_6141356,IL_0245024,dermoscopic,dermoscopic,Benign,NV,0,45.0,female,,train
ISIC_1812439,IL_0246803,clinical,clinical: close-up,Malignant,BCC,1,60.0,male,head/neck,train
ISIC_7289001,IL_0246803,dermoscopic,dermoscopic,Malignant,BCC,1,60.0,male,head/neck,train
ISIC_5101364,IL_0249447,clinical,clinical: close-up,Malignant,BCC,1,60.0,male,,train
ISIC_6653595,IL_0249447,dermoscopic,dermoscopic,Malignant,BCC,1,60.0,male,,train
ISIC_1058258,IL_0252336,clinical,clinical: close-up,Malignant,MAL_OTH,1,80.0,male,,train
ISIC_6543284,IL_0252336,dermoscopic,dermoscopic,Malignant,MAL_OTH,1,80.0,male,,train
ISIC_4514529,IL_0256138,clinical,clinical: close-up,Benign,NV,0,70.0,male,,train
ISIC_1291833,IL_0256138,dermoscopic,dermoscopic,Benign,NV,0,70.0,male,,train
ISIC_6600474,IL_0262433,clinical,clinical: close-up,Indeterminate,AKIEC,1,70.0,male,head/neck,train
ISIC_2913187,IL_0262433,dermoscopic,dermoscopic,Indeterminate,AKIEC,1,70.0,male,head/neck,train
ISIC_1130153,IL_0262742,clinical,clinical: close-up,Indeterminate,AKIEC,1,75.0,male,head/neck,train
ISIC_7474570,IL_0262742,dermoscopic,dermoscopic,Indeterminate,AKIEC,1,75.0,male,head/neck,train
ISIC_4138482,IL_0266076,clinical,clinical: close-up,Malignant,BCC,1,65.0,female,head/neck,train
ISIC_0181316,IL_0266076,dermoscopic,dermoscopic,Malignant,BCC,1,65.0,female,head/neck,train
ISIC_6315101,IL_0266844,clinical,clinical: close-up,Malignant,BCC,1,65.0,male,head/neck,train
ISIC_6342177,IL_0266844,dermoscopic,dermoscopic,Malignant,BCC,1,65.0,male,head/neck,train
ISIC_0948347,IL_0269822,clinical,clinical: close-up,Malignant,SCCKA,1,85.0,male,head/neck,train
ISIC_9090562,IL_0269822,dermoscopic,dermoscopic,Malignant,SCCKA,1,85.0,male,head/neck,train
ISIC_4225100,IL_0271647,clinical,clinical: close-up,Malignant,BCC,1,55.0,male,,train
ISIC_9250721,IL_0271647,dermoscopic,dermoscopic,Malignant,BCC,1,55.0,male,,train
ISIC_7106496,IL_0275953,clinical,clinical: close-up,Benign,BKL,0,70.0,male,,train
ISIC_7886221,IL_0275953,dermoscopic,dermoscopic,Benign,BKL,0,70.0,male,,train
ISIC_6900639,IL_0281880,clinical,clinical: close-up,Malignant,BCC,1,55.0,male,upper extremity,train
ISIC_1799338,IL_0281880,dermoscopic,dermoscopic,Malignant,BCC,1,55.0,male,upper extremity,train
ISIC_1175016,IL_0285359,clinical,clinical: close-up,Malignant,SCCKA,1,85.0,male,,train
ISIC_3199091,IL_0285359,dermoscopic,dermoscopic,Malignant,SCCKA,1,85.0,male,,train
ISIC_5845284,IL_0286652,clinical,clinical: close-up,Malignant,BCC,1,75.0,male,,train
ISIC_5761944,IL_0286652,dermoscopic,dermoscopic,Malignant,BCC,1,75.0,male,,train
ISIC_6765907,IL_0286681,clinical,clinical: close-up,Benign,DF,0,45.0,female,lower extremity,train
ISIC_0919412,IL_0286681,dermoscopic,dermoscopic,Benign,DF,0,45.0,female,lower extremity,train
ISIC_8899742,IL_0295689,clinical,clinical: close-up,Benign,BKL,0,65.0,female,head/neck,train
ISIC_8366863,IL_0295689,dermoscopic,dermoscopic,Benign,BKL,0,65.0,female,head/neck,train
ISIC_9936601,IL_0303759,clinical,clinical: close-up,Malignant,BCC,1,65.0,female,head/neck,train
ISIC_9185835,IL_0303759,dermoscopic,dermoscopic,Malignant,BCC,1,65.0,female,head/neck,train
ISIC_1412567,IL_0304897,clinical,clinical: close-up,Malignant,BCC,1,60.0,male,lower extremity,train
ISIC_0138914,IL_0304897,dermoscopic,dermoscopic,Malignant,BCC,1,60.0,male,lower extremity,train
ISIC_5721106,IL_0306057,clinical,clinical: close-up,Benign,NV,0,25.0,female,,train
ISIC_9340414,IL_0306057,dermoscopic,dermoscopic,Benign,NV,0,25.0,female,,train
ISIC_7748940,IL_0306770,clinical,clinical: close-up,Malignant,BCC,1,60.0,female,head/neck,train
ISIC_6704813,IL_0306770,dermoscopic,dermoscopic,Malignant,BCC,1,60.0,female,head/neck,train
ISIC_3331939,IL_0308354,clinical,clinical: close-up,Malignant,BCC,1,80.0,male,,train
ISIC_8191013,IL_0308354,dermoscopic,dermoscopic,Malignant,BCC,1,80.0,male,,train
ISIC_3237026,IL_0313389,clinical,clinical: close-up,Malignant,BCC,1,85.0,male,upper extremity,train
ISIC_1405571,IL_0313389,dermoscopic,dermoscopic,Malignant,BCC,1,85.0,male,upper extremity,train
ISIC_4468146,IL_0313731,clinical,clinical: close-up,Malignant,BCC,1,75.0,male,head/neck,train
ISIC_4966803,IL_0313731,dermoscopic,dermoscopic,Malignant,BCC,1,75.0,male,head/neck,train
ISIC_4885518,IL_0314873,clinical,clinical: close-up,Malignant,BCC,1,45.0,female,lower extremity,train
ISIC_3451684,IL_0314873,dermoscopic,dermoscopic,Malignant,BCC,1,45.0,female,lower extremity,train
ISIC_8473068,IL_0318296,clinical,clinical: close-up,Malignant,SCCKA,1,55.0,male,head/neck,train
ISIC_9338482,IL_0318296,dermoscopic,dermoscopic,Malignant,SCCKA,1,55.0,male,head/neck,train
ISIC_0233929,IL_0320467,clinical,clinical: close-up,Malignant,BCC,1,75.0,female,,train
ISIC_1149850,IL_0320467,dermoscopic,dermoscopic,Malignant,BCC,1,75.0,female,,train
ISIC_7485318,IL_0321321,clinical,clinical: close-up,Malignant,BCC,1,55.0,male,lower extremity,train
ISIC_9490906,IL_0321321,dermoscopic,dermoscopic,Malignant,BCC,1,55.0,male,lower extremity,train
ISIC_9055453,IL_0321969,clinical,clinical: close-up,Benign,NV,0,45.0,male,,train
ISIC_9579888,IL_0321969,dermoscopic,dermoscopic,Benign,NV,0,45.0,male,,train
ISIC_5210175,IL_0322820,clinical,clinical: close-up,Malignant,BCC,1,70.0,male,,train
ISIC_7828331,IL_0322820,dermoscopic,dermoscopic,Malignant,BCC,1,70.0,male,,train
ISIC_5653892,IL_0328112,clinical,clinical: close-up,Malignant,BCC,1,40.0,female,lower extremity,train
ISIC_2977980,IL_0328112,dermoscopic,dermoscopic,Malignant,BCC,1,40.0,female,lower extremity,train
ISIC_8842467,IL_0330771,clinical,clinical: close-up,Malignant,BCC,1,55.0,male,head/neck,train
ISIC_5920610,IL_0330771,dermoscopic,dermoscopic,Malignant,BCC,1,55.0,male,head/neck,train
ISIC_1850255,IL_0331680,clinical,clinical: close-up,Malignant,MEL,1,70.0,male,,train
ISIC_2604430,IL_0331680,dermoscopic,dermoscopic,Malignant,MEL,1,70.0,male,,train
ISIC_1607939,IL_0333209,clinical,clinical: close-up,Benign,BKL,0,65.0,male,lower extremity,train
ISIC_1403739,IL_0333209,dermoscopic,dermoscopic,Benign,BKL,0,65.0,male,lower extremity,train
ISIC_1058937,IL_0335647,clinical,clinical: close-up,Malignant,MEL,1,70.0,male,,train
ISIC_0642767,IL_0335647,dermoscopic,dermoscopic,Malignant,MEL,1,70.0,male,,train
ISIC_4523213,IL_0335720,clinical,clinical: close-up,Benign,DF,0,65.0,male,lower extremity,train
ISIC_4324758,IL_0335720,dermoscopic,dermoscopic,Benign,DF,0,65.0,male,lower extremity,train
ISIC_2105399,IL_0336381,clinical,clinical: close-up,Benign,NV,0,35.0,female,,train
ISIC_1472958,IL_0336381,dermoscopic,dermoscopic,Benign,NV,0,35.0,female,,train
ISIC_4738084,IL_0343240,clinical,clinical: close-up,Benign,NV,0,45.0,female,lower extremity,train
ISIC_5728294,IL_0343240,dermoscopic,dermoscopic,Benign,NV,0,45.0,female,lower extremity,train
ISIC_4558719,IL_0345607,clinical,clinical: close-up,Malignant,BCC,1,75.0,female,,train
ISIC_5979125,IL_0345607,dermoscopic,dermoscopic,Malignant,BCC,1,75.0,female,,train
ISIC_4469500,IL_0347019,clinical,clinical: close-up,Malignant,BCC,1,60.0,female,lower extremity,train
ISIC_4218589,IL_0347019,dermoscopic,dermoscopic,Malignant,BCC,1,60.0,female,lower extremity,train
ISIC_4071486,IL_0347219,clinical,clinical: close-up,Malignant,SCCKA,1,75.0,male,lower extremity,train
ISIC_1942928,IL_0347219,dermoscopic,dermoscopic,Malignant,SCCKA,1,75.0,male,lower extremity,train
ISIC_4784047,IL_0353074,clinical,clinical: close-up,Malignant,BCC,1,80.0,female,head/neck,train
ISIC_2228341,IL_0353074,dermoscopic,dermoscopic,Malignant,BCC,1,80.0,female,head/neck,train
ISIC_4655906,IL_0364539,clinical,clinical: close-up,Malignant,BCC,1,75.0,male,lower extremity,train
ISIC_3782771,IL_0364539,dermoscopic,dermoscopic,Malignant,BCC,1,75.0,male,lower extremity,train
ISIC_1747657,IL_0368835,clinical,clinical: close-up,Benign,BKL,0,65.0,male,,train
ISIC_3284879,IL_0368835,dermoscopic,dermoscopic,Benign,BKL,0,65.0,male,,train
ISIC_3092576,IL_0371298,clinical,clinical: close-up,Malignant,BCC,1,60.0,male,head/neck,train
ISIC_8195612,IL_0371298,dermoscopic,dermoscopic,Malignant,BCC,1,60.0,male,head/neck,train
ISIC_9401613,IL_0386446,clinical,clinical: close-up,Malignant,BCC,1,70.0,male,,train
ISIC_4020367,IL_0386446,dermoscopic,dermoscopic,Malignant,BCC,1,70.0,male,,train
ISIC_3966507,IL_0387029,clinical,clinical: close-up,Malignant,MEL,1,35.0,male,,train
ISIC_5850719,IL_0387029,dermoscopic,dermoscopic,Malignant,MEL,1,35.0,male,,train
ISIC_8367579,IL_0387507,clinical,clinical: close-up,Malignant,SCCKA,1,70.0,male,upper extremity,train
ISIC_7271787,IL_0387507,dermoscopic,dermoscopic,Malignant,SCCKA,1,70.0,male,upper extremity,train
ISIC_7758887,IL_0387576,clinical,clinical: close-up,Malignant,BCC,1,70.0,male,head/neck,train
ISIC_7311876,IL_0387576,dermoscopic,dermoscopic,Malignant,BCC,1,70.0,male,head/neck,train
ISIC_8358187,IL_0391966,clinical,clinical: close-up,Benign,NV,0,10.0,female,,train
ISIC_6278944,IL_0391966,dermoscopic,dermoscopic,Benign,NV,0,10.0,female,,train
ISIC_8198645,IL_0395409,clinical,clinical: close-up,Benign,BKL,0,75.0,male,head/neck,train
ISIC_2779297,IL_0395409,dermoscopic,dermoscopic,Benign,BKL,0,75.0,male,head/neck,train
ISIC_7960741,IL_0401155,clinical,clinical: close-up,Benign,NV,0,50.0,female,lower extremity,train
ISIC_7941055,IL_0401155,dermoscopic,dermoscopic,Benign,NV,0,50.0,female,lower extremity,train
ISIC_3184644,IL_0402480,clinical,clinical: close-up,Benign,INF,0,75.0,female,head/neck,train
ISIC_3952412,IL_0402480,dermoscopic,dermoscopic,Benign,INF,0,75.0,female,head/neck,train
ISIC_9879446,IL_0404248,clinical,clinical: close-up,Benign,BKL,0,80.0,male,upper extremity,train
ISIC_2695360,IL_0404248,dermoscopic,dermoscopic,Benign,BKL,0,80.0,male,upper extremity,train
ISIC_1154207,IL_0406808,clinical,clinical: close-up,Malignant,MEL,1,60.0,female,,train
ISIC_1201025,IL_0406808,dermoscopic,dermoscopic,Malignant,MEL,1,60.0,female,,train
ISIC_5657135,IL_0409175,clinical,clinical: close-up,Benign,NV,0,45.0,male,,train
ISIC_3589220,IL_0409175,dermoscopic,dermoscopic,Benign,NV,0,45.0,male,,train
ISIC_7697023,IL_0410887,clinical,clinical: close-up,Malignant,BCC,1,75.0,male,upper extremity,train
ISIC_0197900,IL_0410887,dermoscopic,dermoscopic,Malignant,BCC,1,75.0,male,upper extremity,train
ISIC_4265404,IL_0416544,clinical,clinical: close-up,Benign,NV,0,40.0,female,,train
ISIC_1895471,IL_0416544,dermoscopic,dermoscopic,Benign,NV,0,40.0,female,,train
ISIC_5612751,IL_0419273,clinical,clinical: close-up,Malignant,BCC,1,70.0,male,,train
ISIC_6144096,IL_0419273,dermoscopic,dermoscopic,Malignant,BCC,1,70.0,male,,train
ISIC_0538851,IL_0419410,clinical,clinical: close-up,Benign,BKL,0,65.0,male,,train
ISIC_9126529,IL_0419410,dermoscopic,dermoscopic,Benign,BKL,0,65.0,male,,train
ISIC_5318502,IL_0424747,clinical,clinical: close-up,Benign,NV,0,25.0,male,lower extremity,train
ISIC_3642704,IL_0424747,dermoscopic,dermoscopic,Benign,NV,0,25.0,male,lower extremity,train
ISIC_6076241,IL_0428893,clinical,clinical: close-up,Malignant,BCC,1,70.0,male,,train
ISIC_3562485,IL_0428893,dermoscopic,dermoscopic,Malignant,BCC,1,70.0,male,,train
ISIC_9940509,IL_0432288,clinical,clinical: close-up,Malignant,BCC,1,40.0,male,,train
ISIC_9757709,IL_0432288,dermoscopic,dermoscopic,Malignant,BCC,1,40.0,male,,train
ISIC_4208233,IL_0432633,clinical,clinical: close-up,Malignant,BCC,1,75.0,male,upper extremity,train
ISIC_3861977,IL_0432633,dermoscopic,dermoscopic,Malignant,BCC,1,75.0,male,upper extremity,train
ISIC_6343807,IL_0433789,clinical,clinical: close-up,Malignant,MEL,1,80.0,male,head/neck,train
ISIC_3642584,IL_0433789,dermoscopic,dermoscopic,Malignant,MEL,1,80.0,male,head/neck,train
ISIC_8463692,IL_0436411,clinical,clinical: close-up,Malignant,MEL,1,55.0,male,upper extremity,train
ISIC_4981008,IL_0436411,dermoscopic,dermoscopic,Malignant,MEL,1,55.0,male,upper extremity,train
ISIC_0478016,IL_0441589,clinical,clinical: close-up,Malignant,AKIEC,1,60.0,female,upper extremity,train
ISIC_1281398,IL_0441589,dermoscopic,dermoscopic,Malignant,AKIEC,1,60.0,female,upper extremity,train
ISIC_6063928,IL_0443396,clinical,clinical: close-up,Benign,BKL,0,55.0,female,,train
ISIC_1963610,IL_0443396,dermoscopic,dermoscopic,Benign,BKL,0,55.0,female,,train
ISIC_4868603,IL_0443862,clinical,clinical: close-up,Benign,BKL,0,55.0,male,lower extremity,train
ISIC_8872336,IL_0443862,dermoscopic,dermoscopic,Benign,BKL,0,55.0,male,lower extremity,train
ISIC_3034620,IL_0446787,clinical,clinical: close-up,Malignant,MEL,1,40.0,female,lower extremity,train
ISIC_1121888,IL_0446787,dermoscopic,dermoscopic,Malignant,MEL,1,40.0,female,lower extremity,train
ISIC_8000351,IL_0449677,clinical,clinical: close-up,Benign,NV,0,30.0,female,,train
ISIC_6394582,IL_0449677,dermoscopic,dermoscopic,Benign,NV,0,30.0,female,,train
ISIC_7557765,IL_0455273,clinical,clinical: close-up,Benign,NV,0,35.0,female,,train
ISIC_4872496,IL_0455273,dermoscopic,dermoscopic,Benign,NV,0,35.0,female,,train
ISIC_4540189,IL_0461573,clinical,clinical: close-up,Malignant,BCC,1,40.0,female,head/neck,train
ISIC_8953643,IL_0461573,dermoscopic,dermoscopic,Malignant,BCC,1,40.0,female,head/neck,train
ISIC_1390589,IL_0462841,clinical,clinical: close-up,Malignant,BCC,1,80.0,female,head/neck,train
ISIC_7030953,IL_0462841,dermoscopic,dermoscopic,Malignant,BCC,1,80.0,female,head/neck,train
ISIC_4970657,IL_0466383,clinical,clinical: close-up,Malignant,BCC,1,65.0,male,head/neck,train
ISIC_9410235,IL_0466383,dermoscopic,dermoscopic,Malignant,BCC,1,65.0,male,head/neck,train
ISIC_9203716,IL_0466626,clinical,clinical: close-up,Benign,NV,0,50.0,female,,train
ISIC_1699010,IL_0466626,dermoscopic,dermoscopic,Benign,NV,0,50.0,female,,train
ISIC_6274759,IL_0469581,clinical,clinical: close-up,Malignant,BCC,1,60.0,male,head/neck,train
ISIC_7876083,IL_0469581,dermoscopic,dermoscopic,Malignant,BCC,1,60.0,male,head/neck,train
ISIC_7197327,IL_0474347,clinical,clinical: close-up,Malignant,SCCKA,1,65.0,female,upper extremity,train
ISIC_4933905,IL_0474347,dermoscopic,dermoscopic,Malignant,SCCKA,1,65.0,female,upper extremity,train
ISIC_6393409,IL_0477847,clinical,clinical: close-up,Malignant,MEL,1,80.0,female,lower extremity,train
ISIC_6115342,IL_0477847,dermoscopic,dermoscopic,Malignant,MEL,1,80.0,female,lower extremity,train
ISIC_2075270,IL_0478120,clinical,clinical: close-up,Malignant,SCCKA,1,85.0,female,lower extremity,train
ISIC_7415373,IL_0478120,dermoscopic,dermoscopic,Malignant,SCCKA,1,85.0,female,lower extremity,train
ISIC_8376145,IL_0478451,clinical,clinical: close-up,Malignant,BCC,1,75.0,female,,train
ISIC_1569850,IL_0478451,dermoscopic,dermoscopic,Malignant,BCC,1,75.0,female,,train
ISIC_1105520,IL_0479430,clinical,clinical: close-up,Malignant,BCC,1,80.0,male,head/neck,train
ISIC_5938313,IL_0479430,dermoscopic,dermoscopic,Malignant,BCC,1,80.0,male,head/neck,train
ISIC_8811262,IL_0484240,clinical,clinical: close-up,Malignant,BCC,1,75.0,female,lower extremity,train
ISIC_8609184,IL_0484240,dermoscopic,dermoscopic,Malignant,BCC,1,75.0,female,lower extremity,train
ISIC_1831940,IL_0485034,clinical,clinical: close-up,Benign,INF,0,65.0,male,,train
ISIC_1673396,IL_0485034,dermoscopic,dermoscopic,Benign,INF,0,65.0,male,,train
ISIC_5656373,IL_0486973,clinical,clinical: close-up,Malignant,BCC,1,55.0,male,lower extremity,train
ISIC_3027737,IL_0486973,dermoscopic,dermoscopic,Malignant,BCC,1,55.0,male,lower extremity,train
ISIC_5456124,IL_0487689,clinical,clinical: close-up,Benign,NV,0,65.0,female,,train
ISIC_4640009,IL_0487689,dermoscopic,dermoscopic,Benign,NV,0,65.0,female,,train
ISIC_9178156,IL_0489772,clinical,clinical: close-up,Malignant,BCC,1,65.0,female,head/neck,train
ISIC_9471648,IL_0489772,dermoscopic,dermoscopic,Malignant,BCC,1,65.0,female,head/neck,train
ISIC_0581803,IL_0491604,clinical,clinical: close-up,Malignant,SCCKA,1,75.0,male,lower extremity,train
ISIC_1512530,IL_0491604,dermoscopic,dermoscopic,Malignant,SCCKA,1,75.0,male,lower extremity,train
ISIC_8273914,IL_0499462,clinical,clinical: close-up,Malignant,MEL,1,75.0,male,,train
ISIC_6780849,IL_0499462,dermoscopic,dermoscopic,Malignant,MEL,1,75.0,male,,train
ISIC_4268989,IL_0503827,clinical,clinical: close-up,Malignant,AKIEC,1,60.0,male,,train
ISIC_9502415,IL_0503827,dermoscopic,dermoscopic,Malignant,AKIEC,1,60.0,male,,train
ISIC_5313507,IL_0507774,clinical,clinical: close-up,Malignant,BCC,1,60.0,female,lower extremity,train
ISIC_2601363,IL_0507774,dermoscopic,dermoscopic,Malignant,BCC,1,60.0,female,lower extremity,train
ISIC_9039481,IL_0513622,clinical,clinical: close-up,Malignant,BCC,1,75.0,female,upper extremity,train
ISIC_0979678,IL_0513622,dermoscopic,dermoscopic,Malignant,BCC,1,75.0,female,upper extremity,train
ISIC_4901003,IL_0514561,clinical,clinical: close-up,Malignant,BCC,1,45.0,male,head/neck,train
ISIC_5481679,IL_0514561,dermoscopic,dermoscopic,Malignant,BCC,1,45.0,male,head/neck,train
ISIC_7450315,IL_0519375,clinical,clinical: close-up,Benign,NV,0,35.0,female,,train
ISIC_2577644,IL_0519375,dermoscopic,dermoscopic,Benign,NV,0,35.0,female,,train
ISIC_0949430,IL_0520171,clinical,clinical: close-up,Benign,BKL,0,55.0,female,head/neck,train
ISIC_7469563,IL_0520171,dermoscopic,dermoscopic,Benign,BKL,0,55.0,female,head/neck,train
ISIC_0872284,IL_0521402,clinical,clinical: close-up,Malignant,BCC,1,70.0,male,head/neck,train
ISIC_8979849,IL_0521402,dermoscopic,dermoscopic,Malignant,BCC,1,70.0,male,head/neck,train
ISIC_3491804,IL_0521541,clinical,clinical: close-up,Malignant,BCC,1,65.0,male,,train
ISIC_0926891,IL_0521541,dermoscopic,dermoscopic,Malignant,BCC,1,65.0,male,,train
ISIC_6777374,IL_0521926,clinical,clinical: close-up,Malignant,BCC,1,50.0,male,upper extremity,train
ISIC_1319737,IL_0521926,dermoscopic,dermoscopic,Malignant,BCC,1,50.0,male,upper extremity,train
ISIC_8832798,IL_0525024,clinical,clinical: close-up,Benign,NV,0,40.0,male,head/neck,train
ISIC_1591432,IL_0525024,dermoscopic,dermoscopic,Benign,NV,0,40.0,male,head/neck,train
ISIC_0195347,IL_0533923,clinical,clinical: close-up,Malignant,BCC,1,70.0,male,,train
ISIC_1761597,IL_0533923,dermoscopic,dermoscopic,Malignant,BCC,1,70.0,male,,train
ISIC_1272082,IL_0534902,clinical,clinical: close-up,Malignant,BCC,1,75.0,male,,train
ISIC_6177577,IL_0534902,dermoscopic,dermoscopic,Malignant,BCC,1,75.0,male,,train
ISIC_3739337,IL_0538845,clinical,clinical: close-up,Malignant,BCC,1,55.0,male,head/neck,train
ISIC_0195795,IL_0538845,dermoscopic,dermoscopic,Malignant,BCC,1,55.0,male,head/neck,train
ISIC_1301371,IL_0541987,clinical,clinical: close-up,Malignant,BCC,1,65.0,female,,train
ISIC_4169509,IL_0541987,dermoscopic,dermoscopic,Malignant,BCC,1,65.0,female,,train
ISIC_2271068,IL_0542551,clinical,clinical: close-up,Benign,BKL,0,70.0,male,head/neck,train
ISIC_5933489,IL_0542551,dermoscopic,dermoscopic,Benign,BKL,0,70.0,male,head/neck,train
ISIC_6239096,IL_0548137,clinical,clinical: close-up,Malignant,AKIEC,1,55.0,male,upper extremity,train
ISIC_2501939,IL_0548137,dermoscopic,dermoscopic,Malignant,AKIEC,1,55.0,male,upper extremity,train
ISIC_9336915,IL_0550618,clinical,clinical: close-up,Malignant,BCC,1,75.0,female,,train
ISIC_2118620,IL_0550618,dermoscopic,dermoscopic,Malignant,BCC,1,75.0,female,,train
ISIC_5218432,IL_0552883,clinical,clinical: close-up,Malignant,BCC,1,60.0,female,head/neck,train
ISIC_1421371,IL_0552883,dermoscopic,dermoscopic,Malignant,BCC,1,60.0,female,head/neck,train
ISIC_4685270,IL_0572339,clinical,clinical: close-up,Malignant,BCC,1,45.0,male,,train
ISIC_8180766,IL_0572339,dermoscopic,dermoscopic,Malignant,BCC,1,45.0,male,,train
ISIC_5110123,IL_0576358,clinical,clinical: close-up,Indeterminate,AKIEC,1,75.0,male,head/neck,train
ISIC_4842466,IL_0576358,dermoscopic,dermoscopic,Indeterminate,AKIEC,1,75.0,male,head/neck,train
ISIC_0302768,IL_0583192,clinical,clinical: close-up,Malignant,AKIEC,1,60.0,female,upper extremity,train
ISIC_1472142,IL_0583192,dermoscopic,dermoscopic,Malignant,AKIEC,1,60.0,female,upper extremity,train
ISIC_1221863,IL_0583979,clinical,clinical: close-up,Benign,NV,0,40.0,male,,train
ISIC_6420151,IL_0583979,dermoscopic,dermoscopic,Benign,NV,0,40.0,male,,train
ISIC_2016658,IL_0588181,clinical,clinical: close-up,Malignant,MEL,1,85.0,male,,train
ISIC_0598387,IL_0588181,dermoscopic,dermoscopic,Malignant,MEL,1,85.0,male,,train
ISIC_4154321,IL_0588498,clinical,clinical: close-up,Benign,BKL,0,65.0,female,upper extremity,train
ISIC_5766997,IL_0588498,dermoscopic,dermoscopic,Benign,BKL,0,65.0,female,upper extremity,train
ISIC_0210906,IL_0592358,clinical,clinical: close-up,Malignant,BCC,1,50.0,male,head/neck,train
ISIC_5352383,IL_0592358,dermoscopic,dermoscopic,Malignant,BCC,1,50.0,male,head/neck,train
ISIC_0384010,IL_0592984,clinical,clinical: close-up,Malignant,BCC,1,65.0,male,lower extremity,train
ISIC_5711226,IL_0592984,dermoscopic,dermoscopic,Malignant,BCC,1,65.0,male,lower extremity,train
ISIC_0812659,IL_0596418,clinical,clinical: close-up,Malignant,BCC,1,70.0,male,head/neck,train
ISIC_9712861,IL_0596418,dermoscopic,dermoscopic,Malignant,BCC,1,70.0,male,head/neck,train
ISIC_2445691,IL_0604713,clinical,clinical: close-up,Malignant,MEL,1,75.0,male,,train
ISIC_0305865,IL_0604713,dermoscopic,dermoscopic,Malignant,MEL,1,75.0,male,,train
ISIC_9144551,IL_0605964,clinical,clinical: close-up,Benign,NV,0,45.0,female,head/neck,train
ISIC_8294897,IL_0605964,dermoscopic,dermoscopic,Benign,NV,0,45.0,female,head/neck,train
ISIC_7411878,IL_0607398,clinical,clinical: close-up,Malignant,AKIEC,1,45.0,male,,train
ISIC_8717771,IL_0607398,dermoscopic,dermoscopic,Malignant,AKIEC,1,45.0,male,,train
ISIC_6438673,IL_0609142,clinical,clinical: close-up,Benign,BKL,0,55.0,female,upper extremity,train
ISIC_9896977,IL_0609142,dermoscopic,dermoscopic,Benign,BKL,0,55.0,female,upper extremity,train
ISIC_4989932,IL_0610224,clinical,clinical: close-up,Malignant,SCCKA,1,75.0,female,,train
ISIC_2204119,IL_0610224,dermoscopic,dermoscopic,Malignant,SCCKA,1,75.0,female,,train
ISIC_5602590,IL_0610322,clinical,clinical: close-up,Malignant,BCC,1,80.0,male,,train
ISIC_7200132,IL_0610322,dermoscopic,dermoscopic,Malignant,BCC,1,80.0,male,,train
ISIC_6083072,IL_0614048,clinical,clinical: close-up,Benign,NV,0,50.0,female,,train
ISIC_4083158,IL_0614048,dermoscopic,dermoscopic,Benign,NV,0,50.0,female,,train
ISIC_9250445,IL_0617635,clinical,clinical: close-up,Benign,BKL,0,80.0,male,upper extremity,train
ISIC_2471655,IL_0617635,dermoscopic,dermoscopic,Benign,BKL,0,80.0,male,upper extremity,train
ISIC_1618649,IL_0620338,clinical,clinical: close-up,Malignant,BCC,1,55.0,male,lower extremity,train
ISIC_4898917,IL_0620338,dermoscopic,dermoscopic,Malignant,BCC,1,55.0,male,lower extremity,train
ISIC_0125513,IL_0621333,clinical,clinical: close-up,Benign,NV,0,60.0,female,,train
ISIC_3558339,IL_0621333,dermoscopic,dermoscopic,Benign,NV,0,60.0,female,,train
ISIC_7033406,IL_0625469,clinical,clinical: close-up,Malignant,MEL,1,80.0,male,,train
ISIC_1970988,IL_0625469,dermoscopic,dermoscopic,Malignant,MEL,1,80.0,male,,train
ISIC_2407507,IL_0628495,clinical,clinical: close-up,Benign,NV,0,25.0,male,,train
ISIC_3374597,IL_0628495,dermoscopic,dermoscopic,Benign,NV,0,25.0,male,,train
ISIC_0381085,IL_0630567,clinical,clinical: close-up,Indeterminate,AKIEC,1,75.0,male,head/neck,train
ISIC_2391545,IL_0630567,dermoscopic,dermoscopic,Indeterminate,AKIEC,1,75.0,male,head/neck,train
ISIC_1433868,IL_0633979,clinical,clinical: close-up,Malignant,BCC,1,80.0,male,head/neck,train
ISIC_6915298,IL_0633979,dermoscopic,dermoscopic,Malignant,BCC,1,80.0,male,head/neck,train
ISIC_6583732,IL_0636666,clinical,clinical: close-up,Benign,NV,0,20.0,female,lower extremity,train
ISIC_8564627,IL_0636666,dermoscopic,dermoscopic,Benign,NV,0,20.0,female,lower extremity,train
ISIC_5435068,IL_0643729,clinical,clinical: close-up,Malignant,BCC,1,65.0,male,,train
ISIC_3328177,IL_0643729,dermoscopic,dermoscopic,Malignant,BCC,1,65.0,male,,train
ISIC_2248270,IL_0651741,clinical,clinical: close-up,Malignant,BCC,1,60.0,female,head/neck,train
ISIC_3050487,IL_0651741,dermoscopic,dermoscopic,Malignant,BCC,1,60.0,female,head/neck,train
ISIC_8748477,IL_0662515,clinical,clinical: close-up,Benign,NV,0,35.0,male,,train
ISIC_7278376,IL_0662515,dermoscopic,dermoscopic,Benign,NV,0,35.0,male,,train
ISIC_0849646,IL_0663202,clinical,clinical: close-up,Malignant,BCC,1,65.0,male,,train
ISIC_9521441,IL_0663202,dermoscopic,dermoscopic,Malignant,BCC,1,65.0,male,,train
ISIC_7506601,IL_0668310,clinical,clinical: close-up,Benign,BKL,0,65.0,female,lower extremity,train
ISIC_8699233,IL_0668310,dermoscopic,dermoscopic,Benign,BKL,0,65.0,female,lower extremity,train
ISIC_8565468,IL_0679783,clinical,clinical: close-up,Benign,BKL,0,75.0,male,head/neck,train
ISIC_9561756,IL_0679783,dermoscopic,dermoscopic,Benign,BKL,0,75.0,male,head/neck,train
ISIC_3590185,IL_0681349,clinical,clinical: close-up,Benign,NV,0,15.0,female,lower extremity,train
ISIC_7647712,IL_0681349,dermoscopic,dermoscopic,Benign,NV,0,15.0,female,lower extremity,train
ISIC_8943266,IL_0685418,clinical,clinical: close-up,Malignant,AKIEC,1,45.0,male,lower extremity,train
ISIC_6614498,IL_0685418,dermoscopic,dermoscopic,Malignant,AKIEC,1,45.0,male,lower extremity,train
ISIC_0349437,IL_0686767,clinical,clinical: close-up,Indeterminate,AKIEC,1,70.0,female,lower extremity,train
ISIC_6170751,IL_0686767,dermoscopic,dermoscopic,Indeterminate,AKIEC,1,70.0,female,lower extremity,train
ISIC_6964854,IL_0688391,clinical,clinical: close-up,Malignant,BCC,1,80.0,male,,train
ISIC_1969306,IL_0688391,dermoscopic,dermoscopic,Malignant,BCC,1,80.0,male,,train
ISIC_5529151,IL_0691529,clinical,clinical: close-up,Malignant,BCC,1,75.0,male,upper extremity,train
ISIC_4348115,IL_0691529,dermoscopic,dermoscopic,Malignant,BCC,1,75.0,male,upper extremity,train
ISIC_7377969,IL_0692999,clinical,clinical: close-up,Malignant,BCC,1,85.0,female,,train
ISIC_7954970,IL_0692999,dermoscopic,dermoscopic,Malignant,BCC,1,85.0,female,,train
ISIC_6771167,IL_0693769,clinical,clinical: close-up,Benign,BKL,0,55.0,male,head/neck,train
ISIC_0403826,IL_0693769,dermoscopic,dermoscopic,Benign,BKL,0,55.0,male,head/neck,train
ISIC_2710214,IL_0694902,clinical,clinical: close-up,Benign,VASC,0,10.0,female,,train
ISIC_8000982,IL_0694902,dermoscopic,dermoscopic,Benign,VASC,0,10.0,female,,train
ISIC_9320577,IL_0700053,clinical,clinical: close-up,Malignant,BCC,1,65.0,female,,train
ISIC_2522593,IL_0700053,dermoscopic,dermoscopic,Malignant,BCC,1,65.0,female,,train
ISIC_4566511,IL_0700399,clinical,clinical: close-up,Benign,BKL,0,65.0,female,,train
ISIC_2531111,IL_0700399,dermoscopic,dermoscopic,Benign,BKL,0,65.0,female,,train
ISIC_6705033,IL_0701362,clinical,clinical: close-up,Malignant,MEL,1,85.0,male,head/neck,train
ISIC_3500691,IL_0701362,dermoscopic,dermoscopic,Malignant,MEL,1,85.0,male,head/neck,train
ISIC_3055420,IL_0702834,clinical,clinical: close-up,Malignant,BCC,1,65.0,female,lower extremity,train
ISIC_9987719,IL_0702834,dermoscopic,dermoscopic,Malignant,BCC,1,65.0,female,lower extremity,train
ISIC_0266897,IL_0705548,clinical,clinical: close-up,Malignant,BCC,1,75.0,male,lower extremity,train
ISIC_9663937,IL_0705548,dermoscopic,dermoscopic,Malignant,BCC,1,75.0,male,lower extremity,train
ISIC_6361233,IL_0706157,clinical,clinical: close-up,Benign,BEN_OTH,0,,female,lower extremity,train
ISIC_6679588,IL_0706157,dermoscopic,dermoscopic,Benign,BEN_OTH,0,,female,lower extremity,train
ISIC_2473287,IL_0710738,clinical,clinical: close-up,Malignant,BCC,1,70.0,male,,train
ISIC_1890330,IL_0710738,dermoscopic,dermoscopic,Malignant,BCC,1,70.0,male,,train
ISIC_1546433,IL_0710877,clinical,clinical: close-up,Malignant,BCC,1,70.0,male,,train
ISIC_2553729,IL_0710877,dermoscopic,dermoscopic,Malignant,BCC,1,70.0,male,,train
ISIC_2361193,IL_0713847,clinical,clinical: close-up,Benign,NV,0,45.0,male,lower extremity,train
ISIC_6347753,IL_0713847,dermoscopic,dermoscopic,Benign,NV,0,45.0,male,lower extremity,train
ISIC_4794988,IL_0717553,clinical,clinical: close-up,Benign,NV,0,30.0,female,,train
ISIC_1536397,IL_0717553,dermoscopic,dermoscopic,Benign,NV,0,30.0,female,,train
ISIC_5341584,IL_0718275,clinical,clinical: close-up,Malignant,MEL,1,55.0,male,upper extremity,train
ISIC_5892763,IL_0718275,dermoscopic,dermoscopic,Malignant,MEL,1,55.0,male,upper extremity,train
ISIC_7846682,IL_0720160,clinical,clinical: close-up,Malignant,BCC,1,50.0,male,,train
ISIC_9521675,IL_0720160,dermoscopic,dermoscopic,Malignant,BCC,1,50.0,male,,train
ISIC_8324607,IL_0721578,clinical,clinical: close-up,Benign,INF,0,65.0,female,lower extremity,train
ISIC_5830124,IL_0721578,dermoscopic,dermoscopic,Benign,INF,0,65.0,female,lower extremity,train
ISIC_5708137,IL_0732764,clinical,clinical: close-up,Benign,BKL,0,70.0,female,head/neck,train
ISIC_2777762,IL_0732764,dermoscopic,dermoscopic,Benign,BKL,0,70.0,female,head/neck,train
ISIC_9167637,IL_0736879,clinical,clinical: close-up,Malignant,BCC,1,55.0,female,head/neck,train
ISIC_5441520,IL_0736879,dermoscopic,dermoscopic,Malignant,BCC,1,55.0,female,head/neck,train
ISIC_4420449,IL_0740796,clinical,clinical: close-up,Malignant,BCC,1,80.0,female,head/neck,train
ISIC_0497911,IL_0740796,dermoscopic,dermoscopic,Malignant,BCC,1,80.0,female,head/neck,train
ISIC_1376355,IL_0743381,clinical,clinical: close-up,Malignant,BCC,1,35.0,female,,train
ISIC_6989617,IL_0743381,dermoscopic,dermoscopic,Malignant,BCC,1,35.0,female,,train
ISIC_5975949,IL_0752294,clinical,clinical: close-up,Malignant,BCC,1,75.0,female,lower extremity,train
ISIC_2565230,IL_0752294,dermoscopic,dermoscopic,Malignant,BCC,1,75.0,female,lower extremity,train
ISIC_2508558,IL_0752303,clinical,clinical: close-up,Malignant,MEL,1,65.0,female,head/neck,train
ISIC_1729396,IL_0752303,dermoscopic,dermoscopic,Malignant,MEL,1,65.0,female,head/neck,train
ISIC_2595169,IL_0753013,clinical,clinical: close-up,Malignant,BCC,1,80.0,male,upper extremity,train
ISIC_7563649,IL_0753013,dermoscopic,dermoscopic,Malignant,BCC,1,80.0,male,upper extremity,train
ISIC_0263121,IL_0753658,clinical,clinical: close-up,Malignant,AKIEC,1,85.0,female,lower extremity,train
ISIC_8356711,IL_0753658,dermoscopic,dermoscopic,Malignant,AKIEC,1,85.0,female,lower extremity,train
ISIC_4452788,IL_0758314,clinical,clinical: close-up,Benign,NV,0,65.0,male,,train
ISIC_7235047,IL_0758314,dermoscopic,dermoscopic,Benign,NV,0,65.0,male,,train
ISIC_7382599,IL_0758607,clinical,clinical: close-up,Malignant,BCC,1,55.0,female,,train
ISIC_7645103,IL_0758607,dermoscopic,dermoscopic,Malignant,BCC,1,55.0,female,,train
ISIC_1210101,IL_0761074,clinical,clinical: close-up,Malignant,BCC,1,60.0,female,,train
ISIC_2905836,IL_0761074,dermoscopic,dermoscopic,Malignant,BCC,1,60.0,female,,train
ISIC_4637590,IL_0762658,clinical,clinical: close-up,Malignant,BCC,1,45.0,male,head/neck,train
ISIC_3859478,IL_0762658,dermoscopic,dermoscopic,Malignant,BCC,1,45.0,male,head/neck,train
ISIC_6321631,IL_0768157,clinical,clinical: close-up,Malignant,BCC,1,65.0,female,,train
ISIC_0758242,IL_0768157,dermoscopic,dermoscopic,Malignant,BCC,1,65.0,female,,train
ISIC_3672849,IL_0769866,clinical,clinical: close-up,Malignant,BCC,1,60.0,female,lower extremity,train
ISIC_4386519,IL_0769866,dermoscopic,dermoscopic,Malignant,BCC,1,60.0,female,lower extremity,train
ISIC_7627574,IL_0770460,clinical,clinical: close-up,Malignant,BCC,1,60.0,male,,train
ISIC_6173661,IL_0770460,dermoscopic,dermoscopic,Malignant,BCC,1,60.0,male,,train
ISIC_3905379,IL_0770948,clinical,clinical: close-up,Malignant,SCCKA,1,80.0,female,lower extremity,train
ISIC_5225765,IL_0770948,dermoscopic,dermoscopic,Malignant,SCCKA,1,80.0,female,lower extremity,train
ISIC_2091010,IL_0772122,clinical,clinical: close-up,Benign,BKL,0,60.0,male,,train
ISIC_9887877,IL_0772122,dermoscopic,dermoscopic,Benign,BKL,0,60.0,male,,train
ISIC_5720812,IL_0772858,clinical,clinical: close-up,Benign,NV,0,50.0,female,upper extremity,train
ISIC_3288032,IL_0772858,dermoscopic,dermoscopic,Benign,NV,0,50.0,female,upper extremity,train
ISIC_0805815,IL_0773379,clinical,clinical: close-up,Malignant,BCC,1,60.0,female,head/neck,train
ISIC_7510898,IL_0773379,dermoscopic,dermoscopic,Malignant,BCC,1,60.0,female,head/neck,train
ISIC_7176018,IL_0773953,clinical,clinical: close-up,Malignant,BCC,1,45.0,male,upper extremity,train
ISIC_0811123,IL_0773953,dermoscopic,dermoscopic,Malignant,BCC,1,45.0,male,upper extremity,train
ISIC_9116920,IL_0778720,clinical,clinical: close-up,Malignant,BCC,1,60.0,male,lower extremity,train
ISIC_3807348,IL_0778720,dermoscopic,dermoscopic,Malignant,BCC,1,60.0,male,lower extremity,train
ISIC_8178616,IL_0783886,clinical,clinical: close-up,Malignant,MEL,1,75.0,female,head/neck,train
ISIC_8379235,IL_0783886,dermoscopic,dermoscopic,Malignant,MEL,1,75.0,female,head/neck,train
ISIC_2104270,IL_0784446,clinical,clinical: close-up,Benign,BKL,0,55.0,female,lower extremity,train
ISIC_2769033,IL_0784446,dermoscopic,dermoscopic,Benign,BKL,0,55.0,female,lower extremity,train
ISIC_7308766,IL_0787420,clinical,clinical: close-up,Malignant,MEL,1,55.0,male,lower extremity,train
ISIC_4311112,IL_0787420,dermoscopic,dermoscopic,Malignant,MEL,1,55.0,male,lower extremity,train
ISIC_9001724,IL_0788459,clinical,clinical: close-up,Malignant,BCC,1,65.0,female,head/neck,train
ISIC_6428254,IL_0788459,dermoscopic,dermoscopic,Malignant,BCC,1,65.0,female,head/neck,train
ISIC_6609894,IL_0793440,clinical,clinical: close-up,Benign,NV,0,55.0,male,lower extremity,train
ISIC_1815891,IL_0793440,dermoscopic,dermoscopic,Benign,NV,0,55.0,male,lower extremity,train
ISIC_3496143,IL_0793725,clinical,clinical: close-up,Malignant,AKIEC,1,60.0,female,lower extremity,train
ISIC_3538568,IL_0793725,dermoscopic,dermoscopic,Malignant,AKIEC,1,60.0,female,lower extremity,train
ISIC_7813552,IL_0797165,clinical,clinical: close-up,Benign,NV,0,5.0,female,lower extremity,train
ISIC_0597607,IL_0797165,dermoscopic,dermoscopic,Benign,NV,0,5.0,female,lower extremity,train
ISIC_1926637,IL_0807223,clinical,clinical: close-up,Malignant,MEL,1,40.0,female,,train
ISIC_1126401,IL_0807223,dermoscopic,dermoscopic,Malignant,MEL,1,40.0,female,,train
ISIC_5835836,IL_0808533,clinical,clinical: close-up,Benign,BKL,0,55.0,female,upper extremity,train
ISIC_3507614,IL_0808533,dermoscopic,dermoscopic,Benign,BKL,0,55.0,female,upper extremity,train
ISIC_1740662,IL_0809191,clinical,clinical: close-up,Benign,NV,0,,female,lower extremity,train
ISIC_8199024,IL_0809191,dermoscopic,dermoscopic,Benign,NV,0,,female,lower extremity,train
ISIC_2028614,IL_0809761,clinical,clinical: close-up,Malignant,BCC,1,55.0,female,,train
ISIC_4973062,IL_0809761,dermoscopic,dermoscopic,Malignant,BCC,1,55.0,female,,train
ISIC_4040199,IL_0810155,clinical,clinical: close-up,Malignant,MEL,1,60.0,female,lower extremity,train
ISIC_5230761,IL_0810155,dermoscopic,dermoscopic,Malignant,MEL,1,60.0,female,lower extremity,train
ISIC_3708140,IL_0811004,clinical,clinical: close-up,Malignant,BCC,1,75.0,male,,train
ISIC_0828276,IL_0811004,dermoscopic,dermoscopic,Malignant,BCC,1,75.0,male,,train
ISIC_1858790,IL_0819034,clinical,clinical: close-up,Malignant,MEL,1,55.0,female,lower extremity,train
ISIC_7851081,IL_0819034,dermoscopic,dermoscopic,Malignant,MEL,1,55.0,female,lower extremity,train
ISIC_9223565,IL_0820798,clinical,clinical: close-up,Malignant,AKIEC,1,70.0,male,lower extremity,train
ISIC_1982635,IL_0820798,dermoscopic,dermoscopic,Malignant,AKIEC,1,70.0,male,lower extremity,train
ISIC_7465284,IL_0820879,clinical,clinical: close-up,Malignant,AKIEC,1,60.0,male,upper extremity,train
ISIC_0680993,IL_0820879,dermoscopic,dermoscopic,Malignant,AKIEC,1,60.0,male,upper extremity,train
ISIC_7566402,IL_0825949,clinical,clinical: close-up,Malignant,BCC,1,70.0,female,,train
ISIC_4092604,IL_0825949,dermoscopic,dermoscopic,Malignant,BCC,1,70.0,female,,train
ISIC_0733275,IL_0826473,clinical,clinical: close-up,Benign,NV,0,30.0,female,lower extremity,train
ISIC_5194644,IL_0826473,dermoscopic,dermoscopic,Benign,NV,0,30.0,female,lower extremity,train
ISIC_7641847,IL_0828910,clinical,clinical: close-up,Malignant,BCC,1,65.0,male,head/neck,train
ISIC_1350051,IL_0828910,dermoscopic,dermoscopic,Malignant,BCC,1,65.0,male,head/neck,train
ISIC_8645743,IL_0834716,clinical,clinical: close-up,Malignant,BCC,1,65.0,male,head/neck,train
ISIC_8810920,IL_0834716,dermoscopic,dermoscopic,Malignant,BCC,1,65.0,male,head/neck,train
ISIC_9552131,IL_0835315,clinical,clinical: close-up,Malignant,SCCKA,1,85.0,female,lower extremity,train
ISIC_0802648,IL_0835315,dermoscopic,dermoscopic,Malignant,SCCKA,1,85.0,female,lower extremity,train
ISIC_3323980,IL_0836761,clinical,clinical: close-up,Malignant,BCC,1,65.0,male,head/neck,train
ISIC_0763962,IL_0836761,dermoscopic,dermoscopic,Malignant,BCC,1,65.0,male,head/neck,train
ISIC_4806633,IL_0837149,clinical,clinical: close-up,Malignant,BCC,1,65.0,male,lower extremity,train
ISIC_2564687,IL_0837149,dermoscopic,dermoscopic,Malignant,BCC,1,65.0,male,lower extremity,train
ISIC_0867059,IL_0837507,clinical,clinical: close-up,Malignant,BCC,1,60.0,male,head/neck,train
ISIC_9749130,IL_0837507,dermoscopic,dermoscopic,Malignant,BCC,1,60.0,male,head/neck,train
ISIC_4303207,IL_0838598,clinical,clinical: close-up,Malignant,SCCKA,1,75.0,male,lower extremity,train
ISIC_2352288,IL_0838598,dermoscopic,dermoscopic,Malignant,SCCKA,1,75.0,male,lower extremity,train
ISIC_4509723,IL_0844801,clinical,clinical: close-up,Benign,NV,0,35.0,female,,train
ISIC_4112456,IL_0844801,dermoscopic,dermoscopic,Benign,NV,0,35.0,female,,train
ISIC_1677408,IL_0853673,clinical,clinical: close-up,Malignant,BCC,1,50.0,male,,train
ISIC_1033453,IL_0853673,dermoscopic,dermoscopic,Malignant,BCC,1,50.0,male,,train
ISIC_2397388,IL_0855898,clinical,clinical: close-up,Malignant,MEL,1,65.0,male,upper extremity,train
ISIC_6596926,IL_0855898,dermoscopic,dermoscopic,Malignant,MEL,1,65.0,male,upper extremity,train
ISIC_3651770,IL_0858380,clinical,clinical: close-up,Malignant,MEL,1,55.0,male,,train
ISIC_7303630,IL_0858380,dermoscopic,dermoscopic,Malignant,MEL,1,55.0,male,,train
ISIC_5364113,IL_0860042,clinical,clinical: close-up,Benign,NV,0,35.0,male,lower extremity,train
ISIC_8660210,IL_0860042,dermoscopic,dermoscopic,Benign,NV,0,35.0,male,lower extremity,train
ISIC_6843004,IL_0861940,clinical,clinical: close-up,Malignant,BCC,1,65.0,male,lower extremity,train
ISIC_9336765,IL_0861940,dermoscopic,dermoscopic,Malignant,BCC,1,65.0,male,lower extremity,train
ISIC_5318655,IL_0864051,clinical,clinical: close-up,Malignant,BCC,1,40.0,male,head/neck,train
ISIC_3820500,IL_0864051,dermoscopic,dermoscopic,Malignant,BCC,1,40.0,male,head/neck,train
ISIC_1533241,IL_0867132,clinical,clinical: close-up,Malignant,SCCKA,1,50.0,male,lower extremity,train
ISIC_8829523,IL_0867132,dermoscopic,dermoscopic,Malignant,SCCKA,1,50.0,male,lower extremity,train
ISIC_6480550,IL_0869160,clinical,clinical: close-up,Malignant,BCC,1,70.0,female,head/neck,train
ISIC_5266605,IL_0869160,dermoscopic,dermoscopic,Malignant,BCC,1,70.0,female,head/neck,train
ISIC_2565120,IL_0882013,clinical,clinical: close-up,Malignant,BCC,1,75.0,male,,train
ISIC_8843104,IL_0882013,dermoscopic,dermoscopic,Malignant,BCC,1,75.0,male,,train
ISIC_9629139,IL_0882854,clinical,clinical: close-up,Malignant,AKIEC,1,55.0,male,head/neck,train
ISIC_3887050,IL_0882854,dermoscopic,dermoscopic,Malignant,AKIEC,1,55.0,male,head/neck,train
ISIC_9043368,IL_0883387,clinical,clinical: close-up,Benign,NV,0,35.0,male,,train
ISIC_4246393,IL_0883387,dermoscopic,dermoscopic,Benign,NV,0,35.0,male,,train
ISIC_5756614,IL_0883893,clinical,clinical: close-up,Indeterminate,AKIEC,1,70.0,male,head/neck,train
ISIC_6860942,IL_0883893,dermoscopic,dermoscopic,Indeterminate,AKIEC,1,70.0,male,head/neck,train
ISIC_8768858,IL_0887241,clinical,clinical: close-up,Benign,NV,0,65.0,female,lower extremity,train
ISIC_9696099,IL_0887241,dermoscopic,dermoscopic,Benign,NV,0,65.0,female,lower extremity,train
ISIC_5259848,IL_0890305,clinical,clinical: close-up,Benign,NV,0,60.0,male,,train
ISIC_3468757,IL_0890305,dermoscopic,dermoscopic,Benign,NV,0,60.0,male,,train
ISIC_4344365,IL_0891260,clinical,clinical: close-up,Malignant,BCC,1,70.0,female,head/neck,train
ISIC_5184106,IL_0891260,dermoscopic,dermoscopic,Malignant,BCC,1,70.0,female,head/neck,train
ISIC_1181087,IL_0898594,clinical,clinical: close-up,Malignant,BCC,1,70.0,female,head/neck,train
ISIC_1741197,IL_0898594,dermoscopic,dermoscopic,Malignant,BCC,1,70.0,female,head/neck,train
ISIC_8344038,IL_0901496,clinical,clinical: close-up,Malignant,BCC,1,35.0,male,head/neck,train
ISIC_0805951,IL_0901496,dermoscopic,dermoscopic,Malignant,BCC,1,35.0,male,head/neck,train
ISIC_7904583,IL_0911506,clinical,clinical: close-up,Malignant,MEL,1,50.0,female,lower extremity,train
ISIC_5628874,IL_0911506,dermoscopic,dermoscopic,Malignant,MEL,1,50.0,female,lower extremity,train
ISIC_6491752,IL_0913190,clinical,clinical: close-up,Benign,NV,0,40.0,female,head/neck,train
ISIC_9415992,IL_0913190,dermoscopic,dermoscopic,Benign,NV,0,40.0,female,head/neck,train
ISIC_0526168,IL_0913483,clinical,clinical: close-up,Benign,NV,0,45.0,female,upper extremity,train
ISIC_4622192,IL_0913483,dermoscopic,dermoscopic,Benign,NV,0,45.0,female,upper extremity,train
ISIC_4175612,IL_0915251,clinical,clinical: close-up,Benign,VASC,0,80.0,female,upper extremity,train
ISIC_1609351,IL_0915251,dermoscopic,dermoscopic,Benign,VASC,0,80.0,female,upper extremity,train
ISIC_4275620,IL_0919212,clinical,clinical: close-up,Malignant,BCC,1,70.0,male,,train
ISIC_6417205,IL_0919212,dermoscopic,dermoscopic,Malignant,BCC,1,70.0,male,,train
ISIC_9513437,IL_0928846,clinical,clinical: close-up,Benign,BKL,0,45.0,female,head/neck,train
ISIC_2288200,IL_0928846,dermoscopic,dermoscopic,Benign,BKL,0,45.0,female,head/neck,train
ISIC_9442170,IL_0930071,clinical,clinical: close-up,Benign,NV,0,75.0,male,,train
ISIC_5766792,IL_0930071,dermoscopic,dermoscopic,Benign,NV,0,75.0,male,,train
ISIC_2365922,IL_0931113,clinical,clinical: close-up,Malignant,SCCKA,1,60.0,male,head/neck,train
ISIC_5630379,IL_0931113,dermoscopic,dermoscopic,Malignant,SCCKA,1,60.0,male,head/neck,train
ISIC_5083538,IL_0932905,clinical,clinical: close-up,Malignant,BCC,1,60.0,female,upper extremity,train
ISIC_1317686,IL_0932905,dermoscopic,dermoscopic,Malignant,BCC,1,60.0,female,upper extremity,train
ISIC_3312614,IL_0933213,clinical,clinical: close-up,Malignant,BCC,1,50.0,female,upper extremity,train
ISIC_5925562,IL_0933213,dermoscopic,dermoscopic,Malignant,BCC,1,50.0,female,upper extremity,train
ISIC_4806887,IL_0941988,clinical,clinical: close-up,Malignant,BCC,1,50.0,male,upper extremity,train
ISIC_3897686,IL_0941988,dermoscopic,dermoscopic,Malignant,BCC,1,50.0,male,upper extremity,train
ISIC_7993187,IL_0949755,clinical,clinical: close-up,Malignant,BCC,1,65.0,female,,train
ISIC_3981430,IL_0949755,dermoscopic,dermoscopic,Malignant,BCC,1,65.0,female,,train
ISIC_7512401,IL_0952894,clinical,clinical: close-up,Benign,NV,0,25.0,female,head/neck,train
ISIC_5063002,IL_0952894,dermoscopic,dermoscopic,Benign,NV,0,25.0,female,head/neck,train
ISIC_7676731,IL_0956761,clinical,clinical: close-up,Malignant,BCC,1,65.0,male,upper extremity,train
ISIC_3568310,IL_0956761,dermoscopic,dermoscopic,Malignant,BCC,1,65.0,male,upper extremity,train
ISIC_9873401,IL_0960913,clinical,clinical: close-up,Malignant,SCCKA,1,85.0,female,upper extremity,train
ISIC_6725841,IL_0960913,dermoscopic,dermoscopic,Malignant,SCCKA,1,85.0,female,upper extremity,train
ISIC_2878962,IL_0963446,clinical,clinical: close-up,Malignant,BCC,1,65.0,female,head/neck,train
ISIC_3918888,IL_0963446,dermoscopic,dermoscopic,Malignant,BCC,1,65.0,female,head/neck,train
ISIC_6460339,IL_0963909,clinical,clinical: close-up,Malignant,AKIEC,1,55.0,male,head/neck,train
ISIC_7298204,IL_0963909,dermoscopic,dermoscopic,Malignant,AKIEC,1,55.0,male,head/neck,train
ISIC_8193858,IL_0965686,clinical,clinical: close-up,Benign,NV,0,40.0,male,,train
ISIC_8216653,IL_0965686,dermoscopic,dermoscopic,Benign,NV,0,40.0,male,,train
ISIC_9148166,IL_0965927,clinical,clinical: close-up,Benign,NV,0,45.0,male,,train
ISIC_5713218,IL_0965927,dermoscopic,dermoscopic,Benign,NV,0,45.0,male,,train
ISIC_7382876,IL_0966806,clinical,clinical: close-up,Benign,NV,0,65.0,male,,train
ISIC_7116014,IL_0966806,dermoscopic,dermoscopic,Benign,NV,0,65.0,male,,train
ISIC_8740093,IL_0967038,clinical,clinical: close-up,Benign,BKL,0,85.0,male,,train
ISIC_5310379,IL_0967038,dermoscopic,dermoscopic,Benign,BKL,0,85.0,male,,train
ISIC_7756269,IL_0970556,clinical,clinical: close-up,Malignant,BCC,1,75.0,male,,train
ISIC_0147255,IL_0970556,dermoscopic,dermoscopic,Malignant,BCC,1,75.0,male,,train
ISIC_3111434,IL_0976725,clinical,clinical: close-up,Benign,BKL,0,80.0,female,head/neck,train
ISIC_1681382,IL_0976725,dermoscopic,dermoscopic,Benign,BKL,0,80.0,female,head/neck,train
ISIC_0616115,IL_0977537,clinical,clinical: close-up,Benign,BKL,0,65.0,male,,train
ISIC_0187220,IL_0977537,dermoscopic,dermoscopic,Benign,BKL,0,65.0,male,,train
ISIC_0794160,IL_0978342,clinical,clinical: close-up,Benign,NV,0,30.0,female,,train
ISIC_0767613,IL_0978342,dermoscopic,dermoscopic,Benign,NV,0,30.0,female,,train
ISIC_4557470,IL_0980631,clinical,clinical: close-up,Malignant,BCC,1,80.0,male,head/neck,train
ISIC_6124320,IL_0980631,dermoscopic,dermoscopic,Malignant,BCC,1,80.0,male,head/neck,train
ISIC_0368075,IL_0982091,clinical,clinical: close-up,Malignant,BCC,1,45.0,male,head/neck,train
ISIC_2654339,IL_0982091,dermoscopic,dermoscopic,Malignant,BCC,1,45.0,male,head/neck,train
ISIC_5409281,IL_0996879,clinical,clinical: close-up,Benign,BEN_OTH,0,70.0,male,,train
ISIC_3477325,IL_0996879,dermoscopic,dermoscopic,Benign,BEN_OTH,0,70.0,male,,train
ISIC_1823276,IL_1001591,clinical,clinical: close-up,Malignant,MEL,1,80.0,female,head/neck,train
ISIC_3709727,IL_1001591,dermoscopic,dermoscopic,Malignant,MEL,1,80.0,female,head/neck,train
ISIC_3308945,IL_1003728,clinical,clinical: close-up,Malignant,MEL,1,30.0,female,lower extremity,train
ISIC_8601570,IL_1003728,dermoscopic,dermoscopic,Malignant,MEL,1,30.0,female,lower extremity,train
ISIC_0919015,IL_1006446,clinical,clinical: close-up,Malignant,BCC,1,65.0,male,,train
ISIC_0091092,IL_1006446,dermoscopic,dermoscopic,Malignant,BCC,1,65.0,male,,train
ISIC_1374683,IL_1013534,clinical,clinical: close-up,Benign,VASC,0,20.0,male,,train
ISIC_0552734,IL_1013534,dermoscopic,dermoscopic,Benign,VASC,0,20.0,male,,train
ISIC_1963504,IL_1020269,clinical,clinical: close-up,Malignant,BCC,1,65.0,female,,train
ISIC_3103756,IL_1020269,dermoscopic,dermoscopic,Malignant,BCC,1,65.0,female,,train
ISIC_0887242,IL_1022575,clinical,clinical: close-up,Benign,BKL,0,80.0,female,,train
ISIC_9084534,IL_1022575,dermoscopic,dermoscopic,Benign,BKL,0,80.0,female,,train
ISIC_1347520,IL_1024813,clinical,clinical: close-up,Malignant,SCCKA,1,70.0,female,upper extremity,train
ISIC_6078508,IL_1024813,dermoscopic,dermoscopic,Malignant,SCCKA,1,70.0,female,upper extremity,train
ISIC_0282478,IL_1025341,clinical,clinical: close-up,Malignant,BCC,1,70.0,male,,train
ISIC_5033470,IL_1025341,dermoscopic,dermoscopic,Malignant,BCC,1,70.0,male,,train
ISIC_3225587,IL_1027638,clinical,clinical: close-up,Malignant,MEL,1,55.0,female,,train
ISIC_5093839,IL_1027638,dermoscopic,dermoscopic,Malignant,MEL,1,55.0,female,,train
ISIC_5314319,IL_1030040,clinical,clinical: close-up,Benign,NV,0,65.0,male,,train
ISIC_1408695,IL_1030040,dermoscopic,dermoscopic,Benign,NV,0,65.0,male,,train
ISIC_3906432,IL_1030535,clinical,clinical: close-up,Malignant,BCC,1,70.0,female,upper extremity,train
ISIC_1740962,IL_1030535,dermoscopic,dermoscopic,Malignant,BCC,1,70.0,female,upper extremity,train
ISIC_0782621,IL_1030671,clinical,clinical: close-up,Malignant,MEL,1,30.0,male,head/neck,train
ISIC_6691676,IL_1030671,dermoscopic,dermoscopic,Malignant,MEL,1,30.0,male,head/neck,train
ISIC_3290988,IL_1037405,clinical,clinical: close-up,Benign,INF,0,25.0,female,head/neck,train
ISIC_6323263,IL_1037405,dermoscopic,dermoscopic,Benign,INF,0,25.0,female,head/neck,train
ISIC_8159044,IL_1037790,clinical,clinical: close-up,Benign,NV,0,45.0,female,lower extremity,train
ISIC_4700918,IL_1037790,dermoscopic,dermoscopic,Benign,NV,0,45.0,female,lower extremity,train
ISIC_9310886,IL_1042146,clinical,clinical: close-up,Malignant,BCC,1,55.0,female,upper extremity,train
ISIC_3158315,IL_1042146,dermoscopic,dermoscopic,Malignant,BCC,1,55.0,female,upper extremity,train
ISIC_3273746,IL_1046735,clinical,clinical: close-up,Malignant,BCC,1,75.0,female,head/neck,train
ISIC_4277959,IL_1046735,dermoscopic,dermoscopic,Malignant,BCC,1,75.0,female,head/neck,train
ISIC_1895014,IL_1049569,clinical,clinical: close-up,Malignant,BCC,1,75.0,female,,train
ISIC_6288293,IL_1049569,dermoscopic,dermoscopic,Malignant,BCC,1,75.0,female,,train
ISIC_6846246,IL_1057278,clinical,clinical: close-up,Malignant,BCC,1,70.0,male,upper extremity,train
ISIC_1485174,IL_1057278,dermoscopic,dermoscopic,Malignant,BCC,1,70.0,male,upper extremity,train
ISIC_3994760,IL_1057711,clinical,clinical: close-up,Benign,NV,0,35.0,male,,train
ISIC_8012264,IL_1057711,dermoscopic,dermoscopic,Benign,NV,0,35.0,male,,train
ISIC_5423101,IL_1058871,clinical,clinical: close-up,Malignant,BCC,1,35.0,female,head/neck,train
ISIC_0777452,IL_1058871,dermoscopic,dermoscopic,Malignant,BCC,1,35.0,female,head/neck,train
ISIC_0363002,IL_1059300,clinical,clinical: close-up,Benign,BKL,0,75.0,male,,train
ISIC_5854998,IL_1059300,dermoscopic,dermoscopic,Benign,BKL,0,75.0,male,,train
ISIC_0572831,IL_1062224,clinical,clinical: close-up,Benign,NV,0,30.0,female,,train
ISIC_5744011,IL_1062224,dermoscopic,dermoscopic,Benign,NV,0,30.0,female,,train
ISIC_9776410,IL_1065158,clinical,clinical: close-up,Malignant,MEL,1,50.0,male,,train
ISIC_9875364,IL_1065158,dermoscopic,dermoscopic,Malignant,MEL,1,50.0,male,,train
ISIC_7789919,IL_1065532,clinical,clinical: close-up,Malignant,BCC,1,80.0,female,head/neck,train
ISIC_3003010,IL_1065532,dermoscopic,dermoscopic,Malignant,BCC,1,80.0,female,head/neck,train
ISIC_8830776,IL_1066260,clinical,clinical: close-up,Benign,NV,0,25.0,female,,train
ISIC_4228893,IL_1066260,dermoscopic,dermoscopic,Benign,NV,0,25.0,female,,train
ISIC_3836605,IL_1066401,clinical,clinical: close-up,Malignant,SCCKA,1,70.0,male,head/neck,train
ISIC_3040289,IL_1066401,dermoscopic,dermoscopic,Malignant,SCCKA,1,70.0,male,head/neck,train
ISIC_2952159,IL_1066586,clinical,clinical: close-up,Malignant,BCC,1,60.0,male,head/neck,train
ISIC_2945370,IL_1066586,dermoscopic,dermoscopic,Malignant,BCC,1,60.0,male,head/neck,train
ISIC_3428379,IL_1075637,clinical,clinical: close-up,Benign,BEN_OTH,0,40.0,male,,train
ISIC_3303065,IL_1075637,dermoscopic,dermoscopic,Benign,BEN_OTH,0,40.0,male,,train
ISIC_8949240,IL_1075649,clinical,clinical: close-up,Malignant,MEL,1,40.0,female,lower extremity,train
ISIC_2337998,IL_1075649,dermoscopic,dermoscopic,Malignant,MEL,1,40.0,female,lower extremity,train
ISIC_9260804,IL_1075740,clinical,clinical: close-up,Malignant,MEL,1,70.0,female,upper extremity,train
ISIC_1264034,IL_1075740,dermoscopic,dermoscopic,Malignant,MEL,1,70.0,female,upper extremity,train
ISIC_3861067,IL_1077791,clinical,clinical: close-up,Malignant,SCCKA,1,80.0,male,head/neck,train
ISIC_3445145,IL_1077791,dermoscopic,dermoscopic,Malignant,SCCKA,1,80.0,male,head/neck,train
ISIC_4759275,IL_1082732,clinical,clinical: close-up,Benign,BKL,0,60.0,male,lower extremity,train
ISIC_7516346,IL_1082732,dermoscopic,dermoscopic,Benign,BKL,0,60.0,male,lower extremity,train
ISIC_0754291,IL_1085478,clinical,clinical: close-up,Indeterminate,AKIEC,1,35.0,female,head/neck,train
ISIC_1338697,IL_1085478,dermoscopic,dermoscopic,Indeterminate,AKIEC,1,35.0,female,head/neck,train
ISIC_6187812,IL_1087504,clinical,clinical: close-up,Benign,NV,0,45.0,female,lower extremity,train
ISIC_1763947,IL_1087504,dermoscopic,dermoscopic,Benign,NV,0,45.0,female,lower extremity,train
ISIC_7500706,IL_1088813,clinical,clinical: close-up,Malignant,BCC,1,75.0,female,lower extremity,train
ISIC_5780488,IL_1088813,dermoscopic,dermoscopic,Malignant,BCC,1,75.0,female,lower extremity,train
ISIC_5881643,IL_1094162,clinical,clinical: close-up,Malignant,BCC,1,65.0,male,lower extremity,train
ISIC_6457111,IL_1094162,dermoscopic,dermoscopic,Malignant,BCC,1,65.0,male,lower extremity,train
ISIC_2495960,IL_1098569,clinical,clinical: close-up,Malignant,BCC,1,60.0,female,head/neck,train
ISIC_2324691,IL_1098569,dermoscopic,dermoscopic,Malignant,BCC,1,60.0,female,head/neck,train
ISIC_4900087,IL_1099248,clinical,clinical: close-up,Malignant,BCC,1,55.0,male,upper extremity,train
ISIC_4494886,IL_1099248,dermoscopic,dermoscopic,Malignant,BCC,1,55.0,male,upper extremity,train
ISIC_3408726,IL_1102266,clinical,clinical: close-up,Malignant,MEL,1,85.0,female,lower extremity,train
ISIC_0450792,IL_1102266,dermoscopic,dermoscopic,Malignant,MEL,1,85.0,female,lower extremity,train
ISIC_2585061,IL_1105307,clinical,clinical: close-up,Benign,NV,0,45.0,male,upper extremity,train
ISIC_8121619,IL_1105307,dermoscopic,dermoscopic,Benign,NV,0,45.0,male,upper extremity,train
ISIC_0441214,IL_1110847,clinical,clinical: close-up,Benign,BKL,0,60.0,male,head/neck,train
ISIC_3410251,IL_1110847,dermoscopic,dermoscopic,Benign,BKL,0,60.0,male,head/neck,train
ISIC_9107874,IL_1116868,clinical,clinical: close-up,Benign,BKL,0,45.0,male,,train
ISIC_2183795,IL_1116868,dermoscopic,dermoscopic,Benign,BKL,0,45.0,male,,train
ISIC_6556418,IL_1118490,clinical,clinical: close-up,Malignant,BCC,1,80.0,male,,train
ISIC_9268464,IL_1118490,dermoscopic,dermoscopic,Malignant,BCC,1,80.0,male,,train
ISIC_0719228,IL_1122341,clinical,clinical: close-up,Malignant,BCC,1,70.0,female,lower extremity,train
ISIC_0666405,IL_1122341,dermoscopic,dermoscopic,Malignant,BCC,1,70.0,female,lower extremity,train
ISIC_4480429,IL_1122729,clinical,clinical: close-up,Malignant,AKIEC,1,75.0,male,,train
ISIC_6938390,IL_1122729,dermoscopic,dermoscopic,Malignant,AKIEC,1,75.0,male,,train
ISIC_3496072,IL_1127308,clinical,clinical: close-up,Malignant,SCCKA,1,65.0,male,head/neck,train
ISIC_5064865,IL_1127308,dermoscopic,dermoscopic,Malignant,SCCKA,1,65.0,male,head/neck,train
ISIC_2579863,IL_1128310,clinical,clinical: close-up,Malignant,BCC,1,55.0,male,,train
ISIC_7504308,IL_1128310,dermoscopic,dermoscopic,Malignant,BCC,1,55.0,male,,train
ISIC_8597788,IL_1131642,clinical,clinical: close-up,Malignant,BCC,1,50.0,male,,train
ISIC_2567925,IL_1131642,dermoscopic,dermoscopic,Malignant,BCC,1,50.0,male,,train
ISIC_1990181,IL_1133754,clinical,clinical: close-up,Malignant,BCC,1,75.0,male,,train
ISIC_1379351,IL_1133754,dermoscopic,dermoscopic,Malignant,BCC,1,75.0,male,,train
ISIC_2188105,IL_1139231,clinical,clinical: close-up,Benign,NV,0,55.0,male,,train
ISIC_3866655,IL_1139231,dermoscopic,dermoscopic,Benign,NV,0,55.0,male,,train
ISIC_2903873,IL_1140654,clinical,clinical: close-up,Malignant,BCC,1,70.0,female,,train
ISIC_6638547,IL_1140654,dermoscopic,dermoscopic,Malignant,BCC,1,70.0,female,,train
ISIC_1282117,IL_1151731,clinical,clinical: close-up,Malignant,BCC,1,70.0,male,head/neck,train
ISIC_3468250,IL_1151731,dermoscopic,dermoscopic,Malignant,BCC,1,70.0,male,head/neck,train
ISIC_7761513,IL_1152647,clinical,clinical: close-up,Benign,BKL,0,60.0,female,lower extremity,train
ISIC_0314216,IL_1152647,dermoscopic,dermoscopic,Benign,BKL,0,60.0,female,lower extremity,train
ISIC_9486029,IL_1159424,clinical,clinical: close-up,Malignant,MEL,1,60.0,male,,train
ISIC_4312494,IL_1159424,dermoscopic,dermoscopic,Malignant,MEL,1,60.0,male,,train
ISIC_3491198,IL_1166072,clinical,clinical: close-up,Malignant,BCC,1,65.0,male,,train
ISIC_7110025,IL_1166072,dermoscopic,dermoscopic,Malignant,BCC,1,65.0,male,,train
ISIC_0229794,IL_1167409,clinical,clinical: close-up,Malignant,BCC,1,75.0,male,upper extremity,train
ISIC_6982597,IL_1167409,dermoscopic,dermoscopic,Malignant,BCC,1,75.0,male,upper extremity,train
ISIC_0809957,IL_1174594,clinical,clinical: close-up,Benign,BKL,0,50.0,male,,train
ISIC_4497112,IL_1174594,dermoscopic,dermoscopic,Benign,BKL,0,50.0,male,,train
ISIC_1212172,IL_1175004,clinical,clinical: close-up,Malignant,BCC,1,25.0,male,head/neck,train
ISIC_5132630,IL_1175004,dermoscopic,dermoscopic,Malignant,BCC,1,25.0,male,head/neck,train
ISIC_0114709,IL_1176036,clinical,clinical: close-up,Malignant,SCCKA,1,65.0,female,lower extremity,train
ISIC_4911521,IL_1176036,dermoscopic,dermoscopic,Malignant,SCCKA,1,65.0,female,lower extremity,train
ISIC_1347975,IL_1178215,clinical,clinical: close-up,Benign,NV,0,40.0,female,,train
ISIC_6503533,IL_1178215,dermoscopic,dermoscopic,Benign,NV,0,40.0,female,,train
ISIC_9083944,IL_1178770,clinical,clinical: close-up,Malignant,SCCKA,1,80.0,female,upper extremity,train
ISIC_9447454,IL_1178770,dermoscopic,dermoscopic,Malignant,SCCKA,1,80.0,female,upper extremity,train
ISIC_7928247,IL_1184743,clinical,clinical: close-up,Malignant,BCC,1,70.0,female,,train
ISIC_7821150,IL_1184743,dermoscopic,dermoscopic,Malignant,BCC,1,70.0,female,,train
ISIC_3707347,IL_1187197,clinical,clinical: close-up,Benign,BKL,0,50.0,female,,train
ISIC_7713646,IL_1187197,dermoscopic,dermoscopic,Benign,BKL,0,50.0,female,,train
ISIC_9004284,IL_1188935,clinical,clinical: close-up,Benign,BKL,0,70.0,female,,train
ISIC_5836698,IL_1188935,dermoscopic,dermoscopic,Benign,BKL,0,70.0,female,,train
ISIC_6566937,IL_1192220,clinical,clinical: close-up,Malignant,BCC,1,70.0,male,lower extremity,train
ISIC_2321009,IL_1192220,dermoscopic,dermoscopic,Malignant,BCC,1,70.0,male,lower extremity,train
ISIC_5329894,IL_1203056,clinical,clinical: close-up,Benign,NV,0,50.0,female,lower extremity,train
ISIC_4679707,IL_1203056,dermoscopic,dermoscopic,Benign,NV,0,50.0,female,lower extremity,train
ISIC_6866490,IL_1211911,clinical,clinical: close-up,Malignant,SCCKA,1,80.0,male,upper extremity,train
ISIC_9003113,IL_1211911,dermoscopic,dermoscopic,Malignant,SCCKA,1,80.0,male,upper extremity,train
ISIC_2784330,IL_1212389,clinical,clinical: close-up,Malignant,MEL,1,60.0,male,upper extremity,train
ISIC_7656591,IL_1212389,dermoscopic,dermoscopic,Malignant,MEL,1,60.0,male,upper extremity,train
ISIC_0622255,IL_1214545,clinical,clinical: close-up,Malignant,SCCKA,1,60.0,male,lower extremity,train
ISIC_7320276,IL_1214545,dermoscopic,dermoscopic,Malignant,SCCKA,1,60.0,male,lower extremity,train
ISIC_1916171,IL_1222046,clinical,clinical: close-up,Benign,BEN_OTH,0,70.0,male,head/neck,train
ISIC_4385584,IL_1222046,dermoscopic,dermoscopic,Benign,BEN_OTH,0,70.0,male,head/neck,train
ISIC_2704222,IL_1222860,clinical,clinical: close-up,Malignant,BCC,1,60.0,male,,train
ISIC_4885574,IL_1222860,dermoscopic,dermoscopic,Malignant,BCC,1,60.0,male,,train
ISIC_9956546,IL_1223574,clinical,clinical: close-up,Malignant,BCC,1,60.0,female,,train
ISIC_8365405,IL_1223574,dermoscopic,dermoscopic,Malignant,BCC,1,60.0,female,,train
ISIC_9121967,IL_1225900,clinical,clinical: close-up,Malignant,BCC,1,55.0,male,head/neck,train
ISIC_2847750,IL_1225900,dermoscopic,dermoscopic,Malignant,BCC,1,55.0,male,head/neck,train
ISIC_0755062,IL_1240049,clinical,clinical: close-up,Benign,NV,0,75.0,male,,train
ISIC_8307786,IL_1240049,dermoscopic,dermoscopic,Benign,NV,0,75.0,male,,train
ISIC_2211437,IL_1249286,clinical,clinical: close-up,Malignant,MEL,1,70.0,male,,train
ISIC_8436767,IL_1249286,dermoscopic,dermoscopic,Malignant,MEL,1,70.0,male,,train
ISIC_4509507,IL_1252231,clinical,clinical: close-up,Malignant,BCC,1,75.0,male,lower extremity,train
ISIC_5373218,IL_1252231,dermoscopic,dermoscopic,Malignant,BCC,1,75.0,male,lower extremity,train
ISIC_4283540,IL_1253074,clinical,clinical: close-up,Malignant,BCC,1,60.0,male,,train
ISIC_1090781,IL_1253074,dermoscopic,dermoscopic,Malignant,BCC,1,60.0,male,,train
ISIC_5416823,IL_1254806,clinical,clinical: close-up,Benign,BKL,0,65.0,female,head/neck,train
ISIC_8260850,IL_1254806,dermoscopic,dermoscopic,Benign,BKL,0,65.0,female,head/neck,train
ISIC_8236818,IL_1259120,clinical,clinical: close-up,Malignant,BCC,1,65.0,male,upper extremity,train
ISIC_7362585,IL_1259120,dermoscopic,dermoscopic,Malignant,BCC,1,65.0,male,upper extremity,train
ISIC_9747544,IL_1263439,clinical,clinical: close-up,Benign,NV,0,50.0,male,,train
ISIC_2100757,IL_1263439,dermoscopic,dermoscopic,Benign,NV,0,50.0,male,,train
ISIC_3289736,IL_1264405,clinical,clinical: close-up,Benign,NV,0,25.0,male,head/neck,train
ISIC_2235918,IL_1264405,dermoscopic,dermoscopic,Benign,NV,0,25.0,male,head/neck,train
ISIC_5315022,IL_1272138,clinical,clinical: close-up,Malignant,BCC,1,45.0,female,,train
ISIC_4429544,IL_1272138,dermoscopic,dermoscopic,Malignant,BCC,1,45.0,female,,train
ISIC_1947250,IL_1272170,clinical,clinical: close-up,Malignant,BCC,1,65.0,male,,train
ISIC_6771998,IL_1272170,dermoscopic,dermoscopic,Malignant,BCC,1,65.0,male,,train
ISIC_5918971,IL_1274050,clinical,clinical: close-up,Benign,BKL,0,40.0,male,upper extremity,train
ISIC_6470630,IL_1274050,dermoscopic,dermoscopic,Benign,BKL,0,40.0,male,upper extremity,train
ISIC_2427847,IL_1274055,clinical,clinical: close-up,Benign,DF,0,30.0,male,lower extremity,train
ISIC_1724838,IL_1274055,dermoscopic,dermoscopic,Benign,DF,0,30.0,male,lower extremity,train
ISIC_5803437,IL_1277363,clinical,clinical: close-up,Malignant,BCC,1,65.0,female,,train
ISIC_1373637,IL_1277363,dermoscopic,dermoscopic,Malignant,BCC,1,65.0,female,,train
ISIC_0612793,IL_1283249,clinical,clinical: close-up,Malignant,BCC,1,75.0,male,,train
ISIC_6970909,IL_1283249,dermoscopic,dermoscopic,Malignant,BCC,1,75.0,male,,train
ISIC_6002458,IL_1287592,clinical,clinical: close-up,Indeterminate,AKIEC,1,80.0,female,head/neck,train
ISIC_2093906,IL_1287592,dermoscopic,dermoscopic,Indeterminate,AKIEC,1,80.0,female,head/neck,train
ISIC_6359039,IL_1288672,clinical,clinical: close-up,Malignant,BCC,1,60.0,male,,train
ISIC_4729676,IL_1288672,dermoscopic,dermoscopic,Malignant,BCC,1,60.0,male,,train
ISIC_6277936,IL_1289201,clinical,clinical: close-up,Malignant,AKIEC,1,60.0,male,upper extremity,train
ISIC_9989889,IL_1289201,dermoscopic,dermoscopic,Malignant,AKIEC,1,60.0,male,upper extremity,train
ISIC_9544557,IL_1300499,clinical,clinical: close-up,Malignant,MEL,1,55.0,male,upper extremity,train
ISIC_4282506,IL_1300499,dermoscopic,dermoscopic,Malignant,MEL,1,55.0,male,upper extremity,train
ISIC_7057641,IL_1300657,clinical,clinical: close-up,Malignant,BCC,1,40.0,male,head/neck,train
ISIC_1237960,IL_1300657,dermoscopic,dermoscopic,Malignant,BCC,1,40.0,male,head/neck,train
ISIC_2714655,IL_1305031,clinical,clinical: close-up,Malignant,BCC,1,80.0,female,head/neck,train
ISIC_4857268,IL_1305031,dermoscopic,dermoscopic,Malignant,BCC,1,80.0,female,head/neck,train
ISIC_7390604,IL_1311157,clinical,clinical: close-up,Malignant,BCC,1,70.0,male,,train
ISIC_3504270,IL_1311157,dermoscopic,dermoscopic,Malignant,BCC,1,70.0,male,,train
ISIC_3877894,IL_1313145,clinical,clinical: close-up,Benign,BKL,0,55.0,male,,train
ISIC_2846167,IL_1313145,dermoscopic,dermoscopic,Benign,BKL,0,55.0,male,,train
ISIC_3442516,IL_1313650,clinical,clinical: close-up,Malignant,SCCKA,1,50.0,male,upper extremity,train
ISIC_0958356,IL_1313650,dermoscopic,dermoscopic,Malignant,SCCKA,1,50.0,male,upper extremity,train
ISIC_0149062,IL_1314107,clinical,clinical: close-up,Malignant,BCC,1,85.0,female,lower extremity,train
ISIC_6028688,IL_1314107,dermoscopic,dermoscopic,Malignant,BCC,1,85.0,female,lower extremity,train
ISIC_0463510,IL_1314832,clinical,clinical: close-up,Malignant,SCCKA,1,75.0,female,head/neck,train
ISIC_9945392,IL_1314832,dermoscopic,dermoscopic,Malignant,SCCKA,1,75.0,female,head/neck,train
ISIC_6862130,IL_1320390,clinical,clinical: close-up,Malignant,MEL,1,55.0,male,,train
ISIC_2930366,IL_1320390,dermoscopic,dermoscopic,Malignant,MEL,1,55.0,male,,train
ISIC_6595434,IL_1320717,clinical,clinical: close-up,Malignant,SCCKA,1,85.0,male,head/neck,train
ISIC_7359025,IL_1320717,dermoscopic,dermoscopic,Malignant,SCCKA,1,85.0,male,head/neck,train
ISIC_5542563,IL_1327367,clinical,clinical: close-up,Benign,BKL,0,65.0,female,lower extremity,train
ISIC_9411450,IL_1327367,dermoscopic,dermoscopic,Benign,BKL,0,65.0,female,lower extremity,train
ISIC_3303900,IL_1330840,clinical,clinical: close-up,Malignant,BCC,1,85.0,male,head/neck,train
ISIC_8516115,IL_1330840,dermoscopic,dermoscopic,Malignant,BCC,1,85.0,male,head/neck,train
ISIC_3590619,IL_1337093,clinical,clinical: close-up,Malignant,BCC,1,75.0,male,,train
ISIC_0822220,IL_1337093,dermoscopic,dermoscopic,Malignant,BCC,1,75.0,male,,train
ISIC_0658837,IL_1345766,clinical,clinical: close-up,Benign,BEN_OTH,0,50.0,male,,train
ISIC_0423217,IL_1345766,dermoscopic,dermoscopic,Benign,BEN_OTH,0,50.0,male,,train
ISIC_4713478,IL_1346442,clinical,clinical: close-up,Malignant,BCC,1,75.0,female,,train
ISIC_8430655,IL_1346442,dermoscopic,dermoscopic,Malignant,BCC,1,75.0,female,,train
ISIC_9640973,IL_1348391,clinical,clinical: close-up,Malignant,BCC,1,60.0,male,head/neck,train
ISIC_9586937,IL_1348391,dermoscopic,dermoscopic,Malignant,BCC,1,60.0,male,head/neck,train
ISIC_0746532,IL_1350763,clinical,clinical: close-up,Malignant,AKIEC,1,70.0,male,,train
ISIC_5092515,IL_1350763,dermoscopic,dermoscopic,Malignant,AKIEC,1,70.0,male,,train
ISIC_5403927,IL_1353803,clinical,clinical: close-up,Benign,BKL,0,70.0,male,,train
ISIC_5995935,IL_1353803,dermoscopic,dermoscopic,Benign,BKL,0,70.0,male,,train
ISIC_2330723,IL_1355090,clinical,clinical: close-up,Benign,NV,0,55.0,female,lower extremity,train
ISIC_6023245,IL_1355090,dermoscopic,dermoscopic,Benign,NV,0,55.0,female,lower extremity,train
ISIC_7497017,IL_1356310,clinical,clinical: close-up,Malignant,BCC,1,65.0,male,,train
ISIC_4471113,IL_1356310,dermoscopic,dermoscopic,Malignant,BCC,1,65.0,male,,train
ISIC_3211369,IL_1361358,clinical,clinical: close-up,Malignant,BCC,1,60.0,female,upper extremity,train
ISIC_2832853,IL_1361358,dermoscopic,dermoscopic,Malignant,BCC,1,60.0,female,upper extremity,train
ISIC_7342682,IL_1367516,clinical,clinical: close-up,Malignant,SCCKA,1,80.0,female,upper extremity,train
ISIC_0442866,IL_1367516,dermoscopic,dermoscopic,Malignant,SCCKA,1,80.0,female,upper extremity,train
ISIC_4862456,IL_1370183,clinical,clinical: close-up,Malignant,SCCKA,1,45.0,male,upper extremity,train
ISIC_1014424,IL_1370183,dermoscopic,dermoscopic,Malignant,SCCKA,1,45.0,male,upper extremity,train
ISIC_2148940,IL_1379461,clinical,clinical: close-up,Malignant,BCC,1,30.0,male,head/neck,train
ISIC_3304699,IL_1379461,dermoscopic,dermoscopic,Malignant,BCC,1,30.0,male,head/neck,train
ISIC_0381913,IL_1381975,clinical,clinical: close-up,Malignant,BCC,1,60.0,male,,train
ISIC_6325623,IL_1381975,dermoscopic,dermoscopic,Malignant,BCC,1,60.0,male,,train
ISIC_7971759,IL_1387239,clinical,clinical: close-up,Malignant,BCC,1,70.0,male,,train
ISIC_9468437,IL_1387239,dermoscopic,dermoscopic,Malignant,BCC,1,70.0,male,,train
ISIC_5594942,IL_1391368,clinical,clinical: close-up,Malignant,SCCKA,1,85.0,male,head/neck,train
ISIC_2418437,IL_1391368,dermoscopic,dermoscopic,Malignant,SCCKA,1,85.0,male,head/neck,train
ISIC_4683384,IL_1393183,clinical,clinical: close-up,Malignant,BCC,1,60.0,female,,train
ISIC_7464071,IL_1393183,dermoscopic,dermoscopic,Malignant,BCC,1,60.0,female,,train
ISIC_6642568,IL_1393586,clinical,clinical: close-up,Malignant,AKIEC,1,45.0,male,upper extremity,train
ISIC_3178945,IL_1393586,dermoscopic,dermoscopic,Malignant,AKIEC,1,45.0,male,upper extremity,train
ISIC_4066448,IL_1393794,clinical,clinical: close-up,Malignant,BCC,1,75.0,female,,train
ISIC_1409004,IL_1393794,dermoscopic,dermoscopic,Malignant,BCC,1,75.0,female,,train
ISIC_2330431,IL_1394947,clinical,clinical: close-up,Malignant,BCC,1,70.0,female,head/neck,train
ISIC_2824759,IL_1394947,dermoscopic,dermoscopic,Malignant,BCC,1,70.0,female,head/neck,train
ISIC_6336649,IL_1397522,clinical,clinical: close-up,Malignant,BCC,1,70.0,female,lower extremity,train
ISIC_2590426,IL_1397522,dermoscopic,dermoscopic,Malignant,BCC,1,70.0,female,lower extremity,train
ISIC_2987655,IL_1399100,clinical,clinical: close-up,Malignant,BCC,1,75.0,male,head/neck,train
ISIC_2827093,IL_1399100,dermoscopic,dermoscopic,Malignant,BCC,1,75.0,male,head/neck,train
ISIC_1757520,IL_1403088,clinical,clinical: close-up,Malignant,BCC,1,45.0,male,,train
ISIC_6367931,IL_1403088,dermoscopic,dermoscopic,Malignant,BCC,1,45.0,male,,train
ISIC_2684838,IL_1404122,clinical,clinical: close-up,Benign,NV,0,15.0,male,,train
ISIC_0101767,IL_1404122,dermoscopic,dermoscopic,Benign,NV,0,15.0,male,,train
ISIC_3903505,IL_1405890,clinical,clinical: close-up,Malignant,MEL,1,55.0,female,upper extremity,train
ISIC_1653953,IL_1405890,dermoscopic,dermoscopic,Malignant,MEL,1,55.0,female,upper extremity,train
ISIC_3389976,IL_1406578,clinical,clinical: close-up,Malignant,BCC,1,70.0,female,upper extremity,train
ISIC_6672065,IL_1406578,dermoscopic,dermoscopic,Malignant,BCC,1,70.0,female,upper extremity,train
ISIC_1902287,IL_1407853,clinical,clinical: close-up,Benign,NV,0,30.0,female,,train
ISIC_9030826,IL_1407853,dermoscopic,dermoscopic,Benign,NV,0,30.0,female,,train
ISIC_2546414,IL_1409066,clinical,clinical: close-up,Malignant,BCC,1,80.0,male,,train
ISIC_8549775,IL_1409066,dermoscopic,dermoscopic,Malignant,BCC,1,80.0,male,,train
ISIC_6534601,IL_1416084,clinical,clinical: close-up,Malignant,BCC,1,45.0,female,head/neck,train
ISIC_2440983,IL_1416084,dermoscopic,dermoscopic,Malignant,BCC,1,45.0,female,head/neck,train
ISIC_3265828,IL_1418796,clinical,clinical: close-up,Benign,BKL,0,75.0,female,upper extremity,train
ISIC_2645530,IL_1418796,dermoscopic,dermoscopic,Benign,BKL,0,75.0,female,upper extremity,train
ISIC_0765311,IL_1427039,clinical,clinical: close-up,Malignant,MEL,1,55.0,female,head/neck,train
ISIC_2220505,IL_1427039,dermoscopic,dermoscopic,Malignant,MEL,1,55.0,female,head/neck,train
ISIC_4375630,IL_1427561,clinical,clinical: close-up,Benign,NV,0,45.0,female,head/neck,train
ISIC_0700335,IL_1427561,dermoscopic,dermoscopic,Benign,NV,0,45.0,female,head/neck,train
ISIC_5607974,IL_1434019,clinical,clinical: close-up,Benign,NV,0,30.0,female,head/neck,train
ISIC_3687721,IL_1434019,dermoscopic,dermoscopic,Benign,NV,0,30.0,female,head/neck,train
ISIC_8207675,IL_1436809,clinical,clinical: close-up,Malignant,BCC,1,65.0,male,,train
ISIC_3469837,IL_1436809,dermoscopic,dermoscopic,Malignant,BCC,1,65.0,male,,train
ISIC_6072439,IL_1437147,clinical,clinical: close-up,Benign,NV,0,50.0,male,,train
ISIC_8783624,IL_1437147,dermoscopic,dermoscopic,Benign,NV,0,50.0,male,,train
ISIC_5306039,IL_1438127,clinical,clinical: close-up,Malignant,BCC,1,70.0,male,head/neck,train
ISIC_4934707,IL_1438127,dermoscopic,dermoscopic,Malignant,BCC,1,70.0,male,head/neck,train
ISIC_0823916,IL_1439879,clinical,clinical: close-up,Malignant,BCC,1,50.0,male,,train
ISIC_8288141,IL_1439879,dermoscopic,dermoscopic,Malignant,BCC,1,50.0,male,,train
ISIC_4123715,IL_1443713,clinical,clinical: close-up,Malignant,BCC,1,70.0,female,,train
ISIC_7083773,IL_1443713,dermoscopic,dermoscopic,Malignant,BCC,1,70.0,female,,train
ISIC_2396618,IL_1445099,clinical,clinical: close-up,Malignant,MEL,1,70.0,male,,train
ISIC_5509679,IL_1445099,dermoscopic,dermoscopic,Malignant,MEL,1,70.0,male,,train
ISIC_8325885,IL_1452313,clinical,clinical: close-up,Malignant,BCC,1,50.0,female,,train
ISIC_6783253,IL_1452313,dermoscopic,dermoscopic,Malignant,BCC,1,50.0,female,,train
ISIC_4194507,IL_1453755,clinical,clinical: close-up,Malignant,SCCKA,1,70.0,male,,train
ISIC_0100523,IL_1453755,dermoscopic,dermoscopic,Malignant,SCCKA,1,70.0,male,,train
ISIC_1575643,IL_1461373,clinical,clinical: close-up,Malignant,BCC,1,60.0,male,,train
ISIC_2492745,IL_1461373,dermoscopic,dermoscopic,Malignant,BCC,1,60.0,male,,train
ISIC_8732830,IL_1468442,clinical,clinical: close-up,Malignant,SCCKA,1,75.0,male,upper extremity,train
ISIC_1001492,IL_1468442,dermoscopic,dermoscopic,Malignant,SCCKA,1,75.0,male,upper extremity,train
ISIC_6967255,IL_1470267,clinical,clinical: close-up,Malignant,BCC,1,55.0,male,,train
ISIC_7665103,IL_1470267,dermoscopic,dermoscopic,Malignant,BCC,1,55.0,male,,train
ISIC_6660770,IL_1470689,clinical,clinical: close-up,Malignant,BCC,1,55.0,male,lower extremity,train
ISIC_9992299,IL_1470689,dermoscopic,dermoscopic,Malignant,BCC,1,55.0,male,lower extremity,train
ISIC_1172471,IL_1477835,clinical,clinical: close-up,Benign,DF,0,35.0,male,,train
ISIC_7077229,IL_1477835,dermoscopic,dermoscopic,Benign,DF,0,35.0,male,,train
ISIC_6857013,IL_1478833,clinical,clinical: close-up,Malignant,MEL,1,85.0,male,lower extremity,train
ISIC_7200761,IL_1478833,dermoscopic,dermoscopic,Malignant,MEL,1,85.0,male,lower extremity,train
ISIC_5675115,IL_1484044,clinical,clinical: close-up,Benign,BKL,0,65.0,male,head/neck,train
ISIC_7374556,IL_1484044,dermoscopic,dermoscopic,Benign,BKL,0,65.0,male,head/neck,train
ISIC_4350109,IL_1485026,clinical,clinical: close-up,Malignant,BCC,1,60.0,male,head/neck,train
ISIC_0745953,IL_1485026,dermoscopic,dermoscopic,Malignant,BCC,1,60.0,male,head/neck,train
ISIC_2425477,IL_1486691,clinical,clinical: close-up,Indeterminate,AKIEC,1,75.0,male,head/neck,train
ISIC_0141634,IL_1486691,dermoscopic,dermoscopic,Indeterminate,AKIEC,1,75.0,male,head/neck,train
ISIC_0522356,IL_1492358,clinical,clinical: close-up,Malignant,BCC,1,75.0,male,head/neck,train
ISIC_0694740,IL_1492358,dermoscopic,dermoscopic,Malignant,BCC,1,75.0,male,head/neck,train
ISIC_5536536,IL_1496554,clinical,clinical: close-up,Malignant,SCCKA,1,80.0,male,lower extremity,train
ISIC_2716900,IL_1496554,dermoscopic,dermoscopic,Malignant,SCCKA,1,80.0,male,lower extremity,train
ISIC_8953004,IL_1501614,clinical,clinical: close-up,Malignant,AKIEC,1,80.0,male,head/neck,train
ISIC_6561654,IL_1501614,dermoscopic,dermoscopic,Malignant,AKIEC,1,80.0,male,head/neck,train
ISIC_4484804,IL_1504585,clinical,clinical: close-up,Benign,NV,0,50.0,male,,train
ISIC_5512440,IL_1504585,dermoscopic,dermoscopic,Benign,NV,0,50.0,male,,train
ISIC_0813563,IL_1504921,clinical,clinical: close-up,Malignant,AKIEC,1,65.0,male,head/neck,train
ISIC_7063713,IL_1504921,dermoscopic,dermoscopic,Malignant,AKIEC,1,65.0,male,head/neck,train
ISIC_6914473,IL_1509738,clinical,clinical: close-up,Malignant,BCC,1,60.0,female,head/neck,train
ISIC_9038494,IL_1509738,dermoscopic,dermoscopic,Malignant,BCC,1,60.0,female,head/neck,train
ISIC_3833952,IL_1509760,clinical,clinical: close-up,Malignant,BCC,1,85.0,female,head/neck,train
ISIC_5901436,IL_1509760,dermoscopic,dermoscopic,Malignant,BCC,1,85.0,female,head/neck,train
ISIC_7744368,IL_1511744,clinical,clinical: close-up,Malignant,BCC,1,80.0,male,,train
ISIC_4306480,IL_1511744,dermoscopic,dermoscopic,Malignant,BCC,1,80.0,male,,train
ISIC_1386630,IL_1512724,clinical,clinical: close-up,Benign,NV,0,80.0,male,upper extremity,train
ISIC_7335595,IL_1512724,dermoscopic,dermoscopic,Benign,NV,0,80.0,male,upper extremity,train
ISIC_2380836,IL_1517338,clinical,clinical: close-up,Malignant,SCCKA,1,60.0,male,head/neck,train
ISIC_2302262,IL_1517338,dermoscopic,dermoscopic,Malignant,SCCKA,1,60.0,male,head/neck,train
ISIC_4621745,IL_1528983,clinical,clinical: close-up,Malignant,BCC,1,85.0,male,,train
ISIC_7061593,IL_1528983,dermoscopic,dermoscopic,Malignant,BCC,1,85.0,male,,train
ISIC_4640643,IL_1529488,clinical,clinical: close-up,Malignant,BCC,1,75.0,female,head/neck,train
ISIC_3002045,IL_1529488,dermoscopic,dermoscopic,Malignant,BCC,1,75.0,female,head/neck,train
ISIC_1059467,IL_1530235,clinical,clinical: close-up,Benign,BKL,0,60.0,male,,train
ISIC_2355114,IL_1530235,dermoscopic,dermoscopic,Benign,BKL,0,60.0,male,,train
ISIC_1711494,IL_1538395,clinical,clinical: close-up,Malignant,SCCKA,1,85.0,female,head/neck,train
ISIC_8619763,IL_1538395,dermoscopic,dermoscopic,Malignant,SCCKA,1,85.0,female,head/neck,train
ISIC_4474327,IL_1538944,clinical,clinical: close-up,Benign,NV,0,40.0,male,,train
ISIC_0684627,IL_1538944,dermoscopic,dermoscopic,Benign,NV,0,40.0,male,,train
ISIC_0907716,IL_1539562,clinical,clinical: close-up,Benign,BKL,0,65.0,male,head/neck,train
ISIC_0950495,IL_1539562,dermoscopic,dermoscopic,Benign,BKL,0,65.0,male,head/neck,train
ISIC_5135848,IL_1544139,clinical,clinical: close-up,Malignant,SCCKA,1,50.0,male,,train
ISIC_2919752,IL_1544139,dermoscopic,dermoscopic,Malignant,SCCKA,1,50.0,male,,train
ISIC_0377418,IL_1555108,clinical,clinical: close-up,Benign,BEN_OTH,0,75.0,male,,train
ISIC_4216061,IL_1555108,dermoscopic,dermoscopic,Benign,BEN_OTH,0,75.0,male,,train
ISIC_6318075,IL_1556034,clinical,clinical: close-up,Benign,VASC,0,85.0,male,lower extremity,train
ISIC_7134919,IL_1556034,dermoscopic,dermoscopic,Benign,VASC,0,85.0,male,lower extremity,train
ISIC_8390299,IL_1557433,clinical,clinical: close-up,Malignant,BCC,1,70.0,male,,train
ISIC_1826564,IL_1557433,dermoscopic,dermoscopic,Malignant,BCC,1,70.0,male,,train
ISIC_3459198,IL_1558791,clinical,clinical: close-up,Malignant,BCC,1,80.0,male,head/neck,train
ISIC_0519768,IL_1558791,dermoscopic,dermoscopic,Malignant,BCC,1,80.0,male,head/neck,train
ISIC_0914299,IL_1561326,clinical,clinical: close-up,Malignant,BCC,1,65.0,female,,train
ISIC_3965502,IL_1561326,dermoscopic,dermoscopic,Malignant,BCC,1,65.0,female,,train
ISIC_0185358,IL_1562251,clinical,clinical: close-up,Malignant,BCC,1,75.0,male,,train
ISIC_4391227,IL_1562251,dermoscopic,dermoscopic,Malignant,BCC,1,75.0,male,,train
ISIC_9489767,IL_1565255,clinical,clinical: close-up,Malignant,BCC,1,50.0,male,,train
ISIC_0881507,IL_1565255,dermoscopic,dermoscopic,Malignant,BCC,1,50.0,male,,train
ISIC_4313961,IL_1565429,clinical,clinical: close-up,Malignant,BCC,1,70.0,male,,train
ISIC_9424882,IL_1565429,dermoscopic,dermoscopic,Malignant,BCC,1,70.0,male,,train
ISIC_9465394,IL_1567666,clinical,clinical: close-up,Benign,NV,0,65.0,male,,train
ISIC_8313343,IL_1567666,dermoscopic,dermoscopic,Benign,NV,0,65.0,male,,train
ISIC_5588711,IL_1569334,clinical,clinical: close-up,Benign,NV,0,35.0,male,,train
ISIC_1821539,IL_1569334,dermoscopic,dermoscopic,Benign,NV,0,35.0,male,,train
ISIC_0255886,IL_1569644,clinical,clinical: close-up,Malignant,BCC,1,80.0,male,,train
ISIC_1462492,IL_1569644,dermoscopic,dermoscopic,Malignant,BCC,1,80.0,male,,train
ISIC_2762745,IL_1571556,clinical,clinical: close-up,Benign,BKL,0,70.0,female,,train
ISIC_8832843,IL_1571556,dermoscopic,dermoscopic,Benign,BKL,0,70.0,female,,train
ISIC_9794743,IL_1572653,clinical,clinical: close-up,Benign,BKL,0,80.0,female,,train
ISIC_4929586,IL_1572653,dermoscopic,dermoscopic,Benign,BKL,0,80.0,female,,train
ISIC_2667471,IL_1575936,clinical,clinical: close-up,Malignant,BCC,1,75.0,female,head/neck,train
ISIC_5947248,IL_1575936,dermoscopic,dermoscopic,Malignant,BCC,1,75.0,female,head/neck,train
ISIC_8064864,IL_1577299,clinical,clinical: close-up,Malignant,AKIEC,1,80.0,female,head/neck,train
ISIC_9254710,IL_1577299,dermoscopic,dermoscopic,Malignant,AKIEC,1,80.0,female,head/neck,train
ISIC_8318215,IL_1587748,clinical,clinical: close-up,Malignant,BCC,1,70.0,male,head/neck,train
ISIC_2868713,IL_1587748,dermoscopic,dermoscopic,Malignant,BCC,1,70.0,male,head/neck,train
ISIC_9269238,IL_1592850,clinical,clinical: close-up,Benign,BKL,0,70.0,male,head/neck,train
ISIC_9139090,IL_1592850,dermoscopic,dermoscopic,Benign,BKL,0,70.0,male,head/neck,train
ISIC_2462068,IL_1606035,clinical,clinical: close-up,Malignant,SCCKA,1,65.0,male,,train
ISIC_7614845,IL_1606035,dermoscopic,dermoscopic,Malignant,SCCKA,1,65.0,male,,train
ISIC_4171479,IL_1606661,clinical,clinical: close-up,Benign,NV,0,25.0,male,,train
ISIC_2174727,IL_1606661,dermoscopic,dermoscopic,Benign,NV,0,25.0,male,,train
ISIC_6908565,IL_1608004,clinical,clinical: close-up,Indeterminate,AKIEC,1,60.0,male,upper extremity,train
ISIC_8254063,IL_1608004,dermoscopic,dermoscopic,Indeterminate,AKIEC,1,60.0,male,upper extremity,train
ISIC_4285661,IL_1608050,clinical,clinical: close-up,Malignant,BCC,1,35.0,female,,train
ISIC_2116783,IL_1608050,dermoscopic,dermoscopic,Malignant,BCC,1,35.0,female,,train
ISIC_4071634,IL_1608100,clinical,clinical: close-up,Benign,NV,0,45.0,female,upper extremity,train
ISIC_2970971,IL_1608100,dermoscopic,dermoscopic,Benign,NV,0,45.0,female,upper extremity,train
ISIC_7778485,IL_1609531,clinical,clinical: close-up,Malignant,BCC,1,55.0,male,upper extremity,train
ISIC_5224246,IL_1609531,dermoscopic,dermoscopic,Malignant,BCC,1,55.0,male,upper extremity,train
ISIC_3021033,IL_1610839,clinical,clinical: close-up,Malignant,BCC,1,65.0,female,,train
ISIC_9518414,IL_1610839,dermoscopic,dermoscopic,Malignant,BCC,1,65.0,female,,train
ISIC_8079388,IL_1611761,clinical,clinical: close-up,Malignant,SCCKA,1,85.0,male,head/neck,train
ISIC_7184709,IL_1611761,dermoscopic,dermoscopic,Malignant,SCCKA,1,85.0,male,head/neck,train
ISIC_8693433,IL_1618054,clinical,clinical: close-up,Benign,NV,0,65.0,female,lower extremity,train
ISIC_3460141,IL_1618054,dermoscopic,dermoscopic,Benign,NV,0,65.0,female,lower extremity,train
ISIC_7559808,IL_1618777,clinical,clinical: close-up,Benign,BKL,0,75.0,female,,train
ISIC_5255131,IL_1618777,dermoscopic,dermoscopic,Benign,BKL,0,75.0,female,,train
ISIC_1129242,IL_1621058,clinical,clinical: close-up,Malignant,MEL,1,50.0,male,,train
ISIC_9658944,IL_1621058,dermoscopic,dermoscopic,Malignant,MEL,1,50.0,male,,train
ISIC_9308029,IL_1622119,clinical,clinical: close-up,Malignant,MEL,1,50.0,female,,train
ISIC_4168419,IL_1622119,dermoscopic,dermoscopic,Malignant,MEL,1,50.0,female,,train
ISIC_9617606,IL_1623050,clinical,clinical: close-up,Benign,BKL,0,55.0,female,upper extremity,train
ISIC_7943939,IL_1623050,dermoscopic,dermoscopic,Benign,BKL,0,55.0,female,upper extremity,train
ISIC_7076572,IL_1623260,clinical,clinical: close-up,Malignant,BCC,1,55.0,male,,train
ISIC_7903287,IL_1623260,dermoscopic,dermoscopic,Malignant,BCC,1,55.0,male,,train
ISIC_5205572,IL_1627026,clinical,clinical: close-up,Malignant,MEL,1,65.0,male,lower extremity,train
ISIC_9807754,IL_1627026,dermoscopic,dermoscopic,Malignant,MEL,1,65.0,male,lower extremity,train
ISIC_9513919,IL_1629455,clinical,clinical: close-up,Malignant,BCC,1,60.0,female,lower extremity,train
ISIC_7424370,IL_1629455,dermoscopic,dermoscopic,Malignant,BCC,1,60.0,female,lower extremity,train
ISIC_8424294,IL_1633502,clinical,clinical: close-up,Malignant,BCC,1,65.0,female,lower extremity,train
ISIC_0727761,IL_1633502,dermoscopic,dermoscopic,Malignant,BCC,1,65.0,female,lower extremity,train
ISIC_3725108,IL_1641261,clinical,clinical: close-up,Benign,INF,0,55.0,male,lower extremity,train
ISIC_5072182,IL_1641261,dermoscopic,dermoscopic,Benign,INF,0,55.0,male,lower extremity,train
ISIC_2033309,IL_1647212,clinical,clinical: close-up,Malignant,BCC,1,70.0,female,lower extremity,train
ISIC_7878714,IL_1647212,dermoscopic,dermoscopic,Malignant,BCC,1,70.0,female,lower extremity,train
ISIC_5386998,IL_1647541,clinical,clinical: close-up,Malignant,BCC,1,55.0,female,,train
ISIC_4680765,IL_1647541,dermoscopic,dermoscopic,Malignant,BCC,1,55.0,female,,train
ISIC_4246217,IL_1651344,clinical,clinical: close-up,Benign,DF,0,40.0,male,lower extremity,train
ISIC_7009788,IL_1651344,dermoscopic,dermoscopic,Benign,DF,0,40.0,male,lower extremity,train
ISIC_0387025,IL_1653926,clinical,clinical: close-up,Malignant,BCC,1,70.0,male,,train
ISIC_3034439,IL_1653926,dermoscopic,dermoscopic,Malignant,BCC,1,70.0,male,,train
ISIC_9136213,IL_1657109,clinical,clinical: close-up,Benign,NV,0,35.0,male,,train
ISIC_4196278,IL_1657109,dermoscopic,dermoscopic,Benign,NV,0,35.0,male,,train
ISIC_7522903,IL_1658282,clinical,clinical: close-up,Malignant,BCC,1,65.0,female,,train
ISIC_1455660,IL_1658282,dermoscopic,dermoscopic,Malignant,BCC,1,65.0,female,,train
ISIC_2449826,IL_1659172,clinical,clinical: close-up,Benign,BKL,0,70.0,male,,train
ISIC_9791119,IL_1659172,dermoscopic,dermoscopic,Benign,BKL,0,70.0,male,,train
ISIC_2123542,IL_1659933,clinical,clinical: close-up,Malignant,AKIEC,1,75.0,female,head/neck,train
ISIC_2259826,IL_1659933,dermoscopic,dermoscopic,Malignant,AKIEC,1,75.0,female,head/neck,train
ISIC_8715920,IL_1660797,clinical,clinical: close-up,Benign,NV,0,50.0,female,head/neck,train
ISIC_0570697,IL_1660797,dermoscopic,dermoscopic,Benign,NV,0,50.0,female,head/neck,train
ISIC_5227758,IL_1664257,clinical,clinical: close-up,Benign,NV,0,75.0,female,lower extremity,train
ISIC_9427744,IL_1664257,dermoscopic,dermoscopic,Benign,NV,0,75.0,female,lower extremity,train
ISIC_5891979,IL_1670186,clinical,clinical: close-up,Malignant,BCC,1,85.0,male,,train
ISIC_3577478,IL_1670186,dermoscopic,dermoscopic,Malignant,BCC,1,85.0,male,,train
ISIC_0693344,IL_1671184,clinical,clinical: close-up,Malignant,SCCKA,1,75.0,male,lower extremity,train
ISIC_6475622,IL_1671184,dermoscopic,dermoscopic,Malignant,SCCKA,1,75.0,male,lower extremity,train
ISIC_3676848,IL_1671392,clinical,clinical: close-up,Benign,NV,0,40.0,male,,train
ISIC_0768895,IL_1671392,dermoscopic,dermoscopic,Benign,NV,0,40.0,male,,train
ISIC_4719265,IL_1673815,clinical,clinical: close-up,Malignant,BCC,1,50.0,female,lower extremity,train
ISIC_9927174,IL_1673815,dermoscopic,dermoscopic,Malignant,BCC,1,50.0,female,lower extremity,train
ISIC_5007629,IL_1680101,clinical,clinical: close-up,Benign,NV,0,5.0,male,head/neck,train
ISIC_1190372,IL_1680101,dermoscopic,dermoscopic,Benign,NV,0,5.0,male,head/neck,train
ISIC_0786863,IL_1682958,clinical,clinical: close-up,Malignant,BCC,1,60.0,male,head/neck,train
ISIC_6221556,IL_1682958,dermoscopic,dermoscopic,Malignant,BCC,1,60.0,male,head/neck,train
ISIC_7733845,IL_1684898,clinical,clinical: close-up,Malignant,BCC,1,70.0,male,upper extremity,train
ISIC_8975655,IL_1684898,dermoscopic,dermoscopic,Malignant,BCC,1,70.0,male,upper extremity,train
ISIC_2194211,IL_1693296,clinical,clinical: close-up,Benign,VASC,0,40.0,female,lower extremity,train
ISIC_4517185,IL_1693296,dermoscopic,dermoscopic,Benign,VASC,0,40.0,female,lower extremity,train
ISIC_9968131,IL_1694504,clinical,clinical: close-up,Malignant,BCC,1,30.0,male,lower extremity,train
ISIC_2328520,IL_1694504,dermoscopic,dermoscopic,Malignant,BCC,1,30.0,male,lower extremity,train
ISIC_2469277,IL_1701401,clinical,clinical: close-up,Malignant,SCCKA,1,80.0,female,upper extremity,train
ISIC_1160288,IL_1701401,dermoscopic,dermoscopic,Malignant,SCCKA,1,80.0,female,upper extremity,train
ISIC_5696393,IL_1711365,clinical,clinical: close-up,Benign,BKL,0,70.0,male,head/neck,train
ISIC_6846051,IL_1711365,dermoscopic,dermoscopic,Benign,BKL,0,70.0,male,head/neck,train
ISIC_4871864,IL_1712969,clinical,clinical: close-up,Malignant,BCC,1,65.0,male,upper extremity,train
ISIC_4407417,IL_1712969,dermoscopic,dermoscopic,Malignant,BCC,1,65.0,male,upper extremity,train
ISIC_4349051,IL_1717276,clinical,clinical: close-up,Benign,BKL,0,50.0,male,,train
ISIC_9571862,IL_1717276,dermoscopic,dermoscopic,Benign,BKL,0,50.0,male,,train
ISIC_3467950,IL_1718320,clinical,clinical: close-up,Malignant,BCC,1,70.0,male,lower extremity,train
ISIC_9925307,IL_1718320,dermoscopic,dermoscopic,Malignant,BCC,1,70.0,male,lower extremity,train
ISIC_6957886,IL_1720611,clinical,clinical: close-up,Malignant,AKIEC,1,45.0,male,head/neck,train
ISIC_8145823,IL_1720611,dermoscopic,dermoscopic,Malignant,AKIEC,1,45.0,male,head/neck,train
ISIC_3304492,IL_1724111,clinical,clinical: close-up,Malignant,BCC,1,50.0,male,head/neck,train
ISIC_7266198,IL_1724111,dermoscopic,dermoscopic,Malignant,BCC,1,50.0,male,head/neck,train
ISIC_4668728,IL_1726538,clinical,clinical: close-up,Benign,NV,0,45.0,female,,train
ISIC_4490295,IL_1726538,dermoscopic,dermoscopic,Benign,NV,0,45.0,female,,train
ISIC_2026823,IL_1732835,clinical,clinical: close-up,Malignant,SCCKA,1,65.0,male,upper extremity,train
ISIC_8925555,IL_1732835,dermoscopic,dermoscopic,Malignant,SCCKA,1,65.0,male,upper extremity,train
ISIC_8054114,IL_1734179,clinical,clinical: close-up,Malignant,MEL,1,65.0,female,upper extremity,train
ISIC_3103579,IL_1734179,dermoscopic,dermoscopic,Malignant,MEL,1,65.0,female,upper extremity,train
ISIC_3483843,IL_1735486,clinical,clinical: close-up,Malignant,BCC,1,60.0,male,head/neck,train
ISIC_1694966,IL_1735486,dermoscopic,dermoscopic,Malignant,BCC,1,60.0,male,head/neck,train
ISIC_0949145,IL_1735552,clinical,clinical: close-up,Benign,INF,0,20.0,female,head/neck,train
ISIC_6186797,IL_1735552,dermoscopic,dermoscopic,Benign,INF,0,20.0,female,head/neck,train
ISIC_0294743,IL_1739101,clinical,clinical: close-up,Malignant,BCC,1,50.0,male,,train
ISIC_2352071,IL_1739101,dermoscopic,dermoscopic,Malignant,BCC,1,50.0,male,,train
ISIC_3258327,IL_1740748,clinical,clinical: close-up,Benign,NV,0,45.0,male,,train
ISIC_2778083,IL_1740748,dermoscopic,dermoscopic,Benign,NV,0,45.0,male,,train
ISIC_3462970,IL_1741364,clinical,clinical: close-up,Malignant,SCCKA,1,75.0,male,head/neck,train
ISIC_7059546,IL_1741364,dermoscopic,dermoscopic,Malignant,SCCKA,1,75.0,male,head/neck,train
ISIC_5474962,IL_1741464,clinical,clinical: close-up,Benign,BKL,0,60.0,female,,train
ISIC_9886654,IL_1741464,dermoscopic,dermoscopic,Benign,BKL,0,60.0,female,,train
ISIC_7100479,IL_1743491,clinical,clinical: close-up,Malignant,BCC,1,70.0,male,,train
ISIC_6639957,IL_1743491,dermoscopic,dermoscopic,Malignant,BCC,1,70.0,male,,train
ISIC_5443280,IL_1746833,clinical,clinical: close-up,Malignant,BCC,1,60.0,male,,train
ISIC_1398132,IL_1746833,dermoscopic,dermoscopic,Malignant,BCC,1,60.0,male,,train
ISIC_9927143,IL_1748759,clinical,clinical: close-up,Malignant,BCC,1,65.0,female,,train
ISIC_9142036,IL_1748759,dermoscopic,dermoscopic,Malignant,BCC,1,65.0,female,,train
ISIC_2419780,IL_1749756,clinical,clinical: close-up,Benign,BKL,0,60.0,female,,train
ISIC_3518193,IL_1749756,dermoscopic,dermoscopic,Benign,BKL,0,60.0,female,,train
ISIC_2906597,IL_1752331,clinical,clinical: close-up,Malignant,BCC,1,85.0,male,head/neck,train
ISIC_7754022,IL_1752331,dermoscopic,dermoscopic,Malignant,BCC,1,85.0,male,head/neck,train
ISIC_8339862,IL_1752573,clinical,clinical: close-up,Malignant,BCC,1,70.0,male,,train
ISIC_0805994,IL_1752573,dermoscopic,dermoscopic,Malignant,BCC,1,70.0,male,,train
ISIC_2571592,IL_1753473,clinical,clinical: close-up,Benign,NV,0,,male,lower extremity,train
ISIC_7278433,IL_1753473,dermoscopic,dermoscopic,Benign,NV,0,,male,lower extremity,train
ISIC_0332749,IL_1756405,clinical,clinical: close-up,Malignant,BCC,1,45.0,male,head/neck,train
ISIC_1029056,IL_1756405,dermoscopic,dermoscopic,Malignant,BCC,1,45.0,male,head/neck,train
ISIC_8060774,IL_1763474,clinical,clinical: close-up,Malignant,BCC,1,75.0,male,,train
ISIC_4971008,IL_1763474,dermoscopic,dermoscopic,Malignant,BCC,1,75.0,male,,train
ISIC_6196224,IL_1773483,clinical,clinical: close-up,Malignant,BCC,1,70.0,male,head/neck,train
ISIC_9733625,IL_1773483,dermoscopic,dermoscopic,Malignant,BCC,1,70.0,male,head/neck,train
ISIC_4046643,IL_1778367,clinical,clinical: close-up,Malignant,BCC,1,45.0,male,head/neck,train
ISIC_2102002,IL_1778367,dermoscopic,dermoscopic,Malignant,BCC,1,45.0,male,head/neck,train
ISIC_5787657,IL_1779253,clinical,clinical: close-up,Benign,BKL,0,50.0,female,upper extremity,train
ISIC_8808076,IL_1779253,dermoscopic,dermoscopic,Benign,BKL,0,50.0,female,upper extremity,train
ISIC_4613132,IL_1779696,clinical,clinical: close-up,Benign,BKL,0,50.0,female,lower extremity,train
ISIC_8830839,IL_1779696,dermoscopic,dermoscopic,Benign,BKL,0,50.0,female,lower extremity,train
ISIC_4923499,IL_1794752,clinical,clinical: close-up,Malignant,BCC,1,60.0,male,,train
ISIC_5306085,IL_1794752,dermoscopic,dermoscopic,Malignant,BCC,1,60.0,male,,train
ISIC_5150525,IL_1797280,clinical,clinical: close-up,Benign,BKL,0,60.0,male,,train
ISIC_0082674,IL_1797280,dermoscopic,dermoscopic,Benign,BKL,0,60.0,male,,train
ISIC_1325809,IL_1799297,clinical,clinical: close-up,Malignant,MEL,1,70.0,male,,train
ISIC_2879057,IL_1799297,dermoscopic,dermoscopic,Malignant,MEL,1,70.0,male,,train
ISIC_3521430,IL_1801069,clinical,clinical: close-up,Benign,NV,0,45.0,female,,train
ISIC_8603109,IL_1801069,dermoscopic,dermoscopic,Benign,NV,0,45.0,female,,train
ISIC_5084322,IL_1801280,clinical,clinical: close-up,Malignant,SCCKA,1,50.0,male,head/neck,train
ISIC_7090951,IL_1801280,dermoscopic,dermoscopic,Malignant,SCCKA,1,50.0,male,head/neck,train
ISIC_1441997,IL_1804750,clinical,clinical: close-up,Indeterminate,AKIEC,1,70.0,male,head/neck,train
ISIC_8870317,IL_1804750,dermoscopic,dermoscopic,Indeterminate,AKIEC,1,70.0,male,head/neck,train
ISIC_8821083,IL_1804830,clinical,clinical: close-up,Malignant,BCC,1,70.0,male,upper extremity,train
ISIC_8254014,IL_1804830,dermoscopic,dermoscopic,Malignant,BCC,1,70.0,male,upper extremity,train
ISIC_4701849,IL_1808002,clinical,clinical: close-up,Malignant,BCC,1,75.0,female,,train
ISIC_6221334,IL_1808002,dermoscopic,dermoscopic,Malignant,BCC,1,75.0,female,,train
ISIC_7047367,IL_1815141,clinical,clinical: close-up,Benign,NV,0,35.0,male,,train
ISIC_2036689,IL_1815141,dermoscopic,dermoscopic,Benign,NV,0,35.0,male,,train
ISIC_9467067,IL_1817922,clinical,clinical: close-up,Malignant,MEL,1,70.0,female,upper extremity,train
ISIC_7585813,IL_1817922,dermoscopic,dermoscopic,Malignant,MEL,1,70.0,female,upper extremity,train
ISIC_7384185,IL_1818431,clinical,clinical: close-up,Malignant,BCC,1,70.0,male,head/neck,train
ISIC_8362273,IL_1818431,dermoscopic,dermoscopic,Malignant,BCC,1,70.0,male,head/neck,train
ISIC_7891302,IL_1821378,clinical,clinical: close-up,Malignant,BCC,1,65.0,female,,train
ISIC_7520217,IL_1821378,dermoscopic,dermoscopic,Malignant,BCC,1,65.0,female,,train
ISIC_2244475,IL_1827145,clinical,clinical: close-up,Benign,VASC,0,70.0,male,head/neck,train
ISIC_3129795,IL_1827145,dermoscopic,dermoscopic,Benign,VASC,0,70.0,male,head/neck,train
ISIC_3329063,IL_1831903,clinical,clinical: close-up,Malignant,BCC,1,75.0,female,,train
ISIC_9099090,IL_1831903,dermoscopic,dermoscopic,Malignant,BCC,1,75.0,female,,train
ISIC_9832783,IL_1843719,clinical,clinical: close-up,Malignant,BCC,1,75.0,male,lower extremity,train
ISIC_8060479,IL_1843719,dermoscopic,dermoscopic,Malignant,BCC,1,75.0,male,lower extremity,train
ISIC_7563753,IL_1843945,clinical,clinical: close-up,Malignant,BCC,1,70.0,female,head/neck,train
ISIC_0154826,IL_1843945,dermoscopic,dermoscopic,Malignant,BCC,1,70.0,female,head/neck,train
ISIC_5475497,IL_1844435,clinical,clinical: close-up,Malignant,MEL,1,80.0,male,upper extremity,train
ISIC_3627672,IL_1844435,dermoscopic,dermoscopic,Malignant,MEL,1,80.0,male,upper extremity,train
ISIC_7002238,IL_1845648,clinical,clinical: close-up,Benign,NV,0,15.0,male,,train
ISIC_3482891,IL_1845648,dermoscopic,dermoscopic,Benign,NV,0,15.0,male,,train
ISIC_2802992,IL_1846294,clinical,clinical: close-up,Malignant,BCC,1,85.0,female,,train
ISIC_0283929,IL_1846294,dermoscopic,dermoscopic,Malignant,BCC,1,85.0,female,,train
ISIC_3416227,IL_1848591,clinical,clinical: close-up,Malignant,SCCKA,1,80.0,female,upper extremity,train
ISIC_0151603,IL_1848591,dermoscopic,dermoscopic,Malignant,SCCKA,1,80.0,female,upper extremity,train
ISIC_1331527,IL_1848853,clinical,clinical: close-up,Malignant,MEL,1,40.0,female,head/neck,train
ISIC_0529633,IL_1848853,dermoscopic,dermoscopic,Malignant,MEL,1,40.0,female,head/neck,train
ISIC_0368483,IL_1858376,clinical,clinical: close-up,Malignant,SCCKA,1,50.0,male,lower extremity,train
ISIC_7624779,IL_1858376,dermoscopic,dermoscopic,Malignant,SCCKA,1,50.0,male,lower extremity,train
ISIC_6914066,IL_1858834,clinical,clinical: close-up,Malignant,BCC,1,55.0,male,,train
ISIC_7677176,IL_1858834,dermoscopic,dermoscopic,Malignant,BCC,1,55.0,male,,train
ISIC_5975267,IL_1860378,clinical,clinical: close-up,Malignant,BCC,1,75.0,male,head/neck,train
ISIC_1018753,IL_1860378,dermoscopic,dermoscopic,Malignant,BCC,1,75.0,male,head/neck,train
ISIC_5642029,IL_1861078,clinical,clinical: close-up,Malignant,BCC,1,60.0,male,upper extremity,train
ISIC_5249321,IL_1861078,dermoscopic,dermoscopic,Malignant,BCC,1,60.0,male,upper extremity,train
ISIC_0993471,IL_1866416,clinical,clinical: close-up,Malignant,BCC,1,65.0,female,lower extremity,train
ISIC_7047621,IL_1866416,dermoscopic,dermoscopic,Malignant,BCC,1,65.0,female,lower extremity,train
ISIC_3885903,IL_1871141,clinical,clinical: close-up,Malignant,AKIEC,1,65.0,female,lower extremity,train
ISIC_8545164,IL_1871141,dermoscopic,dermoscopic,Malignant,AKIEC,1,65.0,female,lower extremity,train
ISIC_5527895,IL_1873116,clinical,clinical: close-up,Malignant,BCC,1,65.0,female,lower extremity,train
ISIC_1063001,IL_1873116,dermoscopic,dermoscopic,Malignant,BCC,1,65.0,female,lower extremity,train
ISIC_2640875,IL_1873727,clinical,clinical: close-up,Benign,BKL,0,65.0,male,head/neck,train
ISIC_5728121,IL_1873727,dermoscopic,dermoscopic,Benign,BKL,0,65.0,male,head/neck,train
ISIC_6790299,IL_1873832,clinical,clinical: close-up,Benign,NV,0,45.0,female,,train
ISIC_7531562,IL_1873832,dermoscopic,dermoscopic,Benign,NV,0,45.0,female,,train
ISIC_3261040,IL_1874719,clinical,clinical: close-up,Benign,BKL,0,70.0,male,head/neck,train
ISIC_4445549,IL_1874719,dermoscopic,dermoscopic,Benign,BKL,0,70.0,male,head/neck,train
ISIC_8180126,IL_1877456,clinical,clinical: close-up,Malignant,SCCKA,1,75.0,female,head/neck,train
ISIC_6161217,IL_1877456,dermoscopic,dermoscopic,Malignant,SCCKA,1,75.0,female,head/neck,train
ISIC_3897642,IL_1880052,clinical,clinical: close-up,Malignant,BCC,1,70.0,female,head/neck,train
ISIC_2944495,IL_1880052,dermoscopic,dermoscopic,Malignant,BCC,1,70.0,female,head/neck,train
ISIC_7784358,IL_1882623,clinical,clinical: close-up,Malignant,BCC,1,80.0,female,head/neck,train
ISIC_6294166,IL_1882623,dermoscopic,dermoscopic,Malignant,BCC,1,80.0,female,head/neck,train
ISIC_3890513,IL_1886112,clinical,clinical: close-up,Malignant,MEL,1,65.0,male,,train
ISIC_2374466,IL_1886112,dermoscopic,dermoscopic,Malignant,MEL,1,65.0,male,,train
ISIC_1826131,IL_1888715,clinical,clinical: close-up,Benign,BKL,0,50.0,male,upper extremity,train
ISIC_8324594,IL_1888715,dermoscopic,dermoscopic,Benign,BKL,0,50.0,male,upper extremity,train
ISIC_7700739,IL_1898208,clinical,clinical: close-up,Benign,BKL,0,80.0,male,head/neck,train
ISIC_6886169,IL_1898208,dermoscopic,dermoscopic,Benign,BKL,0,80.0,male,head/neck,train
ISIC_1593041,IL_1900541,clinical,clinical: close-up,Malignant,BCC,1,80.0,male,lower extremity,train
ISIC_1998166,IL_1900541,dermoscopic,dermoscopic,Malignant,BCC,1,80.0,male,lower extremity,train
ISIC_6336489,IL_1906171,clinical,clinical: close-up,Benign,NV,0,25.0,female,lower extremity,train
ISIC_7176466,IL_1906171,dermoscopic,dermoscopic,Benign,NV,0,25.0,female,lower extremity,train
ISIC_9777242,IL_1907886,clinical,clinical: close-up,Benign,NV,0,15.0,male,,train
ISIC_4490935,IL_1907886,dermoscopic,dermoscopic,Benign,NV,0,15.0,male,,train
ISIC_5977035,IL_1911635,clinical,clinical: close-up,Malignant,BCC,1,85.0,male,head/neck,train
ISIC_7374719,IL_1911635,dermoscopic,dermoscopic,Malignant,BCC,1,85.0,male,head/neck,train
ISIC_5863020,IL_1916880,clinical,clinical: close-up,Benign,NV,0,20.0,female,,train
ISIC_5233519,IL_1916880,dermoscopic,dermoscopic,Benign,NV,0,20.0,female,,train
ISIC_1176222,IL_1918702,clinical,clinical: close-up,Malignant,BCC,1,85.0,female,head/neck,train
ISIC_6101727,IL_1918702,dermoscopic,dermoscopic,Malignant,BCC,1,85.0,female,head/neck,train
ISIC_9859487,IL_1921779,clinical,clinical: close-up,Malignant,BCC,1,40.0,male,,train
ISIC_5191763,IL_1921779,dermoscopic,dermoscopic,Malignant,BCC,1,40.0,male,,train
ISIC_4452365,IL_1925186,clinical,clinical: close-up,Malignant,BCC,1,70.0,male,,train
ISIC_5792555,IL_1925186,dermoscopic,dermoscopic,Malignant,BCC,1,70.0,male,,train
ISIC_8147299,IL_1930653,clinical,clinical: close-up,Malignant,BCC,1,50.0,male,upper extremity,train
ISIC_0772947,IL_1930653,dermoscopic,dermoscopic,Malignant,BCC,1,50.0,male,upper extremity,train
ISIC_7227276,IL_1936294,clinical,clinical: close-up,Malignant,BCC,1,60.0,female,lower extremity,train
ISIC_5044856,IL_1936294,dermoscopic,dermoscopic,Malignant,BCC,1,60.0,female,lower extremity,train
ISIC_2563101,IL_1938646,clinical,clinical: close-up,Malignant,BCC,1,70.0,male,head/neck,train
ISIC_0869141,IL_1938646,dermoscopic,dermoscopic,Malignant,BCC,1,70.0,male,head/neck,train
ISIC_8417980,IL_1943704,clinical,clinical: close-up,Malignant,MEL,1,35.0,male,lower extremity,train
ISIC_6924218,IL_1943704,dermoscopic,dermoscopic,Malignant,MEL,1,35.0,male,lower extremity,train
ISIC_2346201,IL_1950813,clinical,clinical: close-up,Malignant,BCC,1,85.0,male,upper extremity,train
ISIC_4213914,IL_1950813,dermoscopic,dermoscopic,Malignant,BCC,1,85.0,male,upper extremity,train
ISIC_8903447,IL_1958887,clinical,clinical: close-up,Malignant,BCC,1,75.0,female,,train
ISIC_6747915,IL_1958887,dermoscopic,dermoscopic,Malignant,BCC,1,75.0,female,,train
ISIC_1494360,IL_1962885,clinical,clinical: close-up,Malignant,MEL,1,75.0,male,head/neck,train
ISIC_8056158,IL_1962885,dermoscopic,dermoscopic,Malignant,MEL,1,75.0,male,head/neck,train
ISIC_2712947,IL_1963304,clinical,clinical: close-up,Malignant,SCCKA,1,60.0,female,lower extremity,train
ISIC_6860570,IL_1963304,dermoscopic,dermoscopic,Malignant,SCCKA,1,60.0,female,lower extremity,train
ISIC_0699287,IL_1966288,clinical,clinical: close-up,Malignant,BCC,1,75.0,male,head/neck,train
ISIC_9982272,IL_1966288,dermoscopic,dermoscopic,Malignant,BCC,1,75.0,male,head/neck,train
ISIC_2454008,IL_1967474,clinical,clinical: close-up,Benign,VASC,0,15.0,male,,train
ISIC_5099169,IL_1967474,dermoscopic,dermoscopic,Benign,VASC,0,15.0,male,,train
ISIC_4871000,IL_1975374,clinical,clinical: close-up,Malignant,MEL,1,70.0,female,upper extremity,train
ISIC_0699088,IL_1975374,dermoscopic,dermoscopic,Malignant,MEL,1,70.0,female,upper extremity,train
ISIC_6733219,IL_1981700,clinical,clinical: close-up,Malignant,BCC,1,85.0,male,,train
ISIC_2601487,IL_1981700,dermoscopic,dermoscopic,Malignant,BCC,1,85.0,male,,train
ISIC_2410425,IL_1989864,clinical,clinical: close-up,Malignant,BCC,1,60.0,male,head/neck,train
ISIC_0096543,IL_1989864,dermoscopic,dermoscopic,Malignant,BCC,1,60.0,male,head/neck,train
ISIC_2712633,IL_1993303,clinical,clinical: close-up,Malignant,BCC,1,65.0,female,lower extremity,train
ISIC_1341677,IL_1993303,dermoscopic,dermoscopic,Malignant,BCC,1,65.0,female,lower extremity,train
ISIC_1255617,IL_1994258,clinical,clinical: close-up,Malignant,BCC,1,65.0,female,,train
ISIC_1465204,IL_1994258,dermoscopic,dermoscopic,Malignant,BCC,1,65.0,female,,train
ISIC_4408708,IL_1997703,clinical,clinical: close-up,Benign,NV,0,70.0,female,lower extremity,train
ISIC_2642475,IL_1997703,dermoscopic,dermoscopic,Benign,NV,0,70.0,female,lower extremity,train
ISIC_2199778,IL_2006449,clinical,clinical: close-up,Malignant,BCC,1,75.0,male,lower extremity,train
ISIC_1428490,IL_2006449,dermoscopic,dermoscopic,Malignant,BCC,1,75.0,male,lower extremity,train
ISIC_5782959,IL_2014821,clinical,clinical: close-up,Benign,DF,0,70.0,male,lower extremity,train
ISIC_4607649,IL_2014821,dermoscopic,dermoscopic,Benign,DF,0,70.0,male,lower extremity,train
ISIC_8052182,IL_2015219,clinical,clinical: close-up,Benign,BKL,0,75.0,female,head/neck,train
ISIC_2554103,IL_2015219,dermoscopic,dermoscopic,Benign,BKL,0,75.0,female,head/neck,train
ISIC_7364575,IL_2027967,clinical,clinical: close-up,Malignant,BCC,1,65.0,male,,train
ISIC_8260534,IL_2027967,dermoscopic,dermoscopic,Malignant,BCC,1,65.0,male,,train
ISIC_6183477,IL_2031934,clinical,clinical: close-up,Malignant,BCC,1,60.0,female,lower extremity,train
ISIC_9350105,IL_2031934,dermoscopic,dermoscopic,Malignant,BCC,1,60.0,female,lower extremity,train
ISIC_2368759,IL_2040993,clinical,clinical: close-up,Malignant,BCC,1,60.0,male,,train
ISIC_6261700,IL_2040993,dermoscopic,dermoscopic,Malignant,BCC,1,60.0,male,,train
ISIC_8674473,IL_2041854,clinical,clinical: close-up,Malignant,BCC,1,60.0,male,,train
ISIC_3023607,IL_2041854,dermoscopic,dermoscopic,Malignant,BCC,1,60.0,male,,train
ISIC_9130589,IL_2045312,clinical,clinical: close-up,Benign,BKL,0,75.0,male,upper extremity,train
ISIC_7176434,IL_2045312,dermoscopic,dermoscopic,Benign,BKL,0,75.0,male,upper extremity,train
ISIC_9444018,IL_2048772,clinical,clinical: close-up,Malignant,BCC,1,60.0,female,head/neck,train
ISIC_1424974,IL_2048772,dermoscopic,dermoscopic,Malignant,BCC,1,60.0,female,head/neck,train
ISIC_3171197,IL_2053741,clinical,clinical: close-up,Malignant,SCCKA,1,50.0,female,head/neck,train
ISIC_1295245,IL_2053741,dermoscopic,dermoscopic,Malignant,SCCKA,1,50.0,female,head/neck,train
ISIC_8198425,IL_2055704,clinical,clinical: close-up,Benign,NV,0,40.0,female,head/neck,train
ISIC_4584962,IL_2055704,dermoscopic,dermoscopic,Benign,NV,0,40.0,female,head/neck,train
ISIC_6677597,IL_2055749,clinical,clinical: close-up,Malignant,MEL,1,75.0,female,,train
ISIC_8261347,IL_2055749,dermoscopic,dermoscopic,Malignant,MEL,1,75.0,female,,train
ISIC_3220827,IL_2058691,clinical,clinical: close-up,Malignant,BCC,1,75.0,male,,train
ISIC_6881977,IL_2058691,dermoscopic,dermoscopic,Malignant,BCC,1,75.0,male,,train
ISIC_4464668,IL_2067413,clinical,clinical: close-up,Benign,BKL,0,45.0,female,head/neck,train
ISIC_3389727,IL_2067413,dermoscopic,dermoscopic,Benign,BKL,0,45.0,female,head/neck,train
ISIC_7563945,IL_2072035,clinical,clinical: close-up,Malignant,BCC,1,55.0,male,,train
ISIC_2730868,IL_2072035,dermoscopic,dermoscopic,Malignant,BCC,1,55.0,male,,train
ISIC_3011830,IL_2080493,clinical,clinical: close-up,Malignant,BCC,1,75.0,male,upper extremity,train
ISIC_0289289,IL_2080493,dermoscopic,dermoscopic,Malignant,BCC,1,75.0,male,upper extremity,train
ISIC_1808755,IL_2086126,clinical,clinical: close-up,Malignant,BCC,1,65.0,male,,train
ISIC_5268767,IL_2086126,dermoscopic,dermoscopic,Malignant,BCC,1,65.0,male,,train
ISIC_8160587,IL_2088373,clinical,clinical: close-up,Benign,NV,0,,female,lower extremity,train
ISIC_9313746,IL_2088373,dermoscopic,dermoscopic,Benign,NV,0,,female,lower extremity,train
ISIC_4426174,IL_2090783,clinical,clinical: close-up,Benign,BKL,0,55.0,female,head/neck,train
ISIC_6196546,IL_2090783,dermoscopic,dermoscopic,Benign,BKL,0,55.0,female,head/neck,train
ISIC_5400013,IL_2093270,clinical,clinical: close-up,Benign,NV,0,40.0,male,,train
ISIC_9156154,IL_2093270,dermoscopic,dermoscopic,Benign,NV,0,40.0,male,,train
ISIC_7162704,IL_2094234,clinical,clinical: close-up,Malignant,MEL,1,80.0,female,head/neck,train
ISIC_5566320,IL_2094234,dermoscopic,dermoscopic,Malignant,MEL,1,80.0,female,head/neck,train
ISIC_1124387,IL_2095785,clinical,clinical: close-up,Malignant,BCC,1,60.0,female,head/neck,train
ISIC_1570827,IL_2095785,dermoscopic,dermoscopic,Malignant,BCC,1,60.0,female,head/neck,train
ISIC_2915605,IL_2096357,clinical,clinical: close-up,Malignant,BCC,1,50.0,male,upper extremity,train
ISIC_8462208,IL_2096357,dermoscopic,dermoscopic,Malignant,BCC,1,50.0,male,upper extremity,train
ISIC_8461400,IL_2101385,clinical,clinical: close-up,Benign,NV,0,75.0,female,head/neck,train
ISIC_5643547,IL_2101385,dermoscopic,dermoscopic,Benign,NV,0,75.0,female,head/neck,train
ISIC_2846740,IL_2103836,clinical,clinical: close-up,Benign,DF,0,70.0,male,lower extremity,train
ISIC_1972798,IL_2103836,dermoscopic,dermoscopic,Benign,DF,0,70.0,male,lower extremity,train
ISIC_8827860,IL_2104820,clinical,clinical: close-up,Benign,NV,0,65.0,female,,train
ISIC_2594634,IL_2104820,dermoscopic,dermoscopic,Benign,NV,0,65.0,female,,train
ISIC_6904480,IL_2109163,clinical,clinical: close-up,Indeterminate,AKIEC,1,70.0,male,head/neck,train
ISIC_2459161,IL_2109163,dermoscopic,dermoscopic,Indeterminate,AKIEC,1,70.0,male,head/neck,train
ISIC_9850356,IL_2111173,clinical,clinical: close-up,Malignant,BCC,1,55.0,female,head/neck,train
ISIC_8995161,IL_2111173,dermoscopic,dermoscopic,Malignant,BCC,1,55.0,female,head/neck,train
ISIC_3744853,IL_2128198,clinical,clinical: close-up,Benign,DF,0,60.0,female,upper extremity,train
ISIC_9612446,IL_2128198,dermoscopic,dermoscopic,Benign,DF,0,60.0,female,upper extremity,train
ISIC_5814633,IL_2131051,clinical,clinical: close-up,Malignant,BCC,1,75.0,male,head/neck,train
ISIC_3902522,IL_2131051,dermoscopic,dermoscopic,Malignant,BCC,1,75.0,male,head/neck,train
ISIC_1338973,IL_2134316,clinical,clinical: close-up,Malignant,BCC,1,60.0,male,,train
ISIC_2237025,IL_2134316,dermoscopic,dermoscopic,Malignant,BCC,1,60.0,male,,train
ISIC_9024518,IL_2141966,clinical,clinical: close-up,Malignant,BCC,1,70.0,male,,train
ISIC_3183046,IL_2141966,dermoscopic,dermoscopic,Malignant,BCC,1,70.0,male,,train
ISIC_6457838,IL_2156585,clinical,clinical: close-up,Malignant,SCCKA,1,75.0,female,head/neck,train
ISIC_3722054,IL_2156585,dermoscopic,dermoscopic,Malignant,SCCKA,1,75.0,female,head/neck,train
ISIC_1316170,IL_2163482,clinical,clinical: close-up,Malignant,BCC,1,55.0,female,,train
ISIC_3281875,IL_2163482,dermoscopic,dermoscopic,Malignant,BCC,1,55.0,female,,train
ISIC_3338902,IL_2166765,clinical,clinical: close-up,Benign,BKL,0,15.0,female,lower extremity,train
ISIC_6020001,IL_2166765,dermoscopic,dermoscopic,Benign,BKL,0,15.0,female,lower extremity,train
ISIC_2496144,IL_2167276,clinical,clinical: close-up,Malignant,BCC,1,65.0,female,lower extremity,train
ISIC_8495426,IL_2167276,dermoscopic,dermoscopic,Malignant,BCC,1,65.0,female,lower extremity,train
ISIC_2994885,IL_2167719,clinical,clinical: close-up,Benign,BKL,0,50.0,female,,train
ISIC_1103956,IL_2167719,dermoscopic,dermoscopic,Benign,BKL,0,50.0,female,,train
ISIC_2271317,IL_2170674,clinical,clinical: close-up,Malignant,SCCKA,1,80.0,male,,train
ISIC_9573010,IL_2170674,dermoscopic,dermoscopic,Malignant,SCCKA,1,80.0,male,,train
ISIC_2320067,IL_2171810,clinical,clinical: close-up,Malignant,SCCKA,1,60.0,male,,train
ISIC_3429549,IL_2171810,dermoscopic,dermoscopic,Malignant,SCCKA,1,60.0,male,,train
ISIC_2260950,IL_2176807,clinical,clinical: close-up,Malignant,BCC,1,75.0,male,upper extremity,train
ISIC_3472228,IL_2176807,dermoscopic,dermoscopic,Malignant,BCC,1,75.0,male,upper extremity,train
ISIC_7731176,IL_2178122,clinical,clinical: close-up,Malignant,BCC,1,50.0,female,lower extremity,train
ISIC_7529554,IL_2178122,dermoscopic,dermoscopic,Malignant,BCC,1,50.0,female,lower extremity,train
ISIC_2533587,IL_2185095,clinical,clinical: close-up,Benign,BKL,0,60.0,female,head/neck,train
ISIC_9404484,IL_2185095,dermoscopic,dermoscopic,Benign,BKL,0,60.0,female,head/neck,train
ISIC_5647684,IL_2190163,clinical,clinical: close-up,Benign,BKL,0,45.0,male,,train
ISIC_0965546,IL_2190163,dermoscopic,dermoscopic,Benign,BKL,0,45.0,male,,train
ISIC_1103609,IL_2191352,clinical,clinical: close-up,Benign,NV,0,60.0,female,,train
ISIC_1970706,IL_2191352,dermoscopic,dermoscopic,Benign,NV,0,60.0,female,,train
ISIC_3786263,IL_2194640,clinical,clinical: close-up,Malignant,BCC,1,70.0,female,head/neck,train
ISIC_4964428,IL_2194640,dermoscopic,dermoscopic,Malignant,BCC,1,70.0,female,head/neck,train
ISIC_8893011,IL_2197335,clinical,clinical: close-up,Malignant,SCCKA,1,85.0,male,head/neck,train
ISIC_9005347,IL_2197335,dermoscopic,dermoscopic,Malignant,SCCKA,1,85.0,male,head/neck,train
ISIC_0444685,IL_2198915,clinical,clinical: close-up,Malignant,SCCKA,1,65.0,male,lower extremity,train
ISIC_7442526,IL_2198915,dermoscopic,dermoscopic,Malignant,SCCKA,1,65.0,male,lower extremity,train
ISIC_8942421,IL_2201458,clinical,clinical: close-up,Benign,NV,0,30.0,female,,train
ISIC_8701478,IL_2201458,dermoscopic,dermoscopic,Benign,NV,0,30.0,female,,train
ISIC_7035620,IL_2201530,clinical,clinical: close-up,Malignant,MEL,1,85.0,male,upper extremity,train
ISIC_2586728,IL_2201530,dermoscopic,dermoscopic,Malignant,MEL,1,85.0,male,upper extremity,train
ISIC_0813313,IL_2205080,clinical,clinical: close-up,Benign,NV,0,10.0,female,lower extremity,train
ISIC_6355154,IL_2205080,dermoscopic,dermoscopic,Benign,NV,0,10.0,female,lower extremity,train
ISIC_4345873,IL_2206044,clinical,clinical: close-up,Benign,NV,0,30.0,male,,train
ISIC_0356038,IL_2206044,dermoscopic,dermoscopic,Benign,NV,0,30.0,male,,train
ISIC_9650776,IL_2208727,clinical,clinical: close-up,Malignant,BCC,1,60.0,male,head/neck,train
ISIC_5548095,IL_2208727,dermoscopic,dermoscopic,Malignant,BCC,1,60.0,male,head/neck,train
ISIC_6977201,IL_2211333,clinical,clinical: close-up,Malignant,BCC,1,60.0,male,,train
ISIC_8251123,IL_2211333,dermoscopic,dermoscopic,Malignant,BCC,1,60.0,male,,train
ISIC_5688654,IL_2211999,clinical,clinical: close-up,Malignant,BCC,1,80.0,male,upper extremity,train
ISIC_0115985,IL_2211999,dermoscopic,dermoscopic,Malignant,BCC,1,80.0,male,upper extremity,train
ISIC_0257338,IL_2215317,clinical,clinical: close-up,Benign,BKL,0,50.0,male,head/neck,train
ISIC_8234709,IL_2215317,dermoscopic,dermoscopic,Benign,BKL,0,50.0,male,head/neck,train
ISIC_2443446,IL_2216444,clinical,clinical: close-up,Malignant,BCC,1,65.0,male,,train
ISIC_1436009,IL_2216444,dermoscopic,dermoscopic,Malignant,BCC,1,65.0,male,,train
ISIC_6921970,IL_2218575,clinical,clinical: close-up,Malignant,BCC,1,60.0,male,,train
ISIC_5992562,IL_2218575,dermoscopic,dermoscopic,Malignant,BCC,1,60.0,male,,train
ISIC_1107390,IL_2227380,clinical,clinical: close-up,Benign,NV,0,60.0,female,,train
ISIC_0497921,IL_2227380,dermoscopic,dermoscopic,Benign,NV,0,60.0,female,,train
ISIC_2482765,IL_2227490,clinical,clinical: close-up,Malignant,BCC,1,65.0,male,lower extremity,train
ISIC_0518723,IL_2227490,dermoscopic,dermoscopic,Malignant,BCC,1,65.0,male,lower extremity,train
ISIC_2490336,IL_2228009,clinical,clinical: close-up,Benign,NV,0,40.0,male,,train
ISIC_1231719,IL_2228009,dermoscopic,dermoscopic,Benign,NV,0,40.0,male,,train
ISIC_3102873,IL_2228452,clinical,clinical: close-up,Malignant,BCC,1,60.0,female,lower extremity,train
ISIC_0383910,IL_2228452,dermoscopic,dermoscopic,Malignant,BCC,1,60.0,female,lower extremity,train
ISIC_9094964,IL_2233251,clinical,clinical: close-up,Benign,VASC,0,70.0,male,,train
ISIC_2100961,IL_2233251,dermoscopic,dermoscopic,Benign,VASC,0,70.0,male,,train
ISIC_2378355,IL_2234057,clinical,clinical: close-up,Malignant,SCCKA,1,70.0,male,upper extremity,train
ISIC_4647126,IL_2234057,dermoscopic,dermoscopic,Malignant,SCCKA,1,70.0,male,upper extremity,train
ISIC_5074726,IL_2237445,clinical,clinical: close-up,Benign,NV,0,30.0,female,upper extremity,train
ISIC_2713587,IL_2237445,dermoscopic,dermoscopic,Benign,NV,0,30.0,female,upper extremity,train
ISIC_7188142,IL_2239570,clinical,clinical: close-up,Malignant,BCC,1,75.0,female,upper extremity,train
ISIC_4796147,IL_2239570,dermoscopic,dermoscopic,Malignant,BCC,1,75.0,female,upper extremity,train
ISIC_4128998,IL_2241538,clinical,clinical: close-up,Malignant,MEL,1,80.0,male,,train
ISIC_3665449,IL_2241538,dermoscopic,dermoscopic,Malignant,MEL,1,80.0,male,,train
ISIC_1028434,IL_2243565,clinical,clinical: close-up,Indeterminate,AKIEC,1,60.0,male,head/neck,train
ISIC_5607257,IL_2243565,dermoscopic,dermoscopic,Indeterminate,AKIEC,1,60.0,male,head/neck,train
ISIC_1365903,IL_2247062,clinical,clinical: close-up,Benign,NV,0,25.0,female,lower extremity,train
ISIC_5173718,IL_2247062,dermoscopic,dermoscopic,Benign,NV,0,25.0,female,lower extremity,train
ISIC_7339771,IL_2248531,clinical,clinical: close-up,Malignant,BCC,1,45.0,male,lower extremity,train
ISIC_0411803,IL_2248531,dermoscopic,dermoscopic,Malignant,BCC,1,45.0,male,lower extremity,train
ISIC_1253452,IL_2251187,clinical,clinical: close-up,Malignant,MEL,1,60.0,male,,train
ISIC_7045012,IL_2251187,dermoscopic,dermoscopic,Malignant,MEL,1,60.0,male,,train
ISIC_1938725,IL_2251531,clinical,clinical: close-up,Malignant,BCC,1,55.0,male,lower extremity,train
ISIC_9138708,IL_2251531,dermoscopic,dermoscopic,Malignant,BCC,1,55.0,male,lower extremity,train
ISIC_9995901,IL_2263451,clinical,clinical: close-up,Malignant,BCC,1,60.0,male,,train
ISIC_4822631,IL_2263451,dermoscopic,dermoscopic,Malignant,BCC,1,60.0,male,,train
ISIC_2437960,IL_2265683,clinical,clinical: close-up,Malignant,MEL,1,60.0,female,head/neck,train
ISIC_7839162,IL_2265683,dermoscopic,dermoscopic,Malignant,MEL,1,60.0,female,head/neck,train
ISIC_0627627,IL_2274387,clinical,clinical: close-up,Malignant,BCC,1,85.0,female,,train
ISIC_8032040,IL_2274387,dermoscopic,dermoscopic,Malignant,BCC,1,85.0,female,,train
ISIC_5254610,IL_2275218,clinical,clinical: close-up,Malignant,BCC,1,65.0,male,,train
ISIC_6602302,IL_2275218,dermoscopic,dermoscopic,Malignant,BCC,1,65.0,male,,train
ISIC_4929016,IL_2276592,clinical,clinical: close-up,Malignant,BCC,1,75.0,female,head/neck,train
ISIC_7278817,IL_2276592,dermoscopic,dermoscopic,Malignant,BCC,1,75.0,female,head/neck,train
ISIC_5644081,IL_2286275,clinical,clinical: close-up,Malignant,BCC,1,60.0,male,head/neck,train
ISIC_4733429,IL_2286275,dermoscopic,dermoscopic,Malignant,BCC,1,60.0,male,head/neck,train
ISIC_0920625,IL_2289243,clinical,clinical: close-up,Benign,BKL,0,75.0,male,,train
ISIC_7171875,IL_2289243,dermoscopic,dermoscopic,Benign,BKL,0,75.0,male,,train
ISIC_1904660,IL_2291194,clinical,clinical: close-up,Benign,BKL,0,25.0,female,lower extremity,train
ISIC_9467983,IL_2291194,dermoscopic,dermoscopic,Benign,BKL,0,25.0,female,lower extremity,train
ISIC_1315894,IL_2291869,clinical,clinical: close-up,Benign,BKL,0,60.0,male,,train
ISIC_3431989,IL_2291869,dermoscopic,dermoscopic,Benign,BKL,0,60.0,male,,train
ISIC_2463268,IL_2293895,clinical,clinical: close-up,Benign,DF,0,40.0,male,,train
ISIC_0411397,IL_2293895,dermoscopic,dermoscopic,Benign,DF,0,40.0,male,,train
ISIC_9831096,IL_2295141,clinical,clinical: close-up,Malignant,BCC,1,80.0,male,head/neck,train
ISIC_6314890,IL_2295141,dermoscopic,dermoscopic,Malignant,BCC,1,80.0,male,head/neck,train
ISIC_6361677,IL_2298931,clinical,clinical: close-up,Benign,NV,0,30.0,female,,train
ISIC_9172274,IL_2298931,dermoscopic,dermoscopic,Benign,NV,0,30.0,female,,train
ISIC_2565297,IL_2300316,clinical,clinical: close-up,Malignant,AKIEC,1,85.0,female,lower extremity,train
ISIC_6349110,IL_2300316,dermoscopic,dermoscopic,Malignant,AKIEC,1,85.0,female,lower extremity,train
ISIC_2708075,IL_2301403,clinical,clinical: close-up,Malignant,BCC,1,80.0,male,,train
ISIC_4712987,IL_2301403,dermoscopic,dermoscopic,Malignant,BCC,1,80.0,male,,train
ISIC_8644031,IL_2304727,clinical,clinical: close-up,Malignant,SCCKA,1,60.0,female,upper extremity,train
ISIC_8778674,IL_2304727,dermoscopic,dermoscopic,Malignant,SCCKA,1,60.0,female,upper extremity,train
ISIC_3261212,IL_2307206,clinical,clinical: close-up,Malignant,BCC,1,50.0,male,upper extremity,train
ISIC_3810251,IL_2307206,dermoscopic,dermoscopic,Malignant,BCC,1,50.0,male,upper extremity,train
ISIC_3022090,IL_2308802,clinical,clinical: close-up,Malignant,BCC,1,85.0,female,,train
ISIC_1652393,IL_2308802,dermoscopic,dermoscopic,Malignant,BCC,1,85.0,female,,train
ISIC_5280916,IL_2309123,clinical,clinical: close-up,Benign,NV,0,40.0,female,upper extremity,train
ISIC_2464882,IL_2309123,dermoscopic,dermoscopic,Benign,NV,0,40.0,female,upper extremity,train
ISIC_1504993,IL_2315075,clinical,clinical: close-up,Malignant,BCC,1,50.0,male,head/neck,train
ISIC_9271327,IL_2315075,dermoscopic,dermoscopic,Malignant,BCC,1,50.0,male,head/neck,train
ISIC_7548109,IL_2315755,clinical,clinical: close-up,Malignant,MEL,1,45.0,female,lower extremity,train
ISIC_3048228,IL_2315755,dermoscopic,dermoscopic,Malignant,MEL,1,45.0,female,lower extremity,train
ISIC_5547547,IL_2321044,clinical,clinical: close-up,Malignant,AKIEC,1,50.0,female,,train
ISIC_3032983,IL_2321044,dermoscopic,dermoscopic,Malignant,AKIEC,1,50.0,female,,train
ISIC_2687321,IL_2326241,clinical,clinical: close-up,Malignant,BCC,1,65.0,female,,train
ISIC_4561114,IL_2326241,dermoscopic,dermoscopic,Malignant,BCC,1,65.0,female,,train
ISIC_2325423,IL_2328375,clinical,clinical: close-up,Malignant,BCC,1,65.0,male,head/neck,train
ISIC_7644369,IL_2328375,dermoscopic,dermoscopic,Malignant,BCC,1,65.0,male,head/neck,train
ISIC_3865889,IL_2328752,clinical,clinical: close-up,Malignant,BCC,1,75.0,male,head/neck,train
ISIC_8109519,IL_2328752,dermoscopic,dermoscopic,Malignant,BCC,1,75.0,male,head/neck,train
ISIC_2200184,IL_2329642,clinical,clinical: close-up,Malignant,BCC,1,85.0,female,,train
ISIC_5841896,IL_2329642,dermoscopic,dermoscopic,Malignant,BCC,1,85.0,female,,train
ISIC_9411600,IL_2332411,clinical,clinical: close-up,Malignant,MEL,1,65.0,female,,train
ISIC_5510526,IL_2332411,dermoscopic,dermoscopic,Malignant,MEL,1,65.0,female,,train
ISIC_0537394,IL_2334074,clinical,clinical: close-up,Malignant,BCC,1,70.0,male,,train
ISIC_6312254,IL_2334074,dermoscopic,dermoscopic,Malignant,BCC,1,70.0,male,,train
ISIC_4320592,IL_2334846,clinical,clinical: close-up,Malignant,MEL,1,70.0,male,upper extremity,train
ISIC_6428004,IL_2334846,dermoscopic,dermoscopic,Malignant,MEL,1,70.0,male,upper extremity,train
ISIC_0218425,IL_2335600,clinical,clinical: close-up,Malignant,SCCKA,1,70.0,male,lower extremity,train
ISIC_4369433,IL_2335600,dermoscopic,dermoscopic,Malignant,SCCKA,1,70.0,male,lower extremity,train
ISIC_0763911,IL_2338679,clinical,clinical: close-up,Malignant,BCC,1,80.0,female,lower extremity,train
ISIC_1721507,IL_2338679,dermoscopic,dermoscopic,Malignant,BCC,1,80.0,female,lower extremity,train
ISIC_4526175,IL_2351136,clinical,clinical: close-up,Malignant,BCC,1,50.0,male,upper extremity,train
ISIC_5165824,IL_2351136,dermoscopic,dermoscopic,Malignant,BCC,1,50.0,male,upper extremity,train
ISIC_0986356,IL_2352772,clinical,clinical: close-up,Benign,NV,0,45.0,female,,train
ISIC_0119243,IL_2352772,dermoscopic,dermoscopic,Benign,NV,0,45.0,female,,train
ISIC_3643046,IL_2357169,clinical,clinical: close-up,Benign,BKL,0,55.0,female,head/neck,train
ISIC_0912531,IL_2357169,dermoscopic,dermoscopic,Benign,BKL,0,55.0,female,head/neck,train
ISIC_2187177,IL_2359351,clinical,clinical: close-up,Benign,BKL,0,70.0,female,head/neck,train
ISIC_9180125,IL_2359351,dermoscopic,dermoscopic,Benign,BKL,0,70.0,female,head/neck,train
ISIC_2517252,IL_2360320,clinical,clinical: close-up,Malignant,BCC,1,75.0,male,,train
ISIC_9161612,IL_2360320,dermoscopic,dermoscopic,Malignant,BCC,1,75.0,male,,train
ISIC_3298684,IL_2369272,clinical,clinical: close-up,Malignant,BCC,1,50.0,female,,train
ISIC_5883189,IL_2369272,dermoscopic,dermoscopic,Malignant,BCC,1,50.0,female,,train
ISIC_7174866,IL_2371687,clinical,clinical: close-up,Benign,NV,0,35.0,male,,train
ISIC_9353865,IL_2371687,dermoscopic,dermoscopic,Benign,NV,0,35.0,male,,train
ISIC_1054751,IL_2373762,clinical,clinical: close-up,Benign,BKL,0,65.0,female,upper extremity,train
ISIC_9995425,IL_2373762,dermoscopic,dermoscopic,Benign,BKL,0,65.0,female,upper extremity,train
ISIC_4429484,IL_2379441,clinical,clinical: close-up,Benign,NV,0,65.0,male,,train
ISIC_1756486,IL_2379441,dermoscopic,dermoscopic,Benign,NV,0,65.0,male,,train
ISIC_9360308,IL_2381875,clinical,clinical: close-up,Benign,NV,0,45.0,male,lower extremity,train
ISIC_5728052,IL_2381875,dermoscopic,dermoscopic,Benign,NV,0,45.0,male,lower extremity,train
ISIC_3601357,IL_2383580,clinical,clinical: close-up,Malignant,AKIEC,1,65.0,female,,train
ISIC_5958284,IL_2383580,dermoscopic,dermoscopic,Malignant,AKIEC,1,65.0,female,,train
ISIC_3979561,IL_2383953,clinical,clinical: close-up,Malignant,BCC,1,80.0,female,head/neck,train
ISIC_8118009,IL_2383953,dermoscopic,dermoscopic,Malignant,BCC,1,80.0,female,head/neck,train
ISIC_8652712,IL_2386676,clinical,clinical: close-up,Benign,NV,0,60.0,female,,train
ISIC_1473683,IL_2386676,dermoscopic,dermoscopic,Benign,NV,0,60.0,female,,train
ISIC_0115114,IL_2397644,clinical,clinical: close-up,Benign,NV,0,70.0,male,lower extremity,train
ISIC_4606877,IL_2397644,dermoscopic,dermoscopic,Benign,NV,0,70.0,male,lower extremity,train
ISIC_9213644,IL_2401585,clinical,clinical: close-up,Benign,BKL,0,50.0,male,,train
ISIC_2581720,IL_2401585,dermoscopic,dermoscopic,Benign,BKL,0,50.0,male,,train
ISIC_9432372,IL_2401627,clinical,clinical: close-up,Malignant,BCC,1,65.0,male,,train
ISIC_5442946,IL_2401627,dermoscopic,dermoscopic,Malignant,BCC,1,65.0,male,,train
ISIC_7534938,IL_2403428,clinical,clinical: close-up,Malignant,BCC,1,65.0,female,head/neck,train
ISIC_7883260,IL_2403428,dermoscopic,dermoscopic,Malignant,BCC,1,65.0,female,head/neck,train
ISIC_9890207,IL_2404701,clinical,clinical: close-up,Benign,NV,0,60.0,male,,train
ISIC_8019366,IL_2404701,dermoscopic,dermoscopic,Benign,NV,0,60.0,male,,train
ISIC_0169805,IL_2405400,clinical,clinical: close-up,Malignant,BCC,1,75.0,male,,train
ISIC_6344855,IL_2405400,dermoscopic,dermoscopic,Malignant,BCC,1,75.0,male,,train
ISIC_8856766,IL_2406754,clinical,clinical: close-up,Malignant,MEL,1,45.0,female,head/neck,train
ISIC_3085336,IL_2406754,dermoscopic,dermoscopic,Malignant,MEL,1,45.0,female,head/neck,train
ISIC_1709796,IL_2416806,clinical,clinical: close-up,Malignant,SCCKA,1,70.0,male,upper extremity,train
ISIC_0256695,IL_2416806,dermoscopic,dermoscopic,Malignant,SCCKA,1,70.0,male,upper extremity,train
ISIC_2514435,IL_2423269,clinical,clinical: close-up,Benign,BKL,0,35.0,female,head/neck,train
ISIC_6949754,IL_2423269,dermoscopic,dermoscopic,Benign,BKL,0,35.0,female,head/neck,train
ISIC_4662941,IL_2426275,clinical,clinical: close-up,Malignant,BCC,1,65.0,female,lower extremity,train
ISIC_9642724,IL_2426275,dermoscopic,dermoscopic,Malignant,BCC,1,65.0,female,lower extremity,train
ISIC_8771667,IL_2429008,clinical,clinical: close-up,Malignant,MEL,1,60.0,female,lower extremity,train
ISIC_9693802,IL_2429008,dermoscopic,dermoscopic,Malignant,MEL,1,60.0,female,lower extremity,train
ISIC_7898573,IL_2432555,clinical,clinical: close-up,Malignant,BCC,1,70.0,male,lower extremity,train
ISIC_0772652,IL_2432555,dermoscopic,dermoscopic,Malignant,BCC,1,70.0,male,lower extremity,train
ISIC_4526071,IL_2441603,clinical,clinical: close-up,Malignant,BCC,1,70.0,male,lower extremity,train
ISIC_5233296,IL_2441603,dermoscopic,dermoscopic,Malignant,BCC,1,70.0,male,lower extremity,train
ISIC_5063574,IL_2448837,clinical,clinical: close-up,Malignant,BCC,1,85.0,male,,train
ISIC_5567599,IL_2448837,dermoscopic,dermoscopic,Malignant,BCC,1,85.0,male,,train
ISIC_1833277,IL_2450142,clinical,clinical: close-up,Malignant,MEL,1,65.0,male,,train
ISIC_5629312,IL_2450142,dermoscopic,dermoscopic,Malignant,MEL,1,65.0,male,,train
ISIC_2987893,IL_2454267,clinical,clinical: close-up,Malignant,SCCKA,1,85.0,male,upper extremity,train
ISIC_8882696,IL_2454267,dermoscopic,dermoscopic,Malignant,SCCKA,1,85.0,male,upper extremity,train
ISIC_0367096,IL_2461087,clinical,clinical: close-up,Benign,NV,0,85.0,female,,train
ISIC_1284470,IL_2461087,dermoscopic,dermoscopic,Benign,NV,0,85.0,female,,train
ISIC_3080695,IL_2463656,clinical,clinical: close-up,Benign,NV,0,45.0,male,,train
ISIC_1964200,IL_2463656,dermoscopic,dermoscopic,Benign,NV,0,45.0,male,,train
ISIC_7939458,IL_2466178,clinical,clinical: close-up,Malignant,BCC,1,85.0,female,head/neck,train
ISIC_5804674,IL_2466178,dermoscopic,dermoscopic,Malignant,BCC,1,85.0,female,head/neck,train
ISIC_2877008,IL_2466872,clinical,clinical: close-up,Malignant,BCC,1,65.0,female,,train
ISIC_8206552,IL_2466872,dermoscopic,dermoscopic,Malignant,BCC,1,65.0,female,,train
ISIC_8978224,IL_2467466,clinical,clinical: close-up,Malignant,AKIEC,1,75.0,male,head/neck,train
ISIC_4243113,IL_2467466,dermoscopic,dermoscopic,Malignant,AKIEC,1,75.0,male,head/neck,train
ISIC_4830413,IL_2468895,clinical,clinical: close-up,Malignant,BCC,1,50.0,male,upper extremity,train
ISIC_4350222,IL_2468895,dermoscopic,dermoscopic,Malignant,BCC,1,50.0,male,upper extremity,train
ISIC_5796545,IL_2473158,clinical,clinical: close-up,Benign,BKL,0,65.0,female,,train
ISIC_5235518,IL_2473158,dermoscopic,dermoscopic,Benign,BKL,0,65.0,female,,train
ISIC_6190061,IL_2476952,clinical,clinical: close-up,Malignant,BCC,1,60.0,male,,train
ISIC_4328393,IL_2476952,dermoscopic,dermoscopic,Malignant,BCC,1,60.0,male,,train
ISIC_1431910,IL_2477407,clinical,clinical: close-up,Malignant,BCC,1,55.0,male,,train
ISIC_2001379,IL_2477407,dermoscopic,dermoscopic,Malignant,BCC,1,55.0,male,,train
ISIC_9048808,IL_2478742,clinical,clinical: close-up,Malignant,BCC,1,45.0,male,,train
ISIC_0880053,IL_2478742,dermoscopic,dermoscopic,Malignant,BCC,1,45.0,male,,train
ISIC_1346199,IL_2483019,clinical,clinical: close-up,Malignant,BCC,1,65.0,female,head/neck,train
ISIC_2383380,IL_2483019,dermoscopic,dermoscopic,Malignant,BCC,1,65.0,female,head/neck,train
ISIC_2060638,IL_2484689,clinical,clinical: close-up,Benign,BKL,0,65.0,male,upper extremity,train
ISIC_2094944,IL_2484689,dermoscopic,dermoscopic,Benign,BKL,0,65.0,male,upper extremity,train
ISIC_4397628,IL_2491792,clinical,clinical: close-up,Malignant,MEL,1,60.0,female,,train
ISIC_0823269,IL_2491792,dermoscopic,dermoscopic,Malignant,MEL,1,60.0,female,,train
ISIC_9745273,IL_2493163,clinical,clinical: close-up,Benign,NV,0,25.0,male,,train
ISIC_7929517,IL_2493163,dermoscopic,dermoscopic,Benign,NV,0,25.0,male,,train
ISIC_9062645,IL_2495327,clinical,clinical: close-up,Malignant,BCC,1,55.0,male,head/neck,train
ISIC_1499717,IL_2495327,dermoscopic,dermoscopic,Malignant,BCC,1,55.0,male,head/neck,train
ISIC_1686930,IL_2495796,clinical,clinical: close-up,Malignant,BCC,1,70.0,female,lower extremity,train
ISIC_2387540,IL_2495796,dermoscopic,dermoscopic,Malignant,BCC,1,70.0,female,lower extremity,train
ISIC_5620414,IL_2497453,clinical,clinical: close-up,Malignant,SCCKA,1,80.0,female,lower extremity,train
ISIC_4272600,IL_2497453,dermoscopic,dermoscopic,Malignant,SCCKA,1,80.0,female,lower extremity,train
ISIC_7952911,IL_2499143,clinical,clinical: close-up,Benign,BKL,0,65.0,female,lower extremity,train
ISIC_0159874,IL_2499143,dermoscopic,dermoscopic,Benign,BKL,0,65.0,female,lower extremity,train
ISIC_5168814,IL_2503315,clinical,clinical: close-up,Malignant,MEL,1,60.0,male,head/neck,train
ISIC_2222084,IL_2503315,dermoscopic,dermoscopic,Malignant,MEL,1,60.0,male,head/neck,train
ISIC_5403535,IL_2504113,clinical,clinical: close-up,Malignant,BCC,1,50.0,male,,train
ISIC_6063897,IL_2504113,dermoscopic,dermoscopic,Malignant,BCC,1,50.0,male,,train
ISIC_9209191,IL_2504779,clinical,clinical: close-up,Benign,NV,0,55.0,female,,train
ISIC_2062505,IL_2504779,dermoscopic,dermoscopic,Benign,NV,0,55.0,female,,train
ISIC_9658127,IL_2511826,clinical,clinical: close-up,Indeterminate,AKIEC,1,55.0,male,upper extremity,train
ISIC_6047898,IL_2511826,dermoscopic,dermoscopic,Indeterminate,AKIEC,1,55.0,male,upper extremity,train
ISIC_8226503,IL_2513710,clinical,clinical: close-up,Malignant,BCC,1,80.0,male,,train
ISIC_1166088,IL_2513710,dermoscopic,dermoscopic,Malignant,BCC,1,80.0,male,,train
ISIC_1933691,IL_2517543,clinical,clinical: close-up,Malignant,MEL,1,60.0,male,,train
ISIC_5912360,IL_2517543,dermoscopic,dermoscopic,Malignant,MEL,1,60.0,male,,train
ISIC_4179264,IL_2522650,clinical,clinical: close-up,Malignant,BCC,1,45.0,female,upper extremity,train
ISIC_8707635,IL_2522650,dermoscopic,dermoscopic,Malignant,BCC,1,45.0,female,upper extremity,train
ISIC_6290373,IL_2526379,clinical,clinical: close-up,Benign,NV,0,30.0,female,lower extremity,train
ISIC_5175946,IL_2526379,dermoscopic,dermoscopic,Benign,NV,0,30.0,female,lower extremity,train
ISIC_8868003,IL_2528197,clinical,clinical: close-up,Malignant,AKIEC,1,80.0,male,upper extremity,train
ISIC_4684596,IL_2528197,dermoscopic,dermoscopic,Malignant,AKIEC,1,80.0,male,upper extremity,train
ISIC_3991986,IL_2528819,clinical,clinical: close-up,Benign,NV,0,5.0,male,,train
ISIC_6853529,IL_2528819,dermoscopic,dermoscopic,Benign,NV,0,5.0,male,,train
ISIC_7581757,IL_2529122,clinical,clinical: close-up,Malignant,BCC,1,55.0,male,,train
ISIC_1105494,IL_2529122,dermoscopic,dermoscopic,Malignant,BCC,1,55.0,male,,train
ISIC_9073880,IL_2531194,clinical,clinical: close-up,Benign,NV,0,45.0,male,,train
ISIC_8544988,IL_2531194,dermoscopic,dermoscopic,Benign,NV,0,45.0,male,,train
ISIC_2823934,IL_2531904,clinical,clinical: close-up,Benign,BKL,0,60.0,female,head/neck,train
ISIC_5550212,IL_2531904,dermoscopic,dermoscopic,Benign,BKL,0,60.0,female,head/neck,train
ISIC_5667703,IL_2534024,clinical,clinical: close-up,Malignant,BCC,1,65.0,male,head/neck,train
ISIC_1720500,IL_2534024,dermoscopic,dermoscopic,Malignant,BCC,1,65.0,male,head/neck,train
ISIC_1771078,IL_2538872,clinical,clinical: close-up,Malignant,BCC,1,55.0,female,,train
ISIC_5472264,IL_2538872,dermoscopic,dermoscopic,Malignant,BCC,1,55.0,female,,train
ISIC_2938744,IL_2540198,clinical,clinical: close-up,Malignant,SCCKA,1,70.0,male,upper extremity,train
ISIC_9421756,IL_2540198,dermoscopic,dermoscopic,Malignant,SCCKA,1,70.0,male,upper extremity,train
ISIC_1899709,IL_2541447,clinical,clinical: close-up,Malignant,BCC,1,65.0,female,upper extremity,train
ISIC_4027141,IL_2541447,dermoscopic,dermoscopic,Malignant,BCC,1,65.0,female,upper extremity,train
ISIC_5518449,IL_2545098,clinical,clinical: close-up,Benign,BKL,0,60.0,male,,train
ISIC_3399647,IL_2545098,dermoscopic,dermoscopic,Benign,BKL,0,60.0,male,,train
ISIC_0502224,IL_2547187,clinical,clinical: close-up,Malignant,BCC,1,60.0,male,head/neck,train
ISIC_0724943,IL_2547187,dermoscopic,dermoscopic,Malignant,BCC,1,60.0,male,head/neck,train
ISIC_7485100,IL_2553098,clinical,clinical: close-up,Malignant,BCC,1,60.0,male,lower extremity,train
ISIC_2612910,IL_2553098,dermoscopic,dermoscopic,Malignant,BCC,1,60.0,male,lower extremity,train
ISIC_4641479,IL_2557121,clinical,clinical: close-up,Malignant,BCC,1,65.0,male,head/neck,train
ISIC_6710161,IL_2557121,dermoscopic,dermoscopic,Malignant,BCC,1,65.0,male,head/neck,train
ISIC_7797463,IL_2566700,clinical,clinical: close-up,Malignant,BCC,1,55.0,female,,train
ISIC_7558897,IL_2566700,dermoscopic,dermoscopic,Malignant,BCC,1,55.0,female,,train
ISIC_6235050,IL_2567516,clinical,clinical: close-up,Benign,NV,0,30.0,female,,train
ISIC_1579405,IL_2567516,dermoscopic,dermoscopic,Benign,NV,0,30.0,female,,train
ISIC_3715527,IL_2568881,clinical,clinical: close-up,Malignant,BCC,1,50.0,male,head/neck,train
ISIC_6170894,IL_2568881,dermoscopic,dermoscopic,Malignant,BCC,1,50.0,male,head/neck,train
ISIC_7985297,IL_2574343,clinical,clinical: close-up,Malignant,SCCKA,1,70.0,male,lower extremity,train
ISIC_5744822,IL_2574343,dermoscopic,dermoscopic,Malignant,SCCKA,1,70.0,male,lower extremity,train
ISIC_1107534,IL_2582218,clinical,clinical: close-up,Malignant,BCC,1,70.0,female,head/neck,train
ISIC_7629062,IL_2582218,dermoscopic,dermoscopic,Malignant,BCC,1,70.0,female,head/neck,train
ISIC_4602943,IL_2585626,clinical,clinical: close-up,Malignant,AKIEC,1,70.0,male,,train
ISIC_5870525,IL_2585626,dermoscopic,dermoscopic,Malignant,AKIEC,1,70.0,male,,train
ISIC_3791100,IL_2587941,clinical,clinical: close-up,Benign,BKL,0,55.0,male,head/neck,train
ISIC_3658597,IL_2587941,dermoscopic,dermoscopic,Benign,BKL,0,55.0,male,head/neck,train
ISIC_9809278,IL_2588652,clinical,clinical: close-up,Malignant,BCC,1,75.0,male,,train
ISIC_7352384,IL_2588652,dermoscopic,dermoscopic,Malignant,BCC,1,75.0,male,,train
ISIC_2320596,IL_2591280,clinical,clinical: close-up,Malignant,BCC,1,85.0,female,head/neck,train
ISIC_6524360,IL_2591280,dermoscopic,dermoscopic,Malignant,BCC,1,85.0,female,head/neck,train
ISIC_2286311,IL_2591955,clinical,clinical: close-up,Malignant,BCC,1,40.0,female,head/neck,train
ISIC_9255133,IL_2591955,dermoscopic,dermoscopic,Malignant,BCC,1,40.0,female,head/neck,train
ISIC_3162836,IL_2609201,clinical,clinical: close-up,Benign,NV,0,50.0,male,,train
ISIC_4388573,IL_2609201,dermoscopic,dermoscopic,Benign,NV,0,50.0,male,,train
ISIC_1192517,IL_2610078,clinical,clinical: close-up,Malignant,BCC,1,50.0,male,,train
ISIC_4413011,IL_2610078,dermoscopic,dermoscopic,Malignant,BCC,1,50.0,male,,train
ISIC_2786202,IL_2610875,clinical,clinical: close-up,Malignant,BCC,1,70.0,female,upper extremity,train
ISIC_4416938,IL_2610875,dermoscopic,dermoscopic,Malignant,BCC,1,70.0,female,upper extremity,train
ISIC_2185560,IL_2612192,clinical,clinical: close-up,Malignant,BCC,1,65.0,female,,train
ISIC_5313254,IL_2612192,dermoscopic,dermoscopic,Malignant,BCC,1,65.0,female,,train
ISIC_2852852,IL_2621317,clinical,clinical: close-up,Malignant,SCCKA,1,70.0,male,upper extremity,train
ISIC_4200513,IL_2621317,dermoscopic,dermoscopic,Malignant,SCCKA,1,70.0,male,upper extremity,train
ISIC_6806931,IL_2632652,clinical,clinical: close-up,Benign,NV,0,70.0,female,,train
ISIC_8678969,IL_2632652,dermoscopic,dermoscopic,Benign,NV,0,70.0,female,,train
ISIC_2188127,IL_2634708,clinical,clinical: close-up,Malignant,BCC,1,50.0,male,head/neck,train
ISIC_3676018,IL_2634708,dermoscopic,dermoscopic,Malignant,BCC,1,50.0,male,head/neck,train
ISIC_7067801,IL_2634842,clinical,clinical: close-up,Malignant,BCC,1,70.0,female,lower extremity,train
ISIC_4082454,IL_2634842,dermoscopic,dermoscopic,Malignant,BCC,1,70.0,female,lower extremity,train
ISIC_4127514,IL_2638110,clinical,clinical: close-up,Malignant,MEL,1,70.0,male,lower extremity,train
ISIC_4203842,IL_2638110,dermoscopic,dermoscopic,Malignant,MEL,1,70.0,male,lower extremity,train
ISIC_0740405,IL_2647562,clinical,clinical: close-up,Benign,BKL,0,70.0,female,,train
ISIC_5584851,IL_2647562,dermoscopic,dermoscopic,Benign,BKL,0,70.0,female,,train
ISIC_9676972,IL_2648810,clinical,clinical: close-up,Malignant,BCC,1,70.0,female,,train
ISIC_4720694,IL_2648810,dermoscopic,dermoscopic,Malignant,BCC,1,70.0,female,,train
ISIC_4875678,IL_2650729,clinical,clinical: close-up,Malignant,SCCKA,1,80.0,male,lower extremity,train
ISIC_6857782,IL_2650729,dermoscopic,dermoscopic,Malignant,SCCKA,1,80.0,male,lower extremity,train
ISIC_2137894,IL_2651247,clinical,clinical: close-up,Malignant,MEL,1,75.0,male,head/neck,train
ISIC_9239978,IL_2651247,dermoscopic,dermoscopic,Malignant,MEL,1,75.0,male,head/neck,train
ISIC_6550385,IL_2652788,clinical,clinical: close-up,Benign,VASC,0,25.0,female,,train
ISIC_5409072,IL_2652788,dermoscopic,dermoscopic,Benign,VASC,0,25.0,female,,train
ISIC_7981568,IL_2658437,clinical,clinical: close-up,Malignant,BCC,1,50.0,female,upper extremity,train
ISIC_6999928,IL_2658437,dermoscopic,dermoscopic,Malignant,BCC,1,50.0,female,upper extremity,train
ISIC_0582067,IL_2658835,clinical,clinical: close-up,Malignant,BCC,1,60.0,female,,train
ISIC_5356282,IL_2658835,dermoscopic,dermoscopic,Malignant,BCC,1,60.0,female,,train
ISIC_8663511,IL_2659865,clinical,clinical: close-up,Malignant,MEL,1,65.0,male,head/neck,train
ISIC_4146139,IL_2659865,dermoscopic,dermoscopic,Malignant,MEL,1,65.0,male,head/neck,train
ISIC_9312353,IL_2660318,clinical,clinical: close-up,Malignant,BCC,1,50.0,male,head/neck,train
ISIC_3039744,IL_2660318,dermoscopic,dermoscopic,Malignant,BCC,1,50.0,male,head/neck,train
ISIC_1058357,IL_2662966,clinical,clinical: close-up,Malignant,BCC,1,85.0,female,head/neck,train
ISIC_8782299,IL_2662966,dermoscopic,dermoscopic,Malignant,BCC,1,85.0,female,head/neck,train
ISIC_8346382,IL_2663790,clinical,clinical: close-up,Malignant,SCCKA,1,65.0,female,upper extremity,train
ISIC_2418674,IL_2663790,dermoscopic,dermoscopic,Malignant,SCCKA,1,65.0,female,upper extremity,train
ISIC_7530101,IL_2670180,clinical,clinical: close-up,Malignant,SCCKA,1,75.0,female,lower extremity,train
ISIC_9105114,IL_2670180,dermoscopic,dermoscopic,Malignant,SCCKA,1,75.0,female,lower extremity,train
ISIC_7144270,IL_2670603,clinical,clinical: close-up,Malignant,BCC,1,70.0,female,lower extremity,train
ISIC_0715287,IL_2670603,dermoscopic,dermoscopic,Malignant,BCC,1,70.0,female,lower extremity,train
ISIC_5287888,IL_2671860,clinical,clinical: close-up,Malignant,BCC,1,60.0,male,,train
ISIC_4771678,IL_2671860,dermoscopic,dermoscopic,Malignant,BCC,1,60.0,male,,train
ISIC_5902730,IL_2674670,clinical,clinical: close-up,Malignant,BCC,1,80.0,male,upper extremity,train
ISIC_6852771,IL_2674670,dermoscopic,dermoscopic,Malignant,BCC,1,80.0,male,upper extremity,train
ISIC_3724648,IL_2679001,clinical,clinical: close-up,Malignant,BCC,1,55.0,female,,train
ISIC_7671720,IL_2679001,dermoscopic,dermoscopic,Malignant,BCC,1,55.0,female,,train
ISIC_6175134,IL_2682225,clinical,clinical: close-up,Malignant,SCCKA,1,65.0,male,head/neck,train
ISIC_3500227,IL_2682225,dermoscopic,dermoscopic,Malignant,SCCKA,1,65.0,male,head/neck,train
ISIC_6546601,IL_2687877,clinical,clinical: close-up,Malignant,BCC,1,85.0,female,head/neck,train
ISIC_2171027,IL_2687877,dermoscopic,dermoscopic,Malignant,BCC,1,85.0,female,head/neck,train
ISIC_9233052,IL_2689946,clinical,clinical: close-up,Benign,BKL,0,85.0,female,,train
ISIC_5415740,IL_2689946,dermoscopic,dermoscopic,Benign,BKL,0,85.0,female,,train
ISIC_0532506,IL_2692187,clinical,clinical: close-up,Benign,BEN_OTH,0,60.0,female,head/neck,train
ISIC_6581608,IL_2692187,dermoscopic,dermoscopic,Benign,BEN_OTH,0,60.0,female,head/neck,train
ISIC_8863788,IL_2694953,clinical,clinical: close-up,Benign,NV,0,60.0,female,upper extremity,train
ISIC_8377707,IL_2694953,dermoscopic,dermoscopic,Benign,NV,0,60.0,female,upper extremity,train
ISIC_0930244,IL_2696717,clinical,clinical: close-up,Malignant,BCC,1,65.0,male,upper extremity,train
ISIC_2054940,IL_2696717,dermoscopic,dermoscopic,Malignant,BCC,1,65.0,male,upper extremity,train
ISIC_4568904,IL_2702338,clinical,clinical: close-up,Malignant,MEL,1,45.0,female,head/neck,train
ISIC_5889858,IL_2702338,dermoscopic,dermoscopic,Malignant,MEL,1,45.0,female,head/neck,train
ISIC_9112089,IL_2704222,clinical,clinical: close-up,Malignant,BCC,1,60.0,male,,train
ISIC_3235332,IL_2704222,dermoscopic,dermoscopic,Malignant,BCC,1,60.0,male,,train
ISIC_7080457,IL_2707653,clinical,clinical: close-up,Malignant,BCC,1,65.0,female,lower extremity,train
ISIC_2991167,IL_2707653,dermoscopic,dermoscopic,Malignant,BCC,1,65.0,female,lower extremity,train
ISIC_5649480,IL_2710890,clinical,clinical: close-up,Benign,NV,0,35.0,female,head/neck,train
ISIC_1078763,IL_2710890,dermoscopic,dermoscopic,Benign,NV,0,35.0,female,head/neck,train
ISIC_5230169,IL_2711226,clinical,clinical: close-up,Malignant,SCCKA,1,80.0,male,,train
ISIC_4653572,IL_2711226,dermoscopic,dermoscopic,Malignant,SCCKA,1,80.0,male,,train
ISIC_2869678,IL_2714840,clinical,clinical: close-up,Malignant,BCC,1,70.0,female,lower extremity,train
ISIC_2907780,IL_2714840,dermoscopic,dermoscopic,Malignant,BCC,1,70.0,female,lower extremity,train
ISIC_7931784,IL_2718165,clinical,clinical: close-up,Indeterminate,AKIEC,1,70.0,female,head/neck,train
ISIC_6044977,IL_2718165,dermoscopic,dermoscopic,Indeterminate,AKIEC,1,70.0,female,head/neck,train
ISIC_2801800,IL_2719236,clinical,clinical: close-up,Malignant,BCC,1,80.0,male,head/neck,train
ISIC_7082726,IL_2719236,dermoscopic,dermoscopic,Malignant,BCC,1,80.0,male,head/neck,train
ISIC_2851104,IL_2719812,clinical,clinical: close-up,Malignant,BCC,1,75.0,female,,train
ISIC_6213875,IL_2719812,dermoscopic,dermoscopic,Malignant,BCC,1,75.0,female,,train
ISIC_0495585,IL_2721693,clinical,clinical: close-up,Malignant,BCC,1,55.0,male,lower extremity,train
ISIC_5164012,IL_2721693,dermoscopic,dermoscopic,Malignant,BCC,1,55.0,male,lower extremity,train
ISIC_4836899,IL_2722741,clinical,clinical: close-up,Malignant,BCC,1,65.0,male,,train
ISIC_9216457,IL_2722741,dermoscopic,dermoscopic,Malignant,BCC,1,65.0,male,,train
ISIC_9656292,IL_2725320,clinical,clinical: close-up,Malignant,AKIEC,1,70.0,male,lower extremity,train
ISIC_3909654,IL_2725320,dermoscopic,dermoscopic,Malignant,AKIEC,1,70.0,male,lower extremity,train
ISIC_0316259,IL_2730356,clinical,clinical: close-up,Malignant,BCC,1,60.0,male,,train
ISIC_7989453,IL_2730356,dermoscopic,dermoscopic,Malignant,BCC,1,60.0,male,,train
ISIC_5071145,IL_2733872,clinical,clinical: close-up,Malignant,BCC,1,70.0,male,head/neck,train
ISIC_7799334,IL_2733872,dermoscopic,dermoscopic,Malignant,BCC,1,70.0,male,head/neck,train
ISIC_9144494,IL_2734899,clinical,clinical: close-up,Malignant,BCC,1,70.0,male,,train
ISIC_2038875,IL_2734899,dermoscopic,dermoscopic,Malignant,BCC,1,70.0,male,,train
ISIC_7604483,IL_2735586,clinical,clinical: close-up,Benign,BKL,0,50.0,female,,train
ISIC_1757189,IL_2735586,dermoscopic,dermoscopic,Benign,BKL,0,50.0,female,,train
ISIC_2920382,IL_2739808,clinical,clinical: close-up,Malignant,MEL,1,65.0,male,,train
ISIC_4256719,IL_2739808,dermoscopic,dermoscopic,Malignant,MEL,1,65.0,male,,train
ISIC_0583040,IL_2740967,clinical,clinical: close-up,Malignant,MEL,1,35.0,female,head/neck,train
ISIC_2586707,IL_2740967,dermoscopic,dermoscopic,Malignant,MEL,1,35.0,female,head/neck,train
ISIC_1845748,IL_2742965,clinical,clinical: close-up,Benign,BKL,0,75.0,male,lower extremity,train
ISIC_7719129,IL_2742965,dermoscopic,dermoscopic,Benign,BKL,0,75.0,male,lower extremity,train
ISIC_2228525,IL_2745193,clinical,clinical: close-up,Benign,NV,0,45.0,male,,train
ISIC_8008482,IL_2745193,dermoscopic,dermoscopic,Benign,NV,0,45.0,male,,train
ISIC_0590401,IL_2748244,clinical,clinical: close-up,Malignant,BCC,1,85.0,male,upper extremity,train
ISIC_1014403,IL_2748244,dermoscopic,dermoscopic,Malignant,BCC,1,85.0,male,upper extremity,train
ISIC_7337805,IL_2750641,clinical,clinical: close-up,Malignant,BCC,1,60.0,female,head/neck,train
ISIC_4517401,IL_2750641,dermoscopic,dermoscopic,Malignant,BCC,1,60.0,female,head/neck,train
ISIC_6059802,IL_2751671,clinical,clinical: close-up,Malignant,BCC,1,40.0,female,,train
ISIC_5501232,IL_2751671,dermoscopic,dermoscopic,Malignant,BCC,1,40.0,female,,train
ISIC_3543603,IL_2753111,clinical,clinical: close-up,Malignant,SCCKA,1,80.0,male,upper extremity,train
ISIC_1980584,IL_2753111,dermoscopic,dermoscopic,Malignant,SCCKA,1,80.0,male,upper extremity,train
ISIC_5856786,IL_2755803,clinical,clinical: close-up,Malignant,BCC,1,55.0,male,upper extremity,train
ISIC_1993005,IL_2755803,dermoscopic,dermoscopic,Malignant,BCC,1,55.0,male,upper extremity,train
ISIC_9191650,IL_2759218,clinical,clinical: close-up,Malignant,MEL,1,70.0,male,head/neck,train
ISIC_1593018,IL_2759218,dermoscopic,dermoscopic,Malignant,MEL,1,70.0,male,head/neck,train
ISIC_2214827,IL_2759554,clinical,clinical: close-up,Benign,NV,0,55.0,male,lower extremity,train
ISIC_4416373,IL_2759554,dermoscopic,dermoscopic,Benign,NV,0,55.0,male,lower extremity,train
ISIC_8245171,IL_2760690,clinical,clinical: close-up,Malignant,BCC,1,60.0,male,head/neck,train
ISIC_1844015,IL_2760690,dermoscopic,dermoscopic,Malignant,BCC,1,60.0,male,head/neck,train
ISIC_1332174,IL_2771122,clinical,clinical: close-up,Benign,BKL,0,65.0,male,head/neck,train
ISIC_0178503,IL_2771122,dermoscopic,dermoscopic,Benign,BKL,0,65.0,male,head/neck,train
ISIC_7481650,IL_2771933,clinical,clinical: close-up,Malignant,BCC,1,75.0,male,,train
ISIC_6373409,IL_2771933,dermoscopic,dermoscopic,Malignant,BCC,1,75.0,male,,train
ISIC_2241043,IL_2779064,clinical,clinical: close-up,Malignant,BCC,1,60.0,male,lower extremity,train
ISIC_3851477,IL_2779064,dermoscopic,dermoscopic,Malignant,BCC,1,60.0,male,lower extremity,train
ISIC_7112529,IL_2779245,clinical,clinical: close-up,Malignant,BCC,1,55.0,male,,train
ISIC_9766600,IL_2779245,dermoscopic,dermoscopic,Malignant,BCC,1,55.0,male,,train
ISIC_7901262,IL_2783925,clinical,clinical: close-up,Malignant,BCC,1,70.0,female,,train
ISIC_2689544,IL_2783925,dermoscopic,dermoscopic,Malignant,BCC,1,70.0,female,,train
ISIC_7789126,IL_2786216,clinical,clinical: close-up,Benign,NV,0,35.0,male,head/neck,train
ISIC_6353654,IL_2786216,dermoscopic,dermoscopic,Benign,NV,0,35.0,male,head/neck,train
ISIC_3428806,IL_2791803,clinical,clinical: close-up,Benign,BKL,0,60.0,male,lower extremity,train
ISIC_6279832,IL_2791803,dermoscopic,dermoscopic,Benign,BKL,0,60.0,male,lower extremity,train
ISIC_7782780,IL_2794961,clinical,clinical: close-up,Malignant,BCC,1,60.0,female,lower extremity,train
ISIC_5963071,IL_2794961,dermoscopic,dermoscopic,Malignant,BCC,1,60.0,female,lower extremity,train
ISIC_9155561,IL_2797593,clinical,clinical: close-up,Benign,NV,0,70.0,male,,train
ISIC_6785657,IL_2797593,dermoscopic,dermoscopic,Benign,NV,0,70.0,male,,train
ISIC_2083813,IL_2797829,clinical,clinical: close-up,Benign,BKL,0,65.0,female,head/neck,train
ISIC_9222540,IL_2797829,dermoscopic,dermoscopic,Benign,BKL,0,65.0,female,head/neck,train
ISIC_9626996,IL_2802715,clinical,clinical: close-up,Malignant,BCC,1,75.0,male,head/neck,train
ISIC_3397720,IL_2802715,dermoscopic,dermoscopic,Malignant,BCC,1,75.0,male,head/neck,train
ISIC_9625853,IL_2806266,clinical,clinical: close-up,Malignant,BCC,1,60.0,female,lower extremity,train
ISIC_9598621,IL_2806266,dermoscopic,dermoscopic,Malignant,BCC,1,60.0,female,lower extremity,train
ISIC_7136010,IL_2808102,clinical,clinical: close-up,Malignant,MEL,1,45.0,male,,train
ISIC_0410802,IL_2808102,dermoscopic,dermoscopic,Malignant,MEL,1,45.0,male,,train
ISIC_8390476,IL_2810751,clinical,clinical: close-up,Benign,VASC,0,65.0,female,,train
ISIC_6192197,IL_2810751,dermoscopic,dermoscopic,Benign,VASC,0,65.0,female,,train
ISIC_1338257,IL_2811473,clinical,clinical: close-up,Malignant,MEL,1,25.0,female,lower extremity,train
ISIC_4243006,IL_2811473,dermoscopic,dermoscopic,Malignant,MEL,1,25.0,female,lower extremity,train
ISIC_5007628,IL_2815736,clinical,clinical: close-up,Malignant,SCCKA,1,75.0,male,upper extremity,train
ISIC_4116218,IL_2815736,dermoscopic,dermoscopic,Malignant,SCCKA,1,75.0,male,upper extremity,train
ISIC_3037508,IL_2816298,clinical,clinical: close-up,Malignant,BCC,1,60.0,female,head/neck,train
ISIC_6747832,IL_2816298,dermoscopic,dermoscopic,Malignant,BCC,1,60.0,female,head/neck,train
ISIC_4051459,IL_2821398,clinical,clinical: close-up,Malignant,BCC,1,65.0,male,upper extremity,train
ISIC_9857002,IL_2821398,dermoscopic,dermoscopic,Malignant,BCC,1,65.0,male,upper extremity,train
ISIC_2523004,IL_2831969,clinical,clinical: close-up,Indeterminate,AKIEC,1,75.0,male,head/neck,train
ISIC_0467778,IL_2831969,dermoscopic,dermoscopic,Indeterminate,AKIEC,1,75.0,male,head/neck,train
ISIC_6606816,IL_2833309,clinical,clinical: close-up,Benign,NV,0,50.0,male,head/neck,train
ISIC_2335013,IL_2833309,dermoscopic,dermoscopic,Benign,NV,0,50.0,male,head/neck,train
ISIC_4604175,IL_2836148,clinical,clinical: close-up,Benign,BKL,0,80.0,female,lower extremity,train
ISIC_1258360,IL_2836148,dermoscopic,dermoscopic,Benign,BKL,0,80.0,female,lower extremity,train
ISIC_9705765,IL_2840030,clinical,clinical: close-up,Malignant,BCC,1,70.0,male,,train
ISIC_7904505,IL_2840030,dermoscopic,dermoscopic,Malignant,BCC,1,70.0,male,,train
ISIC_5449756,IL_2849550,clinical,clinical: close-up,Malignant,BCC,1,75.0,male,,train
ISIC_3152857,IL_2849550,dermoscopic,dermoscopic,Malignant,BCC,1,75.0,male,,train
ISIC_2696566,IL_2851891,clinical,clinical: close-up,Benign,NV,0,20.0,female,head/neck,train
ISIC_7559942,IL_2851891,dermoscopic,dermoscopic,Benign,NV,0,20.0,female,head/neck,train
ISIC_7509818,IL_2852064,clinical,clinical: close-up,Malignant,BCC,1,70.0,female,head/neck,train
ISIC_9351886,IL_2852064,dermoscopic,dermoscopic,Malignant,BCC,1,70.0,female,head/neck,train
ISIC_4214316,IL_2854884,clinical,clinical: close-up,Benign,NV,0,45.0,male,lower extremity,train
ISIC_2471885,IL_2854884,dermoscopic,dermoscopic,Benign,NV,0,45.0,male,lower extremity,train
ISIC_3251490,IL_2868524,clinical,clinical: close-up,Malignant,BCC,1,70.0,male,,train
ISIC_6827974,IL_2868524,dermoscopic,dermoscopic,Malignant,BCC,1,70.0,male,,train
ISIC_8410138,IL_2868879,clinical,clinical: close-up,Malignant,SCCKA,1,45.0,male,,train
ISIC_2319242,IL_2868879,dermoscopic,dermoscopic,Malignant,SCCKA,1,45.0,male,,train
ISIC_9135081,IL_2869334,clinical,clinical: close-up,Benign,BKL,0,50.0,male,,train
ISIC_1832787,IL_2869334,dermoscopic,dermoscopic,Benign,BKL,0,50.0,male,,train
ISIC_3693749,IL_2875964,clinical,clinical: close-up,Malignant,BCC,1,55.0,male,head/neck,train
ISIC_1948728,IL_2875964,dermoscopic,dermoscopic,Malignant,BCC,1,55.0,male,head/neck,train
ISIC_2299814,IL_2880261,clinical,clinical: close-up,Malignant,BCC,1,70.0,male,head/neck,train
ISIC_9562051,IL_2880261,dermoscopic,dermoscopic,Malignant,BCC,1,70.0,male,head/neck,train
ISIC_4122632,IL_2881037,clinical,clinical: close-up,Malignant,BCC,1,70.0,male,upper extremity,train
ISIC_7632279,IL_2881037,dermoscopic,dermoscopic,Malignant,BCC,1,70.0,male,upper extremity,train
ISIC_5150740,IL_2888238,clinical,clinical: close-up,Malignant,BCC,1,65.0,female,lower extremity,train
ISIC_1631620,IL_2888238,dermoscopic,dermoscopic,Malignant,BCC,1,65.0,female,lower extremity,train
ISIC_4957395,IL_2889999,clinical,clinical: close-up,Benign,BKL,0,65.0,male,upper extremity,train
ISIC_7103694,IL_2889999,dermoscopic,dermoscopic,Benign,BKL,0,65.0,male,upper extremity,train
ISIC_6033345,IL_2894575,clinical,clinical: close-up,Indeterminate,AKIEC,1,40.0,female,head/neck,train
ISIC_8786035,IL_2894575,dermoscopic,dermoscopic,Indeterminate,AKIEC,1,40.0,female,head/neck,train
ISIC_2011736,IL_2900528,clinical,clinical: close-up,Malignant,BCC,1,30.0,male,,train
ISIC_1453805,IL_2900528,dermoscopic,dermoscopic,Malignant,BCC,1,30.0,male,,train
ISIC_0105249,IL_2902752,clinical,clinical: close-up,Malignant,BCC,1,70.0,male,,train
ISIC_7969817,IL_2902752,dermoscopic,dermoscopic,Malignant,BCC,1,70.0,male,,train
ISIC_9382183,IL_2915335,clinical,clinical: close-up,Malignant,SCCKA,1,70.0,male,upper extremity,train
ISIC_7504526,IL_2915335,dermoscopic,dermoscopic,Malignant,SCCKA,1,70.0,male,upper extremity,train
ISIC_4887914,IL_2918180,clinical,clinical: close-up,Malignant,BCC,1,50.0,male,lower extremity,train
ISIC_7782700,IL_2918180,dermoscopic,dermoscopic,Malignant,BCC,1,50.0,male,lower extremity,train
ISIC_2525661,IL_2921214,clinical,clinical: close-up,Benign,BKL,0,65.0,male,,train
ISIC_7555988,IL_2921214,dermoscopic,dermoscopic,Benign,BKL,0,65.0,male,,train
ISIC_7051193,IL_2922462,clinical,clinical: close-up,Malignant,BCC,1,65.0,male,,train
ISIC_4542004,IL_2922462,dermoscopic,dermoscopic,Malignant,BCC,1,65.0,male,,train
ISIC_5115393,IL_2925087,clinical,clinical: close-up,Malignant,AKIEC,1,60.0,male,,train
ISIC_3789914,IL_2925087,dermoscopic,dermoscopic,Malignant,AKIEC,1,60.0,male,,train
ISIC_9802963,IL_2929786,clinical,clinical: close-up,Malignant,SCCKA,1,85.0,male,head/neck,train
ISIC_9977374,IL_2929786,dermoscopic,dermoscopic,Malignant,SCCKA,1,85.0,male,head/neck,train
ISIC_0443245,IL_2951837,clinical,clinical: close-up,Benign,NV,0,35.0,male,lower extremity,train
ISIC_0573471,IL_2951837,dermoscopic,dermoscopic,Benign,NV,0,35.0,male,lower extremity,train
ISIC_4258900,IL_2955250,clinical,clinical: close-up,Malignant,BCC,1,70.0,male,,train
ISIC_3540431,IL_2955250,dermoscopic,dermoscopic,Malignant,BCC,1,70.0,male,,train
ISIC_4685235,IL_2956411,clinical,clinical: close-up,Malignant,MEL,1,65.0,male,,train
ISIC_9540648,IL_2956411,dermoscopic,dermoscopic,Malignant,MEL,1,65.0,male,,train
ISIC_9116454,IL_2958247,clinical,clinical: close-up,Malignant,BCC,1,70.0,female,lower extremity,train
ISIC_3275271,IL_2958247,dermoscopic,dermoscopic,Malignant,BCC,1,70.0,female,lower extremity,train
ISIC_7108710,IL_2962292,clinical,clinical: close-up,Malignant,BCC,1,65.0,male,upper extremity,train
ISIC_9348273,IL_2962292,dermoscopic,dermoscopic,Malignant,BCC,1,65.0,male,upper extremity,train
ISIC_5494355,IL_2968556,clinical,clinical: close-up,Malignant,AKIEC,1,80.0,female,upper extremity,train
ISIC_1897923,IL_2968556,dermoscopic,dermoscopic,Malignant,AKIEC,1,80.0,female,upper extremity,train
ISIC_6925418,IL_2972185,clinical,clinical: close-up,Malignant,MEL,1,75.0,male,lower extremity,train
ISIC_6819805,IL_2972185,dermoscopic,dermoscopic,Malignant,MEL,1,75.0,male,lower extremity,train
ISIC_6142928,IL_2972569,clinical,clinical: close-up,Benign,DF,0,85.0,female,,train
ISIC_9719634,IL_2972569,dermoscopic,dermoscopic,Benign,DF,0,85.0,female,,train
ISIC_6245930,IL_2982870,clinical,clinical: close-up,Malignant,BCC,1,70.0,male,lower extremity,train
ISIC_8340872,IL_2982870,dermoscopic,dermoscopic,Malignant,BCC,1,70.0,male,lower extremity,train
ISIC_9627212,IL_2983051,clinical,clinical: close-up,Malignant,BCC,1,75.0,male,,train
ISIC_5679759,IL_2983051,dermoscopic,dermoscopic,Malignant,BCC,1,75.0,male,,train
ISIC_6770901,IL_2983188,clinical,clinical: close-up,Malignant,BCC,1,65.0,female,,train
ISIC_7711626,IL_2983188,dermoscopic,dermoscopic,Malignant,BCC,1,65.0,female,,train
ISIC_3627368,IL_2988489,clinical,clinical: close-up,Malignant,BCC,1,75.0,male,,train
ISIC_4616394,IL_2988489,dermoscopic,dermoscopic,Malignant,BCC,1,75.0,male,,train
ISIC_7263241,IL_2988717,clinical,clinical: close-up,Benign,BKL,0,85.0,male,upper extremity,train
ISIC_3155654,IL_2988717,dermoscopic,dermoscopic,Benign,BKL,0,85.0,male,upper extremity,train
ISIC_6591439,IL_2991025,clinical,clinical: close-up,Malignant,BCC,1,65.0,male,,train
ISIC_9304429,IL_2991025,dermoscopic,dermoscopic,Malignant,BCC,1,65.0,male,,train
ISIC_1958975,IL_2994581,clinical,clinical: close-up,Malignant,BCC,1,55.0,male,head/neck,train
ISIC_6685680,IL_2994581,dermoscopic,dermoscopic,Malignant,BCC,1,55.0,male,head/neck,train
ISIC_9019095,IL_2995561,clinical,clinical: close-up,Malignant,BCC,1,60.0,male,head/neck,train
ISIC_6303124,IL_2995561,dermoscopic,dermoscopic,Malignant,BCC,1,60.0,male,head/neck,train
ISIC_9074070,IL_2996950,clinical,clinical: close-up,Malignant,SCCKA,1,80.0,male,lower extremity,train
ISIC_7044118,IL_2996950,dermoscopic,dermoscopic,Malignant,SCCKA,1,80.0,male,lower extremity,train
ISIC_1275437,IL_3006053,clinical,clinical: close-up,Malignant,MEL,1,35.0,female,head/neck,train
ISIC_5019119,IL_3006053,dermoscopic,dermoscopic,Malignant,MEL,1,35.0,female,head/neck,train
ISIC_4492675,IL_3007295,clinical,clinical: close-up,Malignant,BCC,1,75.0,male,,train
ISIC_2593023,IL_3007295,dermoscopic,dermoscopic,Malignant,BCC,1,75.0,male,,train
ISIC_4330244,IL_3009838,clinical,clinical: close-up,Benign,BKL,0,50.0,female,head/neck,train
ISIC_4038238,IL_3009838,dermoscopic,dermoscopic,Benign,BKL,0,50.0,female,head/neck,train
ISIC_9176784,IL_3019343,clinical,clinical: close-up,Malignant,BCC,1,75.0,male,head/neck,train
ISIC_6423450,IL_3019343,dermoscopic,dermoscopic,Malignant,BCC,1,75.0,male,head/neck,train
ISIC_1049145,IL_3020012,clinical,clinical: close-up,Malignant,MEL,1,30.0,female,upper extremity,train
ISIC_5452980,IL_3020012,dermoscopic,dermoscopic,Malignant,MEL,1,30.0,female,upper extremity,train
ISIC_4474831,IL_3020505,clinical,clinical: close-up,Malignant,BCC,1,50.0,female,upper extremity,train
ISIC_4976629,IL_3020505,dermoscopic,dermoscopic,Malignant,BCC,1,50.0,female,upper extremity,train
ISIC_5097850,IL_3023010,clinical,clinical: close-up,Malignant,MEL,1,55.0,male,,train
ISIC_7280473,IL_3023010,dermoscopic,dermoscopic,Malignant,MEL,1,55.0,male,,train
ISIC_2292844,IL_3035506,clinical,clinical: close-up,Benign,NV,0,10.0,female,head/neck,train
ISIC_6383216,IL_3035506,dermoscopic,dermoscopic,Benign,NV,0,10.0,female,head/neck,train
ISIC_6450883,IL_3037585,clinical,clinical: close-up,Malignant,BCC,1,65.0,female,head/neck,train
ISIC_8787301,IL_3037585,dermoscopic,dermoscopic,Malignant,BCC,1,65.0,female,head/neck,train
ISIC_2611090,IL_3038127,clinical,clinical: close-up,Malignant,BCC,1,60.0,female,,train
ISIC_3447417,IL_3038127,dermoscopic,dermoscopic,Malignant,BCC,1,60.0,female,,train
ISIC_1856136,IL_3044771,clinical,clinical: close-up,Malignant,BCC,1,60.0,female,head/neck,train
ISIC_5826969,IL_3044771,dermoscopic,dermoscopic,Malignant,BCC,1,60.0,female,head/neck,train
ISIC_4245317,IL_3046914,clinical,clinical: close-up,Malignant,BCC,1,70.0,male,,train
ISIC_0387826,IL_3046914,dermoscopic,dermoscopic,Malignant,BCC,1,70.0,male,,train
ISIC_6428982,IL_3048168,clinical,clinical: close-up,Malignant,BCC,1,55.0,male,head/neck,train
ISIC_1128748,IL_3048168,dermoscopic,dermoscopic,Malignant,BCC,1,55.0,male,head/neck,train
ISIC_5770369,IL_3057922,clinical,clinical: close-up,Malignant,BCC,1,70.0,male,,train
ISIC_1170720,IL_3057922,dermoscopic,dermoscopic,Malignant,BCC,1,70.0,male,,train
ISIC_9061574,IL_3058425,clinical,clinical: close-up,Malignant,MEL,1,75.0,male,,train
ISIC_8912166,IL_3058425,dermoscopic,dermoscopic,Malignant,MEL,1,75.0,male,,train
ISIC_7977369,IL_3060691,clinical,clinical: close-up,Malignant,BCC,1,40.0,male,head/neck,train
ISIC_3357525,IL_3060691,dermoscopic,dermoscopic,Malignant,BCC,1,40.0,male,head/neck,train
ISIC_7417921,IL_3065371,clinical,clinical: close-up,Malignant,BCC,1,75.0,male,head/neck,train
ISIC_0371409,IL_3065371,dermoscopic,dermoscopic,Malignant,BCC,1,75.0,male,head/neck,train
ISIC_2709383,IL_3065400,clinical,clinical: close-up,Malignant,MEL,1,70.0,male,,train
ISIC_5893703,IL_3065400,dermoscopic,dermoscopic,Malignant,MEL,1,70.0,male,,train
ISIC_9651478,IL_3065625,clinical,clinical: close-up,Benign,NV,0,40.0,female,upper extremity,train
ISIC_7523078,IL_3065625,dermoscopic,dermoscopic,Benign,NV,0,40.0,female,upper extremity,train
ISIC_9528430,IL_3067885,clinical,clinical: close-up,Benign,VASC,0,60.0,male,,train
ISIC_1996485,IL_3067885,dermoscopic,dermoscopic,Benign,VASC,0,60.0,male,,train
ISIC_4268847,IL_3069330,clinical,clinical: close-up,Malignant,BCC,1,60.0,male,,train
ISIC_9163561,IL_3069330,dermoscopic,dermoscopic,Malignant,BCC,1,60.0,male,,train
ISIC_7344118,IL_3070568,clinical,clinical: close-up,Malignant,BCC,1,65.0,female,lower extremity,train
ISIC_1796015,IL_3070568,dermoscopic,dermoscopic,Malignant,BCC,1,65.0,female,lower extremity,train
ISIC_4031105,IL_3070749,clinical,clinical: close-up,Malignant,BCC,1,55.0,female,,train
ISIC_3881677,IL_3070749,dermoscopic,dermoscopic,Malignant,BCC,1,55.0,female,,train
ISIC_3871156,IL_3077425,clinical,clinical: close-up,Benign,NV,0,35.0,male,,train
ISIC_6703202,IL_3077425,dermoscopic,dermoscopic,Benign,NV,0,35.0,male,,train
ISIC_1054971,IL_3087149,clinical,clinical: close-up,Benign,BKL,0,65.0,female,upper extremity,train
ISIC_4632123,IL_3087149,dermoscopic,dermoscopic,Benign,BKL,0,65.0,female,upper extremity,train
ISIC_8511101,IL_3088374,clinical,clinical: close-up,Malignant,MEL,1,75.0,female,,train
ISIC_6635963,IL_3088374,dermoscopic,dermoscopic,Malignant,MEL,1,75.0,female,,train
ISIC_4079070,IL_3090203,clinical,clinical: close-up,Benign,BEN_OTH,0,60.0,male,head/neck,train
ISIC_3085694,IL_3090203,dermoscopic,dermoscopic,Benign,BEN_OTH,0,60.0,male,head/neck,train
ISIC_4178605,IL_3092019,clinical,clinical: close-up,Malignant,BCC,1,70.0,female,upper extremity,train
ISIC_1620077,IL_3092019,dermoscopic,dermoscopic,Malignant,BCC,1,70.0,female,upper extremity,train
ISIC_7822262,IL_3098678,clinical,clinical: close-up,Malignant,BCC,1,55.0,male,head/neck,train
ISIC_7981707,IL_3098678,dermoscopic,dermoscopic,Malignant,BCC,1,55.0,male,head/neck,train
ISIC_4926295,IL_3099616,clinical,clinical: close-up,Malignant,BCC,1,70.0,female,head/neck,train
ISIC_1171731,IL_3099616,dermoscopic,dermoscopic,Malignant,BCC,1,70.0,female,head/neck,train
ISIC_9532043,IL_3102698,clinical,clinical: close-up,Malignant,SCCKA,1,80.0,male,upper extremity,train
ISIC_0084581,IL_3102698,dermoscopic,dermoscopic,Malignant,SCCKA,1,80.0,male,upper extremity,train
ISIC_4620895,IL_3104013,clinical,clinical: close-up,Malignant,BCC,1,55.0,male,,train
ISIC_5174728,IL_3104013,dermoscopic,dermoscopic,Malignant,BCC,1,55.0,male,,train
ISIC_6676782,IL_3115470,clinical,clinical: close-up,Malignant,SCCKA,1,80.0,female,lower extremity,train
ISIC_0946795,IL_3115470,dermoscopic,dermoscopic,Malignant,SCCKA,1,80.0,female,lower extremity,train
ISIC_7789714,IL_3117847,clinical,clinical: close-up,Benign,NV,0,40.0,male,,train
ISIC_2977377,IL_3117847,dermoscopic,dermoscopic,Benign,NV,0,40.0,male,,train
ISIC_5136915,IL_3122481,clinical,clinical: close-up,Malignant,BCC,1,60.0,male,,train
ISIC_0427331,IL_3122481,dermoscopic,dermoscopic,Malignant,BCC,1,60.0,male,,train
ISIC_8197778,IL_3124756,clinical,clinical: close-up,Benign,VASC,0,70.0,male,,train
ISIC_4821214,IL_3124756,dermoscopic,dermoscopic,Benign,VASC,0,70.0,male,,train
ISIC_5766012,IL_3133685,clinical,clinical: close-up,Benign,BKL,0,55.0,male,head/neck,train
ISIC_5152492,IL_3133685,dermoscopic,dermoscopic,Benign,BKL,0,55.0,male,head/neck,train
ISIC_5289955,IL_3137166,clinical,clinical: close-up,Indeterminate,AKIEC,1,55.0,male,head/neck,train
ISIC_8446505,IL_3137166,dermoscopic,dermoscopic,Indeterminate,AKIEC,1,55.0,male,head/neck,train
ISIC_8616397,IL_3141578,clinical,clinical: close-up,Benign,NV,0,25.0,male,head/neck,train
ISIC_1468332,IL_3141578,dermoscopic,dermoscopic,Benign,NV,0,25.0,male,head/neck,train
ISIC_7464024,IL_3143674,clinical,clinical: close-up,Malignant,BCC,1,35.0,male,head/neck,train
ISIC_9558332,IL_3143674,dermoscopic,dermoscopic,Malignant,BCC,1,35.0,male,head/neck,train
ISIC_6905596,IL_3144170,clinical,clinical: close-up,Benign,NV,0,,male,lower extremity,train
ISIC_9966733,IL_3144170,dermoscopic,dermoscopic,Benign,NV,0,,male,lower extremity,train
ISIC_9420912,IL_3146930,clinical,clinical: close-up,Malignant,BCC,1,55.0,male,,train
ISIC_3489676,IL_3146930,dermoscopic,dermoscopic,Malignant,BCC,1,55.0,male,,train
ISIC_9006317,IL_3148585,clinical,clinical: close-up,Benign,BKL,0,65.0,male,head/neck,train
ISIC_7563152,IL_3148585,dermoscopic,dermoscopic,Benign,BKL,0,65.0,male,head/neck,train
ISIC_8612934,IL_3150331,clinical,clinical: close-up,Malignant,BCC,1,75.0,female,lower extremity,train
ISIC_3599295,IL_3150331,dermoscopic,dermoscopic,Malignant,BCC,1,75.0,female,lower extremity,train
ISIC_5444755,IL_3151358,clinical,clinical: close-up,Benign,BKL,0,55.0,female,upper extremity,train
ISIC_9290704,IL_3151358,dermoscopic,dermoscopic,Benign,BKL,0,55.0,female,upper extremity,train
ISIC_2845349,IL_3151519,clinical,clinical: close-up,Malignant,MEL,1,55.0,male,,train
ISIC_7615926,IL_3151519,dermoscopic,dermoscopic,Malignant,MEL,1,55.0,male,,train
ISIC_7313587,IL_3154497,clinical,clinical: close-up,Malignant,BCC,1,70.0,male,,train
ISIC_7836451,IL_3154497,dermoscopic,dermoscopic,Malignant,BCC,1,70.0,male,,train
ISIC_6082679,IL_3156059,clinical,clinical: close-up,Malignant,MEL,1,80.0,male,upper extremity,train
ISIC_5513367,IL_3156059,dermoscopic,dermoscopic,Malignant,MEL,1,80.0,male,upper extremity,train
ISIC_0883146,IL_3156209,clinical,clinical: close-up,Malignant,BCC,1,65.0,female,lower extremity,train
ISIC_4546388,IL_3156209,dermoscopic,dermoscopic,Malignant,BCC,1,65.0,female,lower extremity,train
ISIC_3020708,IL_3161525,clinical,clinical: close-up,Malignant,BCC,1,80.0,female,lower extremity,train
ISIC_5841767,IL_3161525,dermoscopic,dermoscopic,Malignant,BCC,1,80.0,female,lower extremity,train
ISIC_4156886,IL_3162928,clinical,clinical: close-up,Benign,NV,0,50.0,female,lower extremity,train
ISIC_8696381,IL_3162928,dermoscopic,dermoscopic,Benign,NV,0,50.0,female,lower extremity,train
ISIC_5520243,IL_3165237,clinical,clinical: close-up,Malignant,BCC,1,60.0,male,upper extremity,train
ISIC_7806816,IL_3165237,dermoscopic,dermoscopic,Malignant,BCC,1,60.0,male,upper extremity,train
ISIC_4975719,IL_3170694,clinical,clinical: close-up,Malignant,SCCKA,1,50.0,male,head/neck,train
ISIC_1614480,IL_3170694,dermoscopic,dermoscopic,Malignant,SCCKA,1,50.0,male,head/neck,train
ISIC_3525463,IL_3176703,clinical,clinical: close-up,Malignant,BCC,1,50.0,female,lower extremity,train
ISIC_0601743,IL_3176703,dermoscopic,dermoscopic,Malignant,BCC,1,50.0,female,lower extremity,train
ISIC_2314908,IL_3180618,clinical,clinical: close-up,Benign,DF,0,45.0,male,lower extremity,train
ISIC_5844410,IL_3180618,dermoscopic,dermoscopic,Benign,DF,0,45.0,male,lower extremity,train
ISIC_8898499,IL_3181728,clinical,clinical: close-up,Indeterminate,AKIEC,1,80.0,female,head/neck,train
ISIC_0387282,IL_3181728,dermoscopic,dermoscopic,Indeterminate,AKIEC,1,80.0,female,head/neck,train
ISIC_5933216,IL_3186878,clinical,clinical: close-up,Benign,NV,0,35.0,female,head/neck,train
ISIC_3267363,IL_3186878,dermoscopic,dermoscopic,Benign,NV,0,35.0,female,head/neck,train
ISIC_5559799,IL_3199260,clinical,clinical: close-up,Benign,BKL,0,70.0,female,,train
ISIC_5159139,IL_3199260,dermoscopic,dermoscopic,Benign,BKL,0,70.0,female,,train
ISIC_1535158,IL_3201374,clinical,clinical: close-up,Malignant,BCC,1,75.0,female,lower extremity,train
ISIC_9816264,IL_3201374,dermoscopic,dermoscopic,Malignant,BCC,1,75.0,female,lower extremity,train
ISIC_1177346,IL_3203349,clinical,clinical: close-up,Malignant,BCC,1,55.0,female,upper extremity,train
ISIC_8419172,IL_3203349,dermoscopic,dermoscopic,Malignant,BCC,1,55.0,female,upper extremity,train
ISIC_2650378,IL_3204310,clinical,clinical: close-up,Malignant,MEL,1,45.0,female,lower extremity,train
ISIC_3594514,IL_3204310,dermoscopic,dermoscopic,Malignant,MEL,1,45.0,female,lower extremity,train
ISIC_8894733,IL_3205547,clinical,clinical: close-up,Benign,BKL,0,75.0,male,,train
ISIC_3794620,IL_3205547,dermoscopic,dermoscopic,Benign,BKL,0,75.0,male,,train
ISIC_1086483,IL_3212052,clinical,clinical: close-up,Benign,NV,0,75.0,male,lower extremity,train
ISIC_3831775,IL_3212052,dermoscopic,dermoscopic,Benign,NV,0,75.0,male,lower extremity,train
ISIC_4656723,IL_3214039,clinical,clinical: close-up,Malignant,MEL,1,75.0,male,head/neck,train
ISIC_6333133,IL_3214039,dermoscopic,dermoscopic,Malignant,MEL,1,75.0,male,head/neck,train
ISIC_5043555,IL_3216305,clinical,clinical: close-up,Malignant,BCC,1,40.0,female,head/neck,train
ISIC_7501563,IL_3216305,dermoscopic,dermoscopic,Malignant,BCC,1,40.0,female,head/neck,train
ISIC_2093581,IL_3222317,clinical,clinical: close-up,Malignant,BCC,1,70.0,male,,train
ISIC_6167789,IL_3222317,dermoscopic,dermoscopic,Malignant,BCC,1,70.0,male,,train
ISIC_0891581,IL_3224912,clinical,clinical: close-up,Malignant,BCC,1,75.0,female,,train
ISIC_8715446,IL_3224912,dermoscopic,dermoscopic,Malignant,BCC,1,75.0,female,,train
ISIC_1573011,IL_3228956,clinical,clinical: close-up,Malignant,BCC,1,65.0,female,lower extremity,train
ISIC_6167270,IL_3228956,dermoscopic,dermoscopic,Malignant,BCC,1,65.0,female,lower extremity,train
ISIC_8024416,IL_3233038,clinical,clinical: close-up,Malignant,MEL,1,75.0,male,head/neck,train
ISIC_4742379,IL_3233038,dermoscopic,dermoscopic,Malignant,MEL,1,75.0,male,head/neck,train
ISIC_3357733,IL_3236143,clinical,clinical: close-up,Malignant,BCC,1,70.0,male,,train
ISIC_1701846,IL_3236143,dermoscopic,dermoscopic,Malignant,BCC,1,70.0,male,,train
ISIC_9987344,IL_3236486,clinical,clinical: close-up,Malignant,MEL,1,60.0,female,lower extremity,train
ISIC_1285798,IL_3236486,dermoscopic,dermoscopic,Malignant,MEL,1,60.0,female,lower extremity,train
ISIC_0692759,IL_3237613,clinical,clinical: close-up,Benign,INF,0,60.0,male,head/neck,train
ISIC_2088540,IL_3237613,dermoscopic,dermoscopic,Benign,INF,0,60.0,male,head/neck,train
ISIC_4301316,IL_3237666,clinical,clinical: close-up,Malignant,BCC,1,50.0,male,lower extremity,train
ISIC_4013307,IL_3237666,dermoscopic,dermoscopic,Malignant,BCC,1,50.0,male,lower extremity,train
ISIC_9846502,IL_3240124,clinical,clinical: close-up,Benign,BKL,0,75.0,male,,train
ISIC_2482447,IL_3240124,dermoscopic,dermoscopic,Benign,BKL,0,75.0,male,,train
ISIC_7762277,IL_3245331,clinical,clinical: close-up,Indeterminate,AKIEC,1,65.0,female,head/neck,train
ISIC_6886883,IL_3245331,dermoscopic,dermoscopic,Indeterminate,AKIEC,1,65.0,female,head/neck,train
ISIC_3490874,IL_3248471,clinical,clinical: close-up,Malignant,BCC,1,70.0,female,,train
ISIC_1285909,IL_3248471,dermoscopic,dermoscopic,Malignant,BCC,1,70.0,female,,train
ISIC_6579356,IL_3248533,clinical,clinical: close-up,Malignant,BCC,1,75.0,female,lower extremity,train
ISIC_9262459,IL_3248533,dermoscopic,dermoscopic,Malignant,BCC,1,75.0,female,lower extremity,train
ISIC_2755934,IL_3252153,clinical,clinical: close-up,Benign,VASC,0,70.0,male,upper extremity,train
ISIC_8190843,IL_3252153,dermoscopic,dermoscopic,Benign,VASC,0,70.0,male,upper extremity,train
ISIC_2956882,IL_3252703,clinical,clinical: close-up,Malignant,MEL,1,60.0,male,,train
ISIC_9693456,IL_3252703,dermoscopic,dermoscopic,Malignant,MEL,1,60.0,male,,train
ISIC_6823826,IL_3253177,clinical,clinical: close-up,Benign,NV,0,75.0,male,lower extremity,train
ISIC_9140116,IL_3253177,dermoscopic,dermoscopic,Benign,NV,0,75.0,male,lower extremity,train
ISIC_9774070,IL_3256681,clinical,clinical: close-up,Malignant,BCC,1,85.0,female,head/neck,train
ISIC_8657995,IL_3256681,dermoscopic,dermoscopic,Malignant,BCC,1,85.0,female,head/neck,train
ISIC_7398112,IL_3259984,clinical,clinical: close-up,Malignant,BCC,1,75.0,male,head/neck,train
ISIC_5925439,IL_3259984,dermoscopic,dermoscopic,Malignant,BCC,1,75.0,male,head/neck,train
ISIC_9147605,IL_3268494,clinical,clinical: close-up,Malignant,BCC,1,65.0,female,head/neck,train
ISIC_6588395,IL_3268494,dermoscopic,dermoscopic,Malignant,BCC,1,65.0,female,head/neck,train
ISIC_7122420,IL_3269289,clinical,clinical: close-up,Malignant,BCC,1,55.0,male,head/neck,train
ISIC_9492928,IL_3269289,dermoscopic,dermoscopic,Malignant,BCC,1,55.0,male,head/neck,train
ISIC_9098662,IL_3271676,clinical,clinical: close-up,Malignant,BCC,1,50.0,male,head/neck,train
ISIC_5607642,IL_3271676,dermoscopic,dermoscopic,Malignant,BCC,1,50.0,male,head/neck,train
ISIC_9296037,IL_3285087,clinical,clinical: close-up,Malignant,SCCKA,1,65.0,male,upper extremity,train
ISIC_7393792,IL_3285087,dermoscopic,dermoscopic,Malignant,SCCKA,1,65.0,male,upper extremity,train
ISIC_6138743,IL_3286495,clinical,clinical: close-up,Malignant,BCC,1,75.0,male,lower extremity,train
ISIC_0695322,IL_3286495,dermoscopic,dermoscopic,Malignant,BCC,1,75.0,male,lower extremity,train
ISIC_8414527,IL_3288060,clinical,clinical: close-up,Malignant,BCC,1,40.0,female,,train
ISIC_1505022,IL_3288060,dermoscopic,dermoscopic,Malignant,BCC,1,40.0,female,,train
ISIC_1339166,IL_3289221,clinical,clinical: close-up,Malignant,AKIEC,1,50.0,female,upper extremity,train
ISIC_8327585,IL_3289221,dermoscopic,dermoscopic,Malignant,AKIEC,1,50.0,female,upper extremity,train
ISIC_9441749,IL_3293751,clinical,clinical: close-up,Malignant,BCC,1,65.0,female,,train
ISIC_3364269,IL_3293751,dermoscopic,dermoscopic,Malignant,BCC,1,65.0,female,,train
ISIC_9285148,IL_3293897,clinical,clinical: close-up,Malignant,BCC,1,75.0,male,upper extremity,train
ISIC_3981911,IL_3293897,dermoscopic,dermoscopic,Malignant,BCC,1,75.0,male,upper extremity,train
ISIC_7748946,IL_3295228,clinical,clinical: close-up,Benign,NV,0,40.0,male,,train
ISIC_6933572,IL_3295228,dermoscopic,dermoscopic,Benign,NV,0,40.0,male,,train
ISIC_6984699,IL_3295356,clinical,clinical: close-up,Malignant,BCC,1,75.0,male,head/neck,train
ISIC_8754259,IL_3295356,dermoscopic,dermoscopic,Malignant,BCC,1,75.0,male,head/neck,train
ISIC_7114135,IL_3295486,clinical,clinical: close-up,Benign,NV,0,45.0,male,head/neck,train
ISIC_0376752,IL_3295486,dermoscopic,dermoscopic,Benign,NV,0,45.0,male,head/neck,train
ISIC_4428215,IL_3296162,clinical,clinical: close-up,Malignant,SCCKA,1,75.0,female,head/neck,train
ISIC_4431113,IL_3296162,dermoscopic,dermoscopic,Malignant,SCCKA,1,75.0,female,head/neck,train
ISIC_9457442,IL_3300322,clinical,clinical: close-up,Malignant,BCC,1,80.0,female,head/neck,train
ISIC_0612261,IL_3300322,dermoscopic,dermoscopic,Malignant,BCC,1,80.0,female,head/neck,train
ISIC_5004150,IL_3301980,clinical,clinical: close-up,Malignant,BCC,1,70.0,female,upper extremity,train
ISIC_7206020,IL_3301980,dermoscopic,dermoscopic,Malignant,BCC,1,70.0,female,upper extremity,train
ISIC_6761603,IL_3303536,clinical,clinical: close-up,Malignant,AKIEC,1,60.0,male,head/neck,train
ISIC_0445960,IL_3303536,dermoscopic,dermoscopic,Malignant,AKIEC,1,60.0,male,head/neck,train
ISIC_8210069,IL_3305378,clinical,clinical: close-up,Malignant,BCC,1,70.0,female,head/neck,train
ISIC_1606726,IL_3305378,dermoscopic,dermoscopic,Malignant,BCC,1,70.0,female,head/neck,train
ISIC_4557242,IL_3307865,clinical,clinical: close-up,Malignant,BCC,1,70.0,male,,train
ISIC_9592132,IL_3307865,dermoscopic,dermoscopic,Malignant,BCC,1,70.0,male,,train
ISIC_9067935,IL_3308348,clinical,clinical: close-up,Malignant,BCC,1,65.0,male,,train
ISIC_3917176,IL_3308348,dermoscopic,dermoscopic,Malignant,BCC,1,65.0,male,,train
ISIC_0785366,IL_3311502,clinical,clinical: close-up,Benign,INF,0,60.0,male,,train
ISIC_9101809,IL_3311502,dermoscopic,dermoscopic,Benign,INF,0,60.0,male,,train
ISIC_8397636,IL_3312437,clinical,clinical: close-up,Benign,NV,0,65.0,male,,train
ISIC_7222742,IL_3312437,dermoscopic,dermoscopic,Benign,NV,0,65.0,male,,train
ISIC_9311925,IL_3312566,clinical,clinical: close-up,Malignant,BCC,1,55.0,male,,train
ISIC_8079552,IL_3312566,dermoscopic,dermoscopic,Malignant,BCC,1,55.0,male,,train
ISIC_3446517,IL_3314266,clinical,clinical: close-up,Benign,BKL,0,75.0,female,lower extremity,train
ISIC_6162564,IL_3314266,dermoscopic,dermoscopic,Benign,BKL,0,75.0,female,lower extremity,train
ISIC_5128007,IL_3316446,clinical,clinical: close-up,Benign,BKL,0,55.0,female,,train
ISIC_8137954,IL_3316446,dermoscopic,dermoscopic,Benign,BKL,0,55.0,female,,train
ISIC_7670015,IL_3323231,clinical,clinical: close-up,Malignant,MEL,1,55.0,male,,train
ISIC_1916169,IL_3323231,dermoscopic,dermoscopic,Malignant,MEL,1,55.0,male,,train
ISIC_6958809,IL_3326001,clinical,clinical: close-up,Malignant,BCC,1,50.0,male,lower extremity,train
ISIC_0918357,IL_3326001,dermoscopic,dermoscopic,Malignant,BCC,1,50.0,male,lower extremity,train
ISIC_1915189,IL_3334554,clinical,clinical: close-up,Malignant,MEL,1,25.0,female,,train
ISIC_3336908,IL_3334554,dermoscopic,dermoscopic,Malignant,MEL,1,25.0,female,,train
ISIC_0608754,IL_3335346,clinical,clinical: close-up,Indeterminate,AKIEC,1,75.0,male,head/neck,train
ISIC_9583399,IL_3335346,dermoscopic,dermoscopic,Indeterminate,AKIEC,1,75.0,male,head/neck,train
ISIC_2041668,IL_3339470,clinical,clinical: close-up,Malignant,BCC,1,60.0,male,,train
ISIC_9170556,IL_3339470,dermoscopic,dermoscopic,Malignant,BCC,1,60.0,male,,train
ISIC_2870164,IL_3339713,clinical,clinical: close-up,Benign,NV,0,60.0,male,,train
ISIC_4278930,IL_3339713,dermoscopic,dermoscopic,Benign,NV,0,60.0,male,,train
ISIC_3132743,IL_3341722,clinical,clinical: close-up,Malignant,BCC,1,50.0,male,lower extremity,train
ISIC_5811144,IL_3341722,dermoscopic,dermoscopic,Malignant,BCC,1,50.0,male,lower extremity,train
ISIC_4176987,IL_3347593,clinical,clinical: close-up,Malignant,BCC,1,65.0,female,,train
ISIC_3658823,IL_3347593,dermoscopic,dermoscopic,Malignant,BCC,1,65.0,female,,train
ISIC_0854749,IL_3351126,clinical,clinical: close-up,Malignant,AKIEC,1,55.0,male,head/neck,train
ISIC_5991571,IL_3351126,dermoscopic,dermoscopic,Malignant,AKIEC,1,55.0,male,head/neck,train
ISIC_2923957,IL_3354355,clinical,clinical: close-up,Malignant,BCC,1,60.0,female,upper extremity,train
ISIC_3420236,IL_3354355,dermoscopic,dermoscopic,Malignant,BCC,1,60.0,female,upper extremity,train
ISIC_7841785,IL_3357031,clinical,clinical: close-up,Malignant,BCC,1,55.0,male,,train
ISIC_0929356,IL_3357031,dermoscopic,dermoscopic,Malignant,BCC,1,55.0,male,,train
ISIC_2963181,IL_3358821,clinical,clinical: close-up,Benign,BKL,0,40.0,male,head/neck,train
ISIC_8102692,IL_3358821,dermoscopic,dermoscopic,Benign,BKL,0,40.0,male,head/neck,train
ISIC_8328022,IL_3360591,clinical,clinical: close-up,Malignant,SCCKA,1,50.0,female,head/neck,train
ISIC_7656588,IL_3360591,dermoscopic,dermoscopic,Malignant,SCCKA,1,50.0,female,head/neck,train
ISIC_5963269,IL_3361305,clinical,clinical: close-up,Malignant,SCCKA,1,75.0,female,,train
ISIC_3982759,IL_3361305,dermoscopic,dermoscopic,Malignant,SCCKA,1,75.0,female,,train
ISIC_4060718,IL_3364981,clinical,clinical: close-up,Malignant,MEL,1,60.0,female,,train
ISIC_7984223,IL_3364981,dermoscopic,dermoscopic,Malignant,MEL,1,60.0,female,,train
ISIC_7364338,IL_3366115,clinical,clinical: close-up,Benign,BKL,0,65.0,male,lower extremity,train
ISIC_1393233,IL_3366115,dermoscopic,dermoscopic,Benign,BKL,0,65.0,male,lower extremity,train
ISIC_1249375,IL_3366376,clinical,clinical: close-up,Benign,BKL,0,70.0,female,head/neck,train
ISIC_1600135,IL_3366376,dermoscopic,dermoscopic,Benign,BKL,0,70.0,female,head/neck,train
ISIC_5179141,IL_3376509,clinical,clinical: close-up,Malignant,BCC,1,70.0,male,head/neck,train
ISIC_9841903,IL_3376509,dermoscopic,dermoscopic,Malignant,BCC,1,70.0,male,head/neck,train
ISIC_5840837,IL_3380076,clinical,clinical: close-up,Indeterminate,AKIEC,1,40.0,male,head/neck,train
ISIC_5820253,IL_3380076,dermoscopic,dermoscopic,Indeterminate,AKIEC,1,40.0,male,head/neck,train
ISIC_3870717,IL_3382606,clinical,clinical: close-up,Malignant,SCCKA,1,70.0,male,head/neck,train
ISIC_8604662,IL_3382606,dermoscopic,dermoscopic,Malignant,SCCKA,1,70.0,male,head/neck,train
ISIC_9054883,IL_3383125,clinical,clinical: close-up,Malignant,BCC,1,55.0,female,upper extremity,train
ISIC_1657319,IL_3383125,dermoscopic,dermoscopic,Malignant,BCC,1,55.0,female,upper extremity,train
ISIC_9270547,IL_3385490,clinical,clinical: close-up,Malignant,MEL,1,85.0,male,head/neck,train
ISIC_1009291,IL_3385490,dermoscopic,dermoscopic,Malignant,MEL,1,85.0,male,head/neck,train
ISIC_9166927,IL_3393264,clinical,clinical: close-up,Benign,NV,0,35.0,female,,train
ISIC_1182214,IL_3393264,dermoscopic,dermoscopic,Benign,NV,0,35.0,female,,train
ISIC_1888829,IL_3395310,clinical,clinical: close-up,Malignant,BCC,1,50.0,female,upper extremity,train
ISIC_9199020,IL_3395310,dermoscopic,dermoscopic,Malignant,BCC,1,50.0,female,upper extremity,train
ISIC_6841057,IL_3397274,clinical,clinical: close-up,Benign,BEN_OTH,0,85.0,male,head/neck,train
ISIC_9612761,IL_3397274,dermoscopic,dermoscopic,Benign,BEN_OTH,0,85.0,male,head/neck,train
ISIC_3039458,IL_3398129,clinical,clinical: close-up,Malignant,BCC,1,85.0,male,head/neck,train
ISIC_5431278,IL_3398129,dermoscopic,dermoscopic,Malignant,BCC,1,85.0,male,head/neck,train
ISIC_5930904,IL_3405101,clinical,clinical: close-up,Malignant,BCC,1,65.0,male,upper extremity,train
ISIC_9986730,IL_3405101,dermoscopic,dermoscopic,Malignant,BCC,1,65.0,male,upper extremity,train
ISIC_0364345,IL_3405396,clinical,clinical: close-up,Malignant,MEL,1,75.0,male,,train
ISIC_3626191,IL_3405396,dermoscopic,dermoscopic,Malignant,MEL,1,75.0,male,,train
ISIC_4261803,IL_3408986,clinical,clinical: close-up,Malignant,BCC,1,65.0,female,,train
ISIC_0135161,IL_3408986,dermoscopic,dermoscopic,Malignant,BCC,1,65.0,female,,train
ISIC_5378715,IL_3415556,clinical,clinical: close-up,Malignant,BCC,1,80.0,male,head/neck,train
ISIC_8558562,IL_3415556,dermoscopic,dermoscopic,Malignant,BCC,1,80.0,male,head/neck,train
ISIC_0630375,IL_3417024,clinical,clinical: close-up,Malignant,MEL,1,70.0,female,,train
ISIC_8977962,IL_3417024,dermoscopic,dermoscopic,Malignant,MEL,1,70.0,female,,train
ISIC_9726153,IL_3423886,clinical,clinical: close-up,Malignant,BCC,1,65.0,male,head/neck,train
ISIC_8945348,IL_3423886,dermoscopic,dermoscopic,Malignant,BCC,1,65.0,male,head/neck,train
ISIC_4850035,IL_3424617,clinical,clinical: close-up,Benign,NV,0,70.0,male,upper extremity,train
ISIC_3191687,IL_3424617,dermoscopic,dermoscopic,Benign,NV,0,70.0,male,upper extremity,train
ISIC_5247248,IL_3426033,clinical,clinical: close-up,Malignant,BCC,1,70.0,male,,train
ISIC_0081055,IL_3426033,dermoscopic,dermoscopic,Malignant,BCC,1,70.0,male,,train
ISIC_8379217,IL_3435246,clinical,clinical: close-up,Benign,BKL,0,50.0,male,,train
ISIC_9144877,IL_3435246,dermoscopic,dermoscopic,Benign,BKL,0,50.0,male,,train
ISIC_8302244,IL_3439844,clinical,clinical: close-up,Benign,DF,0,65.0,male,upper extremity,train
ISIC_1342857,IL_3439844,dermoscopic,dermoscopic,Benign,DF,0,65.0,male,upper extremity,train
ISIC_1224887,IL_3447838,clinical,clinical: close-up,Benign,BKL,0,60.0,female,,train
ISIC_7372500,IL_3447838,dermoscopic,dermoscopic,Benign,BKL,0,60.0,female,,train
ISIC_9259846,IL_3450487,clinical,clinical: close-up,Malignant,SCCKA,1,75.0,male,lower extremity,train
ISIC_9571815,IL_3450487,dermoscopic,dermoscopic,Malignant,SCCKA,1,75.0,male,lower extremity,train
ISIC_1897411,IL_3451729,clinical,clinical: close-up,Malignant,BCC,1,55.0,male,,train
ISIC_1927934,IL_3451729,dermoscopic,dermoscopic,Malignant,BCC,1,55.0,male,,train
ISIC_6849103,IL_3453453,clinical,clinical: close-up,Malignant,BCC,1,60.0,female,head/neck,train
ISIC_9098981,IL_3453453,dermoscopic,dermoscopic,Malignant,BCC,1,60.0,female,head/neck,train
ISIC_7137132,IL_3457214,clinical,clinical: close-up,Malignant,BCC,1,55.0,female,,train
ISIC_3088055,IL_3457214,dermoscopic,dermoscopic,Malignant,BCC,1,55.0,female,,train
ISIC_1645642,IL_3460639,clinical,clinical: close-up,Benign,BKL,0,65.0,female,lower extremity,train
ISIC_0991616,IL_3460639,dermoscopic,dermoscopic,Benign,BKL,0,65.0,female,lower extremity,train
ISIC_3577401,IL_3464725,clinical,clinical: close-up,Malignant,BCC,1,60.0,male,,train
ISIC_8114137,IL_3464725,dermoscopic,dermoscopic,Malignant,BCC,1,60.0,male,,train
ISIC_4839895,IL_3465975,clinical,clinical: close-up,Benign,NV,0,30.0,male,,train
ISIC_8366447,IL_3465975,dermoscopic,dermoscopic,Benign,NV,0,30.0,male,,train
ISIC_6761948,IL_3467743,clinical,clinical: close-up,Malignant,BCC,1,70.0,female,,train
ISIC_9002119,IL_3467743,dermoscopic,dermoscopic,Malignant,BCC,1,70.0,female,,train
ISIC_9925921,IL_3472357,clinical,clinical: close-up,Malignant,BCC,1,55.0,male,lower extremity,train
ISIC_7251638,IL_3472357,dermoscopic,dermoscopic,Malignant,BCC,1,55.0,male,lower extremity,train
ISIC_0951585,IL_3472941,clinical,clinical: close-up,Benign,NV,0,5.0,male,,train
ISIC_1958859,IL_3472941,dermoscopic,dermoscopic,Benign,NV,0,5.0,male,,train
ISIC_2837403,IL_3475152,clinical,clinical: close-up,Benign,BKL,0,65.0,female,,train
ISIC_2621619,IL_3475152,dermoscopic,dermoscopic,Benign,BKL,0,65.0,female,,train
ISIC_2502243,IL_3477265,clinical,clinical: close-up,Malignant,BCC,1,70.0,female,head/neck,train
ISIC_8952365,IL_3477265,dermoscopic,dermoscopic,Malignant,BCC,1,70.0,female,head/neck,train
ISIC_2467581,IL_3478761,clinical,clinical: close-up,Malignant,BCC,1,45.0,female,,train
ISIC_4061154,IL_3478761,dermoscopic,dermoscopic,Malignant,BCC,1,45.0,female,,train
ISIC_8132785,IL_3482678,clinical,clinical: close-up,Malignant,SCCKA,1,70.0,male,lower extremity,train
ISIC_1845181,IL_3482678,dermoscopic,dermoscopic,Malignant,SCCKA,1,70.0,male,lower extremity,train
ISIC_0567766,IL_3484645,clinical,clinical: close-up,Indeterminate,AKIEC,1,75.0,male,head/neck,train
ISIC_9442868,IL_3484645,dermoscopic,dermoscopic,Indeterminate,AKIEC,1,75.0,male,head/neck,train
ISIC_2593896,IL_3486066,clinical,clinical: close-up,Malignant,AKIEC,1,85.0,male,head/neck,train
ISIC_8446431,IL_3486066,dermoscopic,dermoscopic,Malignant,AKIEC,1,85.0,male,head/neck,train
ISIC_7275427,IL_3487572,clinical,clinical: close-up,Malignant,SCCKA,1,85.0,male,head/neck,train
ISIC_2698174,IL_3487572,dermoscopic,dermoscopic,Malignant,SCCKA,1,85.0,male,head/neck,train
ISIC_7431526,IL_3488332,clinical,clinical: close-up,Malignant,BCC,1,70.0,female,lower extremity,train
ISIC_5867806,IL_3488332,dermoscopic,dermoscopic,Malignant,BCC,1,70.0,female,lower extremity,train
ISIC_3072729,IL_3488429,clinical,clinical: close-up,Malignant,BCC,1,65.0,male,head/neck,train
ISIC_9084000,IL_3488429,dermoscopic,dermoscopic,Malignant,BCC,1,65.0,male,head/neck,train
ISIC_0760456,IL_3492257,clinical,clinical: close-up,Malignant,BCC,1,55.0,female,,train
ISIC_1621625,IL_3492257,dermoscopic,dermoscopic,Malignant,BCC,1,55.0,female,,train
ISIC_3763694,IL_3492716,clinical,clinical: close-up,Malignant,BCC,1,55.0,male,,train
ISIC_1424527,IL_3492716,dermoscopic,dermoscopic,Malignant,BCC,1,55.0,male,,train
ISIC_0463396,IL_3496522,clinical,clinical: close-up,Malignant,BCC,1,85.0,female,head/neck,train
ISIC_5973129,IL_3496522,dermoscopic,dermoscopic,Malignant,BCC,1,85.0,female,head/neck,train
ISIC_5986993,IL_3498244,clinical,clinical: close-up,Malignant,SCCKA,1,65.0,male,,train
ISIC_5728005,IL_3498244,dermoscopic,dermoscopic,Malignant,SCCKA,1,65.0,male,,train
ISIC_3244506,IL_3503825,clinical,clinical: close-up,Malignant,MEL,1,20.0,male,,train
ISIC_3587674,IL_3503825,dermoscopic,dermoscopic,Malignant,MEL,1,20.0,male,,train
ISIC_3928700,IL_3504341,clinical,clinical: close-up,Malignant,BCC,1,60.0,female,lower extremity,train
ISIC_5702669,IL_3504341,dermoscopic,dermoscopic,Malignant,BCC,1,60.0,female,lower extremity,train
ISIC_9525008,IL_3517038,clinical,clinical: close-up,Benign,BKL,0,70.0,male,lower extremity,train
ISIC_1700871,IL_3517038,dermoscopic,dermoscopic,Benign,BKL,0,70.0,male,lower extremity,train
ISIC_2935903,IL_3518788,clinical,clinical: close-up,Benign,BKL,0,50.0,male,lower extremity,train
ISIC_4499650,IL_3518788,dermoscopic,dermoscopic,Benign,BKL,0,50.0,male,lower extremity,train
ISIC_2775686,IL_3518875,clinical,clinical: close-up,Malignant,BCC,1,60.0,male,lower extremity,train
ISIC_5566200,IL_3518875,dermoscopic,dermoscopic,Malignant,BCC,1,60.0,male,lower extremity,train
ISIC_9843002,IL_3521617,clinical,clinical: close-up,Benign,NV,0,80.0,male,,train
ISIC_4180324,IL_3521617,dermoscopic,dermoscopic,Benign,NV,0,80.0,male,,train
ISIC_8636984,IL_3522764,clinical,clinical: close-up,Malignant,BCC,1,75.0,male,head/neck,train
ISIC_9629029,IL_3522764,dermoscopic,dermoscopic,Malignant,BCC,1,75.0,male,head/neck,train
ISIC_1656419,IL_3528206,clinical,clinical: close-up,Benign,INF,0,70.0,male,lower extremity,train
ISIC_2721277,IL_3528206,dermoscopic,dermoscopic,Benign,INF,0,70.0,male,lower extremity,train
ISIC_6222747,IL_3529988,clinical,clinical: close-up,Malignant,BCC,1,55.0,male,head/neck,train
ISIC_9399207,IL_3529988,dermoscopic,dermoscopic,Malignant,BCC,1,55.0,male,head/neck,train
ISIC_3522468,IL_3532115,clinical,clinical: close-up,Benign,BKL,0,55.0,female,,train
ISIC_3425683,IL_3532115,dermoscopic,dermoscopic,Benign,BKL,0,55.0,female,,train
ISIC_5324767,IL_3541030,clinical,clinical: close-up,Benign,NV,0,15.0,female,,train
ISIC_6447813,IL_3541030,dermoscopic,dermoscopic,Benign,NV,0,15.0,female,,train
ISIC_7801659,IL_3542015,clinical,clinical: close-up,Malignant,SCCKA,1,80.0,male,head/neck,train
ISIC_2273572,IL_3542015,dermoscopic,dermoscopic,Malignant,SCCKA,1,80.0,male,head/neck,train
ISIC_1751525,IL_3544238,clinical,clinical: close-up,Benign,NV,0,35.0,female,,train
ISIC_1010358,IL_3544238,dermoscopic,dermoscopic,Benign,NV,0,35.0,female,,train
ISIC_4835287,IL_3546806,clinical,clinical: close-up,Malignant,BCC,1,50.0,male,,train
ISIC_6347418,IL_3546806,dermoscopic,dermoscopic,Malignant,BCC,1,50.0,male,,train
ISIC_0366902,IL_3547221,clinical,clinical: close-up,Benign,BKL,0,80.0,female,upper extremity,train
ISIC_2258930,IL_3547221,dermoscopic,dermoscopic,Benign,BKL,0,80.0,female,upper extremity,train
ISIC_4967282,IL_3553236,clinical,clinical: close-up,Malignant,MEL,1,40.0,female,head/neck,train
ISIC_7785676,IL_3553236,dermoscopic,dermoscopic,Malignant,MEL,1,40.0,female,head/neck,train
ISIC_3327886,IL_3558954,clinical,clinical: close-up,Malignant,BCC,1,65.0,female,lower extremity,train
ISIC_8251827,IL_3558954,dermoscopic,dermoscopic,Malignant,BCC,1,65.0,female,lower extremity,train
ISIC_3613928,IL_3559203,clinical,clinical: close-up,Malignant,BCC,1,55.0,female,head/neck,train
ISIC_7209964,IL_3559203,dermoscopic,dermoscopic,Malignant,BCC,1,55.0,female,head/neck,train
ISIC_6700837,IL_3561998,clinical,clinical: close-up,Malignant,BCC,1,60.0,male,,train
ISIC_8041130,IL_3561998,dermoscopic,dermoscopic,Malignant,BCC,1,60.0,male,,train
ISIC_3694172,IL_3562985,clinical,clinical: close-up,Malignant,SCCKA,1,60.0,male,lower extremity,train
ISIC_7206801,IL_3562985,dermoscopic,dermoscopic,Malignant,SCCKA,1,60.0,male,lower extremity,train
ISIC_1883913,IL_3566377,clinical,clinical: close-up,Benign,BKL,0,75.0,female,head/neck,train
ISIC_9893445,IL_3566377,dermoscopic,dermoscopic,Benign,BKL,0,75.0,female,head/neck,train
ISIC_8678580,IL_3566495,clinical,clinical: close-up,Malignant,BCC,1,55.0,male,,train
ISIC_5517500,IL_3566495,dermoscopic,dermoscopic,Malignant,BCC,1,55.0,male,,train
ISIC_8050539,IL_3570524,clinical,clinical: close-up,Malignant,SCCKA,1,80.0,male,head/neck,train
ISIC_6842565,IL_3570524,dermoscopic,dermoscopic,Malignant,SCCKA,1,80.0,male,head/neck,train
ISIC_6218940,IL_3570537,clinical,clinical: close-up,Indeterminate,AKIEC,1,65.0,male,head/neck,train
ISIC_3343865,IL_3570537,dermoscopic,dermoscopic,Indeterminate,AKIEC,1,65.0,male,head/neck,train
ISIC_8930739,IL_3574782,clinical,clinical: close-up,Malignant,BCC,1,65.0,male,,train
ISIC_0892888,IL_3574782,dermoscopic,dermoscopic,Malignant,BCC,1,65.0,male,,train
ISIC_2841434,IL_3576180,clinical,clinical: close-up,Benign,NV,0,35.0,female,,train
ISIC_8559278,IL_3576180,dermoscopic,dermoscopic,Benign,NV,0,35.0,female,,train
ISIC_3302639,IL_3576775,clinical,clinical: close-up,Malignant,BCC,1,80.0,male,head/neck,train
ISIC_3456998,IL_3576775,dermoscopic,dermoscopic,Malignant,BCC,1,80.0,male,head/neck,train
ISIC_3156175,IL_3577604,clinical,clinical: close-up,Malignant,BCC,1,65.0,male,,train
ISIC_4072524,IL_3577604,dermoscopic,dermoscopic,Malignant,BCC,1,65.0,male,,train
ISIC_7872929,IL_3581792,clinical,clinical: close-up,Malignant,BCC,1,50.0,male,head/neck,train
ISIC_1580681,IL_3581792,dermoscopic,dermoscopic,Malignant,BCC,1,50.0,male,head/neck,train
ISIC_0886120,IL_3582002,clinical,clinical: close-up,Malignant,AKIEC,1,65.0,female,upper extremity,train
ISIC_0199124,IL_3582002,dermoscopic,dermoscopic,Malignant,AKIEC,1,65.0,female,upper extremity,train
ISIC_5511326,IL_3582331,clinical,clinical: close-up,Benign,NV,0,10.0,female,lower extremity,train
ISIC_7808755,IL_3582331,dermoscopic,dermoscopic,Benign,NV,0,10.0,female,lower extremity,train
ISIC_2734876,IL_3596093,clinical,clinical: close-up,Malignant,BCC,1,65.0,male,,train
ISIC_8385396,IL_3596093,dermoscopic,dermoscopic,Malignant,BCC,1,65.0,male,,train
ISIC_9886316,IL_3600941,clinical,clinical: close-up,Malignant,BCC,1,60.0,female,upper extremity,train
ISIC_2950662,IL_3600941,dermoscopic,dermoscopic,Malignant,BCC,1,60.0,female,upper extremity,train
ISIC_7304468,IL_3603601,clinical,clinical: close-up,Indeterminate,AKIEC,1,80.0,female,head/neck,train
ISIC_5745120,IL_3603601,dermoscopic,dermoscopic,Indeterminate,AKIEC,1,80.0,female,head/neck,train
ISIC_5999967,IL_3608971,clinical,clinical: close-up,Malignant,BCC,1,55.0,male,,train
ISIC_2916022,IL_3608971,dermoscopic,dermoscopic,Malignant,BCC,1,55.0,male,,train
ISIC_4065190,IL_3609396,clinical,clinical: close-up,Malignant,BCC,1,45.0,male,,train
ISIC_6822533,IL_3609396,dermoscopic,dermoscopic,Malignant,BCC,1,45.0,male,,train
ISIC_6050192,IL_3609983,clinical,clinical: close-up,Benign,NV,0,50.0,female,,train
ISIC_1009475,IL_3609983,dermoscopic,dermoscopic,Benign,NV,0,50.0,female,,train
ISIC_4973067,IL_3615329,clinical,clinical: close-up,Malignant,BCC,1,75.0,male,,train
ISIC_6952812,IL_3615329,dermoscopic,dermoscopic,Malignant,BCC,1,75.0,male,,train
ISIC_0428185,IL_3625666,clinical,clinical: close-up,Malignant,MEL,1,80.0,female,,train
ISIC_6195452,IL_3625666,dermoscopic,dermoscopic,Malignant,MEL,1,80.0,female,,train
ISIC_0571728,IL_3632204,clinical,clinical: close-up,Benign,NV,0,20.0,male,,train
ISIC_4156628,IL_3632204,dermoscopic,dermoscopic,Benign,NV,0,20.0,male,,train
ISIC_8768212,IL_3634030,clinical,clinical: close-up,Malignant,BCC,1,65.0,female,,train
ISIC_6417102,IL_3634030,dermoscopic,dermoscopic,Malignant,BCC,1,65.0,female,,train
ISIC_1576697,IL_3634935,clinical,clinical: close-up,Benign,NV,0,50.0,male,,train
ISIC_6332308,IL_3634935,dermoscopic,dermoscopic,Benign,NV,0,50.0,male,,train
ISIC_7403204,IL_3636394,clinical,clinical: close-up,Malignant,MEL,1,45.0,female,lower extremity,train
ISIC_6954063,IL_3636394,dermoscopic,dermoscopic,Malignant,MEL,1,45.0,female,lower extremity,train
ISIC_0323945,IL_3638399,clinical,clinical: close-up,Benign,BKL,0,70.0,female,,train
ISIC_3822722,IL_3638399,dermoscopic,dermoscopic,Benign,BKL,0,70.0,female,,train
ISIC_0426130,IL_3640524,clinical,clinical: close-up,Benign,NV,0,65.0,female,head/neck,train
ISIC_9297268,IL_3640524,dermoscopic,dermoscopic,Benign,NV,0,65.0,female,head/neck,train
ISIC_1496736,IL_3650991,clinical,clinical: close-up,Malignant,BCC,1,70.0,female,,train
ISIC_6457249,IL_3650991,dermoscopic,dermoscopic,Malignant,BCC,1,70.0,female,,train
ISIC_7961515,IL_3651436,clinical,clinical: close-up,Malignant,BCC,1,60.0,male,lower extremity,train
ISIC_9188713,IL_3651436,dermoscopic,dermoscopic,Malignant,BCC,1,60.0,male,lower extremity,train
ISIC_2889500,IL_3656714,clinical,clinical: close-up,Malignant,BCC,1,85.0,male,,train
ISIC_7983538,IL_3656714,dermoscopic,dermoscopic,Malignant,BCC,1,85.0,male,,train
ISIC_0155115,IL_3658714,clinical,clinical: close-up,Benign,NV,0,75.0,male,lower extremity,train
ISIC_5089532,IL_3658714,dermoscopic,dermoscopic,Benign,NV,0,75.0,male,lower extremity,train
ISIC_6112801,IL_3660671,clinical,clinical: close-up,Malignant,BCC,1,70.0,male,head/neck,train
ISIC_4155558,IL_3660671,dermoscopic,dermoscopic,Malignant,BCC,1,70.0,male,head/neck,train
ISIC_1399132,IL_3663499,clinical,clinical: close-up,Malignant,BCC,1,70.0,male,,train
ISIC_8951479,IL_3663499,dermoscopic,dermoscopic,Malignant,BCC,1,70.0,male,,train
ISIC_5564663,IL_3664176,clinical,clinical: close-up,Malignant,BCC,1,60.0,male,,train
ISIC_0625197,IL_3664176,dermoscopic,dermoscopic,Malignant,BCC,1,60.0,male,,train
ISIC_3316082,IL_3668497,clinical,clinical: close-up,Benign,NV,0,30.0,male,,train
ISIC_2498820,IL_3668497,dermoscopic,dermoscopic,Benign,NV,0,30.0,male,,train
ISIC_0280428,IL_3672233,clinical,clinical: close-up,Benign,NV,0,55.0,male,,train
ISIC_6538108,IL_3672233,dermoscopic,dermoscopic,Benign,NV,0,55.0,male,,train
ISIC_3581694,IL_3681350,clinical,clinical: close-up,Malignant,BCC,1,70.0,male,lower extremity,train
ISIC_4019827,IL_3681350,dermoscopic,dermoscopic,Malignant,BCC,1,70.0,male,lower extremity,train
ISIC_7368423,IL_3685278,clinical,clinical: close-up,Malignant,SCCKA,1,60.0,female,,train
ISIC_0397332,IL_3685278,dermoscopic,dermoscopic,Malignant,SCCKA,1,60.0,female,,train
ISIC_8479393,IL_3686069,clinical,clinical: close-up,Benign,NV,0,60.0,female,lower extremity,train
ISIC_2061756,IL_3686069,dermoscopic,dermoscopic,Benign,NV,0,60.0,female,lower extremity,train
ISIC_7058677,IL_3687151,clinical,clinical: close-up,Malignant,BCC,1,70.0,male,,train
ISIC_5787263,IL_3687151,dermoscopic,dermoscopic,Malignant,BCC,1,70.0,male,,train
ISIC_1232869,IL_3694094,clinical,clinical: close-up,Malignant,BCC,1,65.0,male,upper extremity,train
ISIC_4090560,IL_3694094,dermoscopic,dermoscopic,Malignant,BCC,1,65.0,male,upper extremity,train
ISIC_6681430,IL_3703578,clinical,clinical: close-up,Indeterminate,AKIEC,1,55.0,male,upper extremity,train
ISIC_3633147,IL_3703578,dermoscopic,dermoscopic,Indeterminate,AKIEC,1,55.0,male,upper extremity,train
ISIC_8599510,IL_3703850,clinical,clinical: close-up,Benign,NV,0,10.0,female,lower extremity,train
ISIC_7974235,IL_3703850,dermoscopic,dermoscopic,Benign,NV,0,10.0,female,lower extremity,train
ISIC_8615408,IL_3705242,clinical,clinical: close-up,Malignant,BCC,1,75.0,female,lower extremity,train
ISIC_6936754,IL_3705242,dermoscopic,dermoscopic,Malignant,BCC,1,75.0,female,lower extremity,train
ISIC_0870426,IL_3709940,clinical,clinical: close-up,Malignant,MEL,1,55.0,male,,train
ISIC_1151059,IL_3709940,dermoscopic,dermoscopic,Malignant,MEL,1,55.0,male,,train
ISIC_3114974,IL_3711710,clinical,clinical: close-up,Malignant,BCC,1,60.0,male,upper extremity,train
ISIC_5169938,IL_3711710,dermoscopic,dermoscopic,Malignant,BCC,1,60.0,male,upper extremity,train
ISIC_6667520,IL_3711784,clinical,clinical: close-up,Malignant,BCC,1,50.0,female,,train
ISIC_1170330,IL_3711784,dermoscopic,dermoscopic,Malignant,BCC,1,50.0,female,,train
ISIC_8626292,IL_3715792,clinical,clinical: close-up,Benign,NV,0,55.0,male,,train
ISIC_3539413,IL_3715792,dermoscopic,dermoscopic,Benign,NV,0,55.0,male,,train
ISIC_5721122,IL_3722904,clinical,clinical: close-up,Malignant,BCC,1,70.0,male,,train
ISIC_6362082,IL_3722904,dermoscopic,dermoscopic,Malignant,BCC,1,70.0,male,,train
ISIC_7522059,IL_3730515,clinical,clinical: close-up,Malignant,BCC,1,75.0,male,head/neck,train
ISIC_1386430,IL_3730515,dermoscopic,dermoscopic,Malignant,BCC,1,75.0,male,head/neck,train
ISIC_2013889,IL_3732140,clinical,clinical: close-up,Malignant,BCC,1,55.0,male,,train
ISIC_4889822,IL_3732140,dermoscopic,dermoscopic,Malignant,BCC,1,55.0,male,,train
ISIC_6670414,IL_3732143,clinical,clinical: close-up,Malignant,BCC,1,85.0,female,,train
ISIC_1595205,IL_3732143,dermoscopic,dermoscopic,Malignant,BCC,1,85.0,female,,train
ISIC_6404972,IL_3738052,clinical,clinical: close-up,Benign,BEN_OTH,0,75.0,male,,train
ISIC_0644224,IL_3738052,dermoscopic,dermoscopic,Benign,BEN_OTH,0,75.0,male,,train
ISIC_2443095,IL_3742316,clinical,clinical: close-up,Malignant,BCC,1,65.0,female,head/neck,train
ISIC_5595298,IL_3742316,dermoscopic,dermoscopic,Malignant,BCC,1,65.0,female,head/neck,train
ISIC_7894539,IL_3745397,clinical,clinical: close-up,Malignant,BCC,1,80.0,female,head/neck,train
ISIC_3217005,IL_3745397,dermoscopic,dermoscopic,Malignant,BCC,1,80.0,female,head/neck,train
ISIC_8483821,IL_3749738,clinical,clinical: close-up,Benign,BKL,0,75.0,male,lower extremity,train
ISIC_9713038,IL_3749738,dermoscopic,dermoscopic,Benign,BKL,0,75.0,male,lower extremity,train
ISIC_1958596,IL_3754821,clinical,clinical: close-up,Malignant,SCCKA,1,75.0,female,,train
ISIC_1136259,IL_3754821,dermoscopic,dermoscopic,Malignant,SCCKA,1,75.0,female,,train
ISIC_3945964,IL_3758218,clinical,clinical: close-up,Malignant,BCC,1,60.0,female,upper extremity,train
ISIC_1901212,IL_3758218,dermoscopic,dermoscopic,Malignant,BCC,1,60.0,female,upper extremity,train
ISIC_6278796,IL_3758712,clinical,clinical: close-up,Benign,BKL,0,60.0,male,,train
ISIC_2441019,IL_3758712,dermoscopic,dermoscopic,Benign,BKL,0,60.0,male,,train
ISIC_9998198,IL_3766346,clinical,clinical: close-up,Benign,NV,0,55.0,male,upper extremity,train
ISIC_7603703,IL_3766346,dermoscopic,dermoscopic,Benign,NV,0,55.0,male,upper extremity,train
ISIC_4347782,IL_3767743,clinical,clinical: close-up,Malignant,BCC,1,65.0,female,upper extremity,train
ISIC_4325233,IL_3767743,dermoscopic,dermoscopic,Malignant,BCC,1,65.0,female,upper extremity,train
ISIC_3305380,IL_3767915,clinical,clinical: close-up,Malignant,BCC,1,60.0,female,lower extremity,train
ISIC_4049057,IL_3767915,dermoscopic,dermoscopic,Malignant,BCC,1,60.0,female,lower extremity,train
ISIC_1012687,IL_3767932,clinical,clinical: close-up,Benign,NV,0,45.0,male,,train
ISIC_8972926,IL_3767932,dermoscopic,dermoscopic,Benign,NV,0,45.0,male,,train
ISIC_5671011,IL_3772647,clinical,clinical: close-up,Malignant,BCC,1,80.0,female,,train
ISIC_1028789,IL_3772647,dermoscopic,dermoscopic,Malignant,BCC,1,80.0,female,,train
ISIC_0261218,IL_3774804,clinical,clinical: close-up,Malignant,SCCKA,1,60.0,female,upper extremity,train
ISIC_9026951,IL_3774804,dermoscopic,dermoscopic,Malignant,SCCKA,1,60.0,female,upper extremity,train
ISIC_3644578,IL_3783944,clinical,clinical: close-up,Malignant,AKIEC,1,65.0,female,lower extremity,train
ISIC_3678654,IL_3783944,dermoscopic,dermoscopic,Malignant,AKIEC,1,65.0,female,lower extremity,train
ISIC_7005808,IL_3790645,clinical,clinical: close-up,Malignant,MEL,1,60.0,male,,train
ISIC_0540953,IL_3790645,dermoscopic,dermoscopic,Malignant,MEL,1,60.0,male,,train
ISIC_3356311,IL_3794416,clinical,clinical: close-up,Malignant,BCC,1,75.0,male,,train
ISIC_6775433,IL_3794416,dermoscopic,dermoscopic,Malignant,BCC,1,75.0,male,,train
ISIC_6564259,IL_3800728,clinical,clinical: close-up,Malignant,BCC,1,55.0,male,head/neck,train
ISIC_1830722,IL_3800728,dermoscopic,dermoscopic,Malignant,BCC,1,55.0,male,head/neck,train
ISIC_4675163,IL_3802643,clinical,clinical: close-up,Malignant,BCC,1,85.0,male,head/neck,train
ISIC_9265386,IL_3802643,dermoscopic,dermoscopic,Malignant,BCC,1,85.0,male,head/neck,train
ISIC_9045023,IL_3806100,clinical,clinical: close-up,Malignant,SCCKA,1,65.0,female,head/neck,train
ISIC_4735258,IL_3806100,dermoscopic,dermoscopic,Malignant,SCCKA,1,65.0,female,head/neck,train
ISIC_9059079,IL_3809267,clinical,clinical: close-up,Malignant,MEL,1,30.0,female,upper extremity,train
ISIC_3197211,IL_3809267,dermoscopic,dermoscopic,Malignant,MEL,1,30.0,female,upper extremity,train
ISIC_7882189,IL_3812776,clinical,clinical: close-up,Malignant,BCC,1,35.0,male,head/neck,train
ISIC_4291049,IL_3812776,dermoscopic,dermoscopic,Malignant,BCC,1,35.0,male,head/neck,train
ISIC_9850344,IL_3812964,clinical,clinical: close-up,Benign,NV,0,30.0,female,lower extremity,train
ISIC_1472934,IL_3812964,dermoscopic,dermoscopic,Benign,NV,0,30.0,female,lower extremity,train
ISIC_0595350,IL_3817473,clinical,clinical: close-up,Benign,NV,0,20.0,female,,train
ISIC_8690116,IL_3817473,dermoscopic,dermoscopic,Benign,NV,0,20.0,female,,train
ISIC_0661874,IL_3819461,clinical,clinical: close-up,Malignant,BCC,1,55.0,male,,train
ISIC_7997862,IL_3819461,dermoscopic,dermoscopic,Malignant,BCC,1,55.0,male,,train
ISIC_6174823,IL_3824346,clinical,clinical: close-up,Malignant,SCCKA,1,85.0,male,head/neck,train
ISIC_5050587,IL_3824346,dermoscopic,dermoscopic,Malignant,SCCKA,1,85.0,male,head/neck,train
ISIC_2839422,IL_3824420,clinical,clinical: close-up,Benign,NV,0,35.0,male,,train
ISIC_3515780,IL_3824420,dermoscopic,dermoscopic,Benign,NV,0,35.0,male,,train
ISIC_7200189,IL_3830097,clinical,clinical: close-up,Malignant,BCC,1,85.0,male,head/neck,train
ISIC_6435462,IL_3830097,dermoscopic,dermoscopic,Malignant,BCC,1,85.0,male,head/neck,train
ISIC_3977951,IL_3836672,clinical,clinical: close-up,Malignant,MEL,1,55.0,male,head/neck,train
ISIC_4482349,IL_3836672,dermoscopic,dermoscopic,Malignant,MEL,1,55.0,male,head/neck,train
ISIC_3589795,IL_3836754,clinical,clinical: close-up,Malignant,BCC,1,75.0,female,lower extremity,train
ISIC_4596353,IL_3836754,dermoscopic,dermoscopic,Malignant,BCC,1,75.0,female,lower extremity,train
ISIC_2273629,IL_3837894,clinical,clinical: close-up,Malignant,AKIEC,1,75.0,male,lower extremity,train
ISIC_6735110,IL_3837894,dermoscopic,dermoscopic,Malignant,AKIEC,1,75.0,male,lower extremity,train
ISIC_7819570,IL_3839366,clinical,clinical: close-up,Malignant,BCC,1,70.0,male,head/neck,train
ISIC_1746893,IL_3839366,dermoscopic,dermoscopic,Malignant,BCC,1,70.0,male,head/neck,train
ISIC_6671359,IL_3844274,clinical,clinical: close-up,Malignant,BCC,1,55.0,male,head/neck,train
ISIC_2410311,IL_3844274,dermoscopic,dermoscopic,Malignant,BCC,1,55.0,male,head/neck,train
ISIC_4590231,IL_3845206,clinical,clinical: close-up,Benign,BKL,0,75.0,male,,train
ISIC_4120304,IL_3845206,dermoscopic,dermoscopic,Benign,BKL,0,75.0,male,,train
ISIC_7161171,IL_3852140,clinical,clinical: close-up,Benign,NV,0,30.0,male,head/neck,train
ISIC_5092532,IL_3852140,dermoscopic,dermoscopic,Benign,NV,0,30.0,male,head/neck,train
ISIC_2221157,IL_3853188,clinical,clinical: close-up,Benign,DF,0,60.0,male,upper extremity,train
ISIC_1962329,IL_3853188,dermoscopic,dermoscopic,Benign,DF,0,60.0,male,upper extremity,train
ISIC_7140185,IL_3853343,clinical,clinical: close-up,Malignant,SCCKA,1,60.0,female,lower extremity,train
ISIC_9685756,IL_3853343,dermoscopic,dermoscopic,Malignant,SCCKA,1,60.0,female,lower extremity,train
ISIC_8597782,IL_3855783,clinical,clinical: close-up,Malignant,BCC,1,75.0,female,lower extremity,train
ISIC_8096488,IL_3855783,dermoscopic,dermoscopic,Malignant,BCC,1,75.0,female,lower extremity,train
ISIC_0846896,IL_3857855,clinical,clinical: close-up,Benign,NV,0,5.0,female,upper extremity,train
ISIC_7174859,IL_3857855,dermoscopic,dermoscopic,Benign,NV,0,5.0,female,upper extremity,train
ISIC_8869199,IL_3859147,clinical,clinical: close-up,Malignant,BCC,1,65.0,male,upper extremity,train
ISIC_9639067,IL_3859147,dermoscopic,dermoscopic,Malignant,BCC,1,65.0,male,upper extremity,train
ISIC_0237641,IL_3859587,clinical,clinical: close-up,Malignant,BCC,1,60.0,female,head/neck,train
ISIC_1070485,IL_3859587,dermoscopic,dermoscopic,Malignant,BCC,1,60.0,female,head/neck,train
ISIC_9892393,IL_3860000,clinical,clinical: close-up,Benign,BKL,0,85.0,male,,train
ISIC_4380499,IL_3860000,dermoscopic,dermoscopic,Benign,BKL,0,85.0,male,,train
ISIC_0428450,IL_3861295,clinical,clinical: close-up,Benign,DF,0,55.0,female,upper extremity,train
ISIC_6043617,IL_3861295,dermoscopic,dermoscopic,Benign,DF,0,55.0,female,upper extremity,train
ISIC_7834236,IL_3883867,clinical,clinical: close-up,Benign,NV,0,60.0,female,head/neck,train
ISIC_4927149,IL_3883867,dermoscopic,dermoscopic,Benign,NV,0,60.0,female,head/neck,train
ISIC_4475597,IL_3884267,clinical,clinical: close-up,Benign,NV,0,65.0,male,lower extremity,train
ISIC_5993743,IL_3884267,dermoscopic,dermoscopic,Benign,NV,0,65.0,male,lower extremity,train
ISIC_7533028,IL_3884750,clinical,clinical: close-up,Malignant,BCC,1,50.0,male,,train
ISIC_9426065,IL_3884750,dermoscopic,dermoscopic,Malignant,BCC,1,50.0,male,,train
ISIC_9073117,IL_3884933,clinical,clinical: close-up,Malignant,BCC,1,45.0,male,head/neck,train
ISIC_2914456,IL_3884933,dermoscopic,dermoscopic,Malignant,BCC,1,45.0,male,head/neck,train
ISIC_7607421,IL_3887392,clinical,clinical: close-up,Malignant,BCC,1,70.0,male,head/neck,train
ISIC_7169372,IL_3887392,dermoscopic,dermoscopic,Malignant,BCC,1,70.0,male,head/neck,train
ISIC_6984049,IL_3892399,clinical,clinical: close-up,Malignant,BCC,1,65.0,female,head/neck,train
ISIC_2175811,IL_3892399,dermoscopic,dermoscopic,Malignant,BCC,1,65.0,female,head/neck,train
ISIC_5343449,IL_3893799,clinical,clinical: close-up,Malignant,SCCKA,1,80.0,female,,train
ISIC_2093474,IL_3893799,dermoscopic,dermoscopic,Malignant,SCCKA,1,80.0,female,,train
ISIC_0103091,IL_3897948,clinical,clinical: close-up,Malignant,BCC,1,65.0,female,,train
ISIC_2146381,IL_3897948,dermoscopic,dermoscopic,Malignant,BCC,1,65.0,female,,train
ISIC_4026962,IL_3899436,clinical,clinical: close-up,Malignant,BCC,1,65.0,female,,train
ISIC_8793718,IL_3899436,dermoscopic,dermoscopic,Malignant,BCC,1,65.0,female,,train
ISIC_9666922,IL_3899977,clinical,clinical: close-up,Benign,BKL,0,85.0,female,,train
ISIC_8839205,IL_3899977,dermoscopic,dermoscopic,Benign,BKL,0,85.0,female,,train
ISIC_4466417,IL_3901946,clinical,clinical: close-up,Benign,DF,0,20.0,female,,train
ISIC_4959784,IL_3901946,dermoscopic,dermoscopic,Benign,DF,0,20.0,female,,train
ISIC_9173896,IL_3914396,clinical,clinical: close-up,Malignant,BCC,1,70.0,female,lower extremity,train
ISIC_8068926,IL_3914396,dermoscopic,dermoscopic,Malignant,BCC,1,70.0,female,lower extremity,train
ISIC_1345175,IL_3916438,clinical,clinical: close-up,Benign,NV,0,40.0,female,head/neck,train
ISIC_8723719,IL_3916438,dermoscopic,dermoscopic,Benign,NV,0,40.0,female,head/neck,train
ISIC_5043700,IL_3919255,clinical,clinical: close-up,Benign,NV,0,40.0,female,,train
ISIC_7735107,IL_3919255,dermoscopic,dermoscopic,Benign,NV,0,40.0,female,,train
ISIC_6820101,IL_3925497,clinical,clinical: close-up,Malignant,MEL,1,50.0,female,,train
ISIC_5745126,IL_3925497,dermoscopic,dermoscopic,Malignant,MEL,1,50.0,female,,train
ISIC_1932860,IL_3930642,clinical,clinical: close-up,Malignant,BCC,1,55.0,male,lower extremity,train
ISIC_8938866,IL_3930642,dermoscopic,dermoscopic,Malignant,BCC,1,55.0,male,lower extremity,train
ISIC_3485522,IL_3931647,clinical,clinical: close-up,Benign,BKL,0,35.0,female,lower extremity,train
ISIC_2022315,IL_3931647,dermoscopic,dermoscopic,Benign,BKL,0,35.0,female,lower extremity,train
ISIC_6175375,IL_3935951,clinical,clinical: close-up,Benign,NV,0,20.0,male,lower extremity,train
ISIC_1544622,IL_3935951,dermoscopic,dermoscopic,Benign,NV,0,20.0,male,lower extremity,train
ISIC_1255346,IL_3939188,clinical,clinical: close-up,Malignant,AKIEC,1,70.0,male,upper extremity,train
ISIC_5084963,IL_3939188,dermoscopic,dermoscopic,Malignant,AKIEC,1,70.0,male,upper extremity,train
ISIC_5345557,IL_3944877,clinical,clinical: close-up,Benign,BKL,0,70.0,male,,train
ISIC_6252730,IL_3944877,dermoscopic,dermoscopic,Benign,BKL,0,70.0,male,,train
ISIC_7964186,IL_3945386,clinical,clinical: close-up,Malignant,BCC,1,60.0,female,lower extremity,train
ISIC_0722347,IL_3945386,dermoscopic,dermoscopic,Malignant,BCC,1,60.0,female,lower extremity,train
ISIC_7553451,IL_3949779,clinical,clinical: close-up,Malignant,BCC,1,50.0,male,,train
ISIC_5569473,IL_3949779,dermoscopic,dermoscopic,Malignant,BCC,1,50.0,male,,train
ISIC_9989178,IL_3952993,clinical,clinical: close-up,Malignant,BCC,1,85.0,female,head/neck,train
ISIC_1335894,IL_3952993,dermoscopic,dermoscopic,Malignant,BCC,1,85.0,female,head/neck,train
ISIC_0510199,IL_3955700,clinical,clinical: close-up,Benign,BKL,0,85.0,male,,train
ISIC_5460617,IL_3955700,dermoscopic,dermoscopic,Benign,BKL,0,85.0,male,,train
ISIC_9899180,IL_3956488,clinical,clinical: close-up,Benign,BKL,0,70.0,male,,train
ISIC_4869964,IL_3956488,dermoscopic,dermoscopic,Benign,BKL,0,70.0,male,,train
ISIC_2948051,IL_3966322,clinical,clinical: close-up,Benign,DF,0,75.0,male,lower extremity,train
ISIC_6070426,IL_3966322,dermoscopic,dermoscopic,Benign,DF,0,75.0,male,lower extremity,train
ISIC_9297122,IL_3968008,clinical,clinical: close-up,Malignant,BCC,1,55.0,male,lower extremity,train
ISIC_0972110,IL_3968008,dermoscopic,dermoscopic,Malignant,BCC,1,55.0,male,lower extremity,train
ISIC_3447732,IL_3974873,clinical,clinical: close-up,Malignant,BCC,1,80.0,male,,train
ISIC_6765536,IL_3974873,dermoscopic,dermoscopic,Malignant,BCC,1,80.0,male,,train
ISIC_8495209,IL_3976395,clinical,clinical: close-up,Malignant,BCC,1,60.0,male,,train
ISIC_2231864,IL_3976395,dermoscopic,dermoscopic,Malignant,BCC,1,60.0,male,,train
ISIC_3694700,IL_3982685,clinical,clinical: close-up,Benign,NV,0,45.0,male,lower extremity,train
ISIC_8662604,IL_3982685,dermoscopic,dermoscopic,Benign,NV,0,45.0,male,lower extremity,train
ISIC_1123171,IL_3984556,clinical,clinical: close-up,Malignant,BCC,1,60.0,male,head/neck,train
ISIC_6899811,IL_3984556,dermoscopic,dermoscopic,Malignant,BCC,1,60.0,male,head/neck,train
ISIC_8746569,IL_3985289,clinical,clinical: close-up,Malignant,BCC,1,75.0,female,lower extremity,train
ISIC_0495769,IL_3985289,dermoscopic,dermoscopic,Malignant,BCC,1,75.0,female,lower extremity,train
ISIC_8933142,IL_3986859,clinical,clinical: close-up,Malignant,BCC,1,50.0,male,,train
ISIC_4489369,IL_3986859,dermoscopic,dermoscopic,Malignant,BCC,1,50.0,male,,train
ISIC_9177006,IL_3987209,clinical,clinical: close-up,Malignant,SCCKA,1,65.0,female,upper extremity,train
ISIC_7312960,IL_3987209,dermoscopic,dermoscopic,Malignant,SCCKA,1,65.0,female,upper extremity,train
ISIC_4524898,IL_3991500,clinical,clinical: close-up,Benign,NV,0,40.0,male,,train
ISIC_4785619,IL_3991500,dermoscopic,dermoscopic,Benign,NV,0,40.0,male,,train
ISIC_8768360,IL_3995124,clinical,clinical: close-up,Benign,NV,0,65.0,male,,train
ISIC_0718332,IL_3995124,dermoscopic,dermoscopic,Benign,NV,0,65.0,male,,train
ISIC_0167746,IL_3995559,clinical,clinical: close-up,Malignant,MEL,1,85.0,male,head/neck,train
ISIC_4141251,IL_3995559,dermoscopic,dermoscopic,Malignant,MEL,1,85.0,male,head/neck,train
ISIC_4129256,IL_3996209,clinical,clinical: close-up,Malignant,BCC,1,60.0,female,lower extremity,train
ISIC_0467500,IL_3996209,dermoscopic,dermoscopic,Malignant,BCC,1,60.0,female,lower extremity,train
ISIC_0824121,IL_3999656,clinical,clinical: close-up,Benign,BKL,0,65.0,male,,train
ISIC_1323177,IL_3999656,dermoscopic,dermoscopic,Benign,BKL,0,65.0,male,,train
ISIC_0614880,IL_4005542,clinical,clinical: close-up,Malignant,BCC,1,55.0,male,head/neck,train
ISIC_6227786,IL_4005542,dermoscopic,dermoscopic,Malignant,BCC,1,55.0,male,head/neck,train
ISIC_8845800,IL_4008032,clinical,clinical: close-up,Malignant,BCC,1,60.0,female,,train
ISIC_7460585,IL_4008032,dermoscopic,dermoscopic,Malignant,BCC,1,60.0,female,,train
ISIC_7652703,IL_4010567,clinical,clinical: close-up,Malignant,BCC,1,35.0,male,,train
ISIC_5777416,IL_4010567,dermoscopic,dermoscopic,Malignant,BCC,1,35.0,male,,train
ISIC_4009830,IL_4019349,clinical,clinical: close-up,Malignant,BCC,1,65.0,male,,train
ISIC_8285845,IL_4019349,dermoscopic,dermoscopic,Malignant,BCC,1,65.0,male,,train
ISIC_2188650,IL_4020626,clinical,clinical: close-up,Benign,BKL,0,70.0,male,upper extremity,train
ISIC_8056101,IL_4020626,dermoscopic,dermoscopic,Benign,BKL,0,70.0,male,upper extremity,train
ISIC_1904822,IL_4022270,clinical,clinical: close-up,Malignant,BCC,1,65.0,female,upper extremity,train
ISIC_5627117,IL_4022270,dermoscopic,dermoscopic,Malignant,BCC,1,65.0,female,upper extremity,train
ISIC_4943764,IL_4032285,clinical,clinical: close-up,Malignant,BCC,1,50.0,male,,train
ISIC_3202131,IL_4032285,dermoscopic,dermoscopic,Malignant,BCC,1,50.0,male,,train
ISIC_5030992,IL_4033991,clinical,clinical: close-up,Benign,BKL,0,65.0,male,,train
ISIC_8698547,IL_4033991,dermoscopic,dermoscopic,Benign,BKL,0,65.0,male,,train
ISIC_5186161,IL_4041847,clinical,clinical: close-up,Malignant,MEL,1,70.0,male,lower extremity,train
ISIC_1529132,IL_4041847,dermoscopic,dermoscopic,Malignant,MEL,1,70.0,male,lower extremity,train
ISIC_8374389,IL_4042622,clinical,clinical: close-up,Malignant,BCC,1,50.0,male,,train
ISIC_4265106,IL_4042622,dermoscopic,dermoscopic,Malignant,BCC,1,50.0,male,,train
ISIC_4412263,IL_4049256,clinical,clinical: close-up,Malignant,BCC,1,70.0,male,upper extremity,train
ISIC_2470660,IL_4049256,dermoscopic,dermoscopic,Malignant,BCC,1,70.0,male,upper extremity,train
ISIC_3729094,IL_4050441,clinical,clinical: close-up,Malignant,BCC,1,70.0,male,head/neck,train
ISIC_7087826,IL_4050441,dermoscopic,dermoscopic,Malignant,BCC,1,70.0,male,head/neck,train
ISIC_3334868,IL_4052730,clinical,clinical: close-up,Benign,NV,0,50.0,female,lower extremity,train
ISIC_8897741,IL_4052730,dermoscopic,dermoscopic,Benign,NV,0,50.0,female,lower extremity,train
ISIC_2794417,IL_4061949,clinical,clinical: close-up,Benign,NV,0,5.0,male,,train
ISIC_6887594,IL_4061949,dermoscopic,dermoscopic,Benign,NV,0,5.0,male,,train
ISIC_5984979,IL_4064310,clinical,clinical: close-up,Malignant,BCC,1,60.0,female,head/neck,train
ISIC_4381433,IL_4064310,dermoscopic,dermoscopic,Malignant,BCC,1,60.0,female,head/neck,train
ISIC_0346032,IL_4064618,clinical,clinical: close-up,Malignant,MEL,1,75.0,male,lower extremity,train
ISIC_8350851,IL_4064618,dermoscopic,dermoscopic,Malignant,MEL,1,75.0,male,lower extremity,train
ISIC_6746536,IL_4066034,clinical,clinical: close-up,Malignant,BCC,1,45.0,female,head/neck,train
ISIC_7986295,IL_4066034,dermoscopic,dermoscopic,Malignant,BCC,1,45.0,female,head/neck,train
ISIC_1741885,IL_4068514,clinical,clinical: close-up,Malignant,BCC,1,85.0,male,head/neck,train
ISIC_5360213,IL_4068514,dermoscopic,dermoscopic,Malignant,BCC,1,85.0,male,head/neck,train
ISIC_9818689,IL_4073740,clinical,clinical: close-up,Malignant,MEL,1,35.0,male,head/neck,train
ISIC_6234798,IL_4073740,dermoscopic,dermoscopic,Malignant,MEL,1,35.0,male,head/neck,train
ISIC_8268102,IL_4079886,clinical,clinical: close-up,Malignant,SCCKA,1,75.0,male,head/neck,train
ISIC_9944257,IL_4079886,dermoscopic,dermoscopic,Malignant,SCCKA,1,75.0,male,head/neck,train
ISIC_5177404,IL_4083881,clinical,clinical: close-up,Malignant,AKIEC,1,35.0,male,upper extremity,train
ISIC_0601665,IL_4083881,dermoscopic,dermoscopic,Malignant,AKIEC,1,35.0,male,upper extremity,train
ISIC_7056997,IL_4088084,clinical,clinical: close-up,Malignant,SCCKA,1,85.0,male,head/neck,train
ISIC_7946501,IL_4088084,dermoscopic,dermoscopic,Malignant,SCCKA,1,85.0,male,head/neck,train
ISIC_2044054,IL_4088616,clinical,clinical: close-up,Malignant,BCC,1,55.0,female,,train
ISIC_1241916,IL_4088616,dermoscopic,dermoscopic,Malignant,BCC,1,55.0,female,,train
ISIC_3466390,IL_4093493,clinical,clinical: close-up,Malignant,AKIEC,1,85.0,female,upper extremity,train
ISIC_5748062,IL_4093493,dermoscopic,dermoscopic,Malignant,AKIEC,1,85.0,female,upper extremity,train
ISIC_0187127,IL_4094223,clinical,clinical: close-up,Malignant,BCC,1,75.0,male,lower extremity,train
ISIC_4275458,IL_4094223,dermoscopic,dermoscopic,Malignant,BCC,1,75.0,male,lower extremity,train
ISIC_2446922,IL_4096738,clinical,clinical: close-up,Malignant,SCCKA,1,70.0,female,upper extremity,train
ISIC_6874373,IL_4096738,dermoscopic,dermoscopic,Malignant,SCCKA,1,70.0,female,upper extremity,train
ISIC_6703068,IL_4099426,clinical,clinical: close-up,Malignant,BCC,1,55.0,female,,train
ISIC_0097302,IL_4099426,dermoscopic,dermoscopic,Malignant,BCC,1,55.0,female,,train
ISIC_9551475,IL_4100089,clinical,clinical: close-up,Benign,NV,0,40.0,male,,train
ISIC_2621421,IL_4100089,dermoscopic,dermoscopic,Benign,NV,0,40.0,male,,train
ISIC_8644033,IL_4107565,clinical,clinical: close-up,Malignant,BCC,1,50.0,female,,train
ISIC_1701968,IL_4107565,dermoscopic,dermoscopic,Malignant,BCC,1,50.0,female,,train
ISIC_3613098,IL_4108143,clinical,clinical: close-up,Benign,NV,0,50.0,male,lower extremity,train
ISIC_5315833,IL_4108143,dermoscopic,dermoscopic,Benign,NV,0,50.0,male,lower extremity,train
ISIC_3818502,IL_4115404,clinical,clinical: close-up,Malignant,AKIEC,1,85.0,female,lower extremity,train
ISIC_0078190,IL_4115404,dermoscopic,dermoscopic,Malignant,AKIEC,1,85.0,female,lower extremity,train
ISIC_4294236,IL_4116292,clinical,clinical: close-up,Benign,NV,0,35.0,male,,train
ISIC_8345526,IL_4116292,dermoscopic,dermoscopic,Benign,NV,0,35.0,male,,train
ISIC_0879335,IL_4124169,clinical,clinical: close-up,Benign,NV,0,60.0,male,,train
ISIC_9900723,IL_4124169,dermoscopic,dermoscopic,Benign,NV,0,60.0,male,,train
ISIC_8160849,IL_4124357,clinical,clinical: close-up,Malignant,BCC,1,80.0,male,lower extremity,train
ISIC_2328093,IL_4124357,dermoscopic,dermoscopic,Malignant,BCC,1,80.0,male,lower extremity,train
ISIC_4119708,IL_4125524,clinical,clinical: close-up,Malignant,BCC,1,70.0,male,lower extremity,train
ISIC_8942026,IL_4125524,dermoscopic,dermoscopic,Malignant,BCC,1,70.0,male,lower extremity,train
ISIC_2163581,IL_4126361,clinical,clinical: close-up,Malignant,BCC,1,70.0,female,,train
ISIC_8922165,IL_4126361,dermoscopic,dermoscopic,Malignant,BCC,1,70.0,female,,train
ISIC_4257621,IL_4130663,clinical,clinical: close-up,Malignant,BCC,1,65.0,male,lower extremity,train
ISIC_3836165,IL_4130663,dermoscopic,dermoscopic,Malignant,BCC,1,65.0,male,lower extremity,train
ISIC_9239028,IL_4130866,clinical,clinical: close-up,Malignant,BCC,1,75.0,male,head/neck,train
ISIC_9247586,IL_4130866,dermoscopic,dermoscopic,Malignant,BCC,1,75.0,male,head/neck,train
ISIC_3617005,IL_4131628,clinical,clinical: close-up,Malignant,BCC,1,65.0,male,head/neck,train
ISIC_4954192,IL_4131628,dermoscopic,dermoscopic,Malignant,BCC,1,65.0,male,head/neck,train
ISIC_9151156,IL_4132479,clinical,clinical: close-up,Benign,NV,0,50.0,male,,train
ISIC_4428176,IL_4132479,dermoscopic,dermoscopic,Benign,NV,0,50.0,male,,train
ISIC_8024502,IL_4133123,clinical,clinical: close-up,Benign,DF,0,65.0,female,,train
ISIC_0479656,IL_4133123,dermoscopic,dermoscopic,Benign,DF,0,65.0,female,,train
ISIC_6047038,IL_4135081,clinical,clinical: close-up,Malignant,BCC,1,60.0,male,head/neck,train
ISIC_5430362,IL_4135081,dermoscopic,dermoscopic,Malignant,BCC,1,60.0,male,head/neck,train
ISIC_5962509,IL_4137661,clinical,clinical: close-up,Malignant,SCCKA,1,50.0,male,upper extremity,train
ISIC_3760355,IL_4137661,dermoscopic,dermoscopic,Malignant,SCCKA,1,50.0,male,upper extremity,train
ISIC_0485633,IL_4147641,clinical,clinical: close-up,Malignant,SCCKA,1,85.0,male,lower extremity,train
ISIC_4066771,IL_4147641,dermoscopic,dermoscopic,Malignant,SCCKA,1,85.0,male,lower extremity,train
ISIC_1063241,IL_4149051,clinical,clinical: close-up,Malignant,BCC,1,60.0,male,,train
ISIC_3088033,IL_4149051,dermoscopic,dermoscopic,Malignant,BCC,1,60.0,male,,train
ISIC_0225656,IL_4150500,clinical,clinical: close-up,Malignant,BCC,1,50.0,male,,train
ISIC_0852575,IL_4150500,dermoscopic,dermoscopic,Malignant,BCC,1,50.0,male,,train
ISIC_0231625,IL_4153539,clinical,clinical: close-up,Malignant,BCC,1,55.0,female,,train
ISIC_8846554,IL_4153539,dermoscopic,dermoscopic,Malignant,BCC,1,55.0,female,,train
ISIC_4771926,IL_4155975,clinical,clinical: close-up,Malignant,BCC,1,70.0,female,lower extremity,train
ISIC_1718501,IL_4155975,dermoscopic,dermoscopic,Malignant,BCC,1,70.0,female,lower extremity,train
ISIC_5709229,IL_4163888,clinical,clinical: close-up,Malignant,BCC,1,50.0,female,head/neck,train
ISIC_5049585,IL_4163888,dermoscopic,dermoscopic,Malignant,BCC,1,50.0,female,head/neck,train
ISIC_5626843,IL_4164624,clinical,clinical: close-up,Malignant,BCC,1,75.0,male,lower extremity,train
ISIC_1156729,IL_4164624,dermoscopic,dermoscopic,Malignant,BCC,1,75.0,male,lower extremity,train
ISIC_0994154,IL_4175034,clinical,clinical: close-up,Benign,BKL,0,85.0,female,lower extremity,train
ISIC_9501706,IL_4175034,dermoscopic,dermoscopic,Benign,BKL,0,85.0,female,lower extremity,train
ISIC_5006126,IL_4175497,clinical,clinical: close-up,Benign,INF,0,40.0,male,head/neck,train
ISIC_7803268,IL_4175497,dermoscopic,dermoscopic,Benign,INF,0,40.0,male,head/neck,train
ISIC_5542359,IL_4176966,clinical,clinical: close-up,Malignant,BCC,1,55.0,female,,train
ISIC_2996665,IL_4176966,dermoscopic,dermoscopic,Malignant,BCC,1,55.0,female,,train
ISIC_5432141,IL_4177126,clinical,clinical: close-up,Benign,BKL,0,60.0,male,head/neck,train
ISIC_7737513,IL_4177126,dermoscopic,dermoscopic,Benign,BKL,0,60.0,male,head/neck,train
ISIC_9430710,IL_4179899,clinical,clinical: close-up,Malignant,MEL,1,55.0,female,upper extremity,train
ISIC_6428132,IL_4179899,dermoscopic,dermoscopic,Malignant,MEL,1,55.0,female,upper extremity,train
ISIC_6752467,IL_4182529,clinical,clinical: close-up,Malignant,BCC,1,80.0,male,head/neck,train
ISIC_1350578,IL_4182529,dermoscopic,dermoscopic,Malignant,BCC,1,80.0,male,head/neck,train
ISIC_9596244,IL_4185194,clinical,clinical: close-up,Malignant,MEL,1,65.0,female,lower extremity,train
ISIC_2496140,IL_4185194,dermoscopic,dermoscopic,Malignant,MEL,1,65.0,female,lower extremity,train
ISIC_4123254,IL_4185441,clinical,clinical: close-up,Malignant,BCC,1,75.0,female,head/neck,train
ISIC_6467453,IL_4185441,dermoscopic,dermoscopic,Malignant,BCC,1,75.0,female,head/neck,train
ISIC_1589705,IL_4186623,clinical,clinical: close-up,Malignant,AKIEC,1,75.0,male,lower extremity,train
ISIC_1775540,IL_4186623,dermoscopic,dermoscopic,Malignant,AKIEC,1,75.0,male,lower extremity,train
ISIC_1476780,IL_4186726,clinical,clinical: close-up,Benign,NV,0,50.0,male,,train
ISIC_3727735,IL_4186726,dermoscopic,dermoscopic,Benign,NV,0,50.0,male,,train
ISIC_9301982,IL_4186953,clinical,clinical: close-up,Malignant,SCCKA,1,70.0,male,upper extremity,train
ISIC_1465068,IL_4186953,dermoscopic,dermoscopic,Malignant,SCCKA,1,70.0,male,upper extremity,train
ISIC_1895300,IL_4188654,clinical,clinical: close-up,Malignant,BCC,1,65.0,male,upper extremity,train
ISIC_4034626,IL_4188654,dermoscopic,dermoscopic,Malignant,BCC,1,65.0,male,upper extremity,train
ISIC_5097119,IL_4203515,clinical,clinical: close-up,Benign,BKL,0,55.0,female,head/neck,train
ISIC_2668675,IL_4203515,dermoscopic,dermoscopic,Benign,BKL,0,55.0,female,head/neck,train
ISIC_3290113,IL_4203522,clinical,clinical: close-up,Malignant,BCC,1,80.0,female,,train
ISIC_4649816,IL_4203522,dermoscopic,dermoscopic,Malignant,BCC,1,80.0,female,,train
ISIC_4932799,IL_4209948,clinical,clinical: close-up,Malignant,SCCKA,1,80.0,male,,train
ISIC_4738070,IL_4209948,dermoscopic,dermoscopic,Malignant,SCCKA,1,80.0,male,,train
ISIC_9524858,IL_4212984,clinical,clinical: close-up,Malignant,BCC,1,55.0,male,head/neck,train
ISIC_3349058,IL_4212984,dermoscopic,dermoscopic,Malignant,BCC,1,55.0,male,head/neck,train
ISIC_2668215,IL_4220854,clinical,clinical: close-up,Benign,NV,0,40.0,female,,train
ISIC_0571049,IL_4220854,dermoscopic,dermoscopic,Benign,NV,0,40.0,female,,train
ISIC_4840771,IL_4233206,clinical,clinical: close-up,Benign,BKL,0,40.0,male,head/neck,train
ISIC_7805735,IL_4233206,dermoscopic,dermoscopic,Benign,BKL,0,40.0,male,head/neck,train
ISIC_5291256,IL_4240733,clinical,clinical: close-up,Malignant,BCC,1,50.0,female,upper extremity,train
ISIC_2561690,IL_4240733,dermoscopic,dermoscopic,Malignant,BCC,1,50.0,female,upper extremity,train
ISIC_7493930,IL_4241056,clinical,clinical: close-up,Benign,NV,0,30.0,female,lower extremity,train
ISIC_8517056,IL_4241056,dermoscopic,dermoscopic,Benign,NV,0,30.0,female,lower extremity,train
ISIC_7872925,IL_4242651,clinical,clinical: close-up,Malignant,BCC,1,65.0,male,lower extremity,train
ISIC_1110722,IL_4242651,dermoscopic,dermoscopic,Malignant,BCC,1,65.0,male,lower extremity,train
ISIC_2968300,IL_4245376,clinical,clinical: close-up,Malignant,BCC,1,30.0,female,,train
ISIC_5311382,IL_4245376,dermoscopic,dermoscopic,Malignant,BCC,1,30.0,female,,train
ISIC_2338396,IL_4255288,clinical,clinical: close-up,Benign,NV,0,40.0,female,lower extremity,train
ISIC_7817884,IL_4255288,dermoscopic,dermoscopic,Benign,NV,0,40.0,female,lower extremity,train
ISIC_1997944,IL_4258234,clinical,clinical: close-up,Malignant,AKIEC,1,55.0,female,lower extremity,train
ISIC_2372269,IL_4258234,dermoscopic,dermoscopic,Malignant,AKIEC,1,55.0,female,lower extremity,train
ISIC_1552944,IL_4258964,clinical,clinical: close-up,Benign,BEN_OTH,0,70.0,male,lower extremity,train
ISIC_0368345,IL_4258964,dermoscopic,dermoscopic,Benign,BEN_OTH,0,70.0,male,lower extremity,train
ISIC_2455816,IL_4260249,clinical,clinical: close-up,Malignant,BCC,1,65.0,female,head/neck,train
ISIC_5243282,IL_4260249,dermoscopic,dermoscopic,Malignant,BCC,1,65.0,female,head/neck,train
ISIC_3148432,IL_4263582,clinical,clinical: close-up,Malignant,BCC,1,75.0,female,head/neck,train
ISIC_9861310,IL_4263582,dermoscopic,dermoscopic,Malignant,BCC,1,75.0,female,head/neck,train
ISIC_1791571,IL_4269684,clinical,clinical: close-up,Malignant,SCCKA,1,60.0,male,head/neck,train
ISIC_1408694,IL_4269684,dermoscopic,dermoscopic,Malignant,SCCKA,1,60.0,male,head/neck,train
ISIC_9383853,IL_4270354,clinical,clinical: close-up,Malignant,BCC,1,55.0,female,,train
ISIC_5873094,IL_4270354,dermoscopic,dermoscopic,Malignant,BCC,1,55.0,female,,train
ISIC_6023488,IL_4282772,clinical,clinical: close-up,Malignant,MEL,1,50.0,female,head/neck,train
ISIC_9227283,IL_4282772,dermoscopic,dermoscopic,Malignant,MEL,1,50.0,female,head/neck,train
ISIC_6523987,IL_4284690,clinical,clinical: close-up,Malignant,BCC,1,55.0,female,head/neck,train
ISIC_2193524,IL_4284690,dermoscopic,dermoscopic,Malignant,BCC,1,55.0,female,head/neck,train
ISIC_8448143,IL_4287532,clinical,clinical: close-up,Benign,BKL,0,80.0,female,head/neck,train
ISIC_1111291,IL_4287532,dermoscopic,dermoscopic,Benign,BKL,0,80.0,female,head/neck,train
ISIC_7765407,IL_4287867,clinical,clinical: close-up,Malignant,AKIEC,1,50.0,female,head/neck,train
ISIC_7726794,IL_4287867,dermoscopic,dermoscopic,Malignant,AKIEC,1,50.0,female,head/neck,train
ISIC_8833451,IL_4298080,clinical,clinical: close-up,Malignant,MEL,1,85.0,male,,train
ISIC_9579576,IL_4298080,dermoscopic,dermoscopic,Malignant,MEL,1,85.0,male,,train
ISIC_5885112,IL_4299606,clinical,clinical: close-up,Malignant,BCC,1,55.0,male,,train
ISIC_6558065,IL_4299606,dermoscopic,dermoscopic,Malignant,BCC,1,55.0,male,,train
ISIC_2246301,IL_4310742,clinical,clinical: close-up,Malignant,SCCKA,1,85.0,male,head/neck,train
ISIC_0821297,IL_4310742,dermoscopic,dermoscopic,Malignant,SCCKA,1,85.0,male,head/neck,train
ISIC_2359396,IL_4312042,clinical,clinical: close-up,Benign,NV,0,75.0,female,upper extremity,train
ISIC_0390452,IL_4312042,dermoscopic,dermoscopic,Benign,NV,0,75.0,female,upper extremity,train
ISIC_2704901,IL_4312486,clinical,clinical: close-up,Malignant,SCCKA,1,70.0,female,lower extremity,train
ISIC_0118795,IL_4312486,dermoscopic,dermoscopic,Malignant,SCCKA,1,70.0,female,lower extremity,train
ISIC_9480680,IL_4313247,clinical,clinical: close-up,Malignant,SCCKA,1,50.0,male,upper extremity,train
ISIC_3141018,IL_4313247,dermoscopic,dermoscopic,Malignant,SCCKA,1,50.0,male,upper extremity,train
ISIC_9478252,IL_4314466,clinical,clinical: close-up,Malignant,BCC,1,60.0,male,lower extremity,train
ISIC_4230181,IL_4314466,dermoscopic,dermoscopic,Malignant,BCC,1,60.0,male,lower extremity,train
ISIC_0871438,IL_4314497,clinical,clinical: close-up,Malignant,BCC,1,85.0,male,upper extremity,train
ISIC_5723091,IL_4314497,dermoscopic,dermoscopic,Malignant,BCC,1,85.0,male,upper extremity,train
ISIC_5836006,IL_4315407,clinical,clinical: close-up,Benign,BKL,0,75.0,male,,train
ISIC_4728787,IL_4315407,dermoscopic,dermoscopic,Benign,BKL,0,75.0,male,,train
ISIC_1521786,IL_4316147,clinical,clinical: close-up,Malignant,BCC,1,80.0,male,head/neck,train
ISIC_2308599,IL_4316147,dermoscopic,dermoscopic,Malignant,BCC,1,80.0,male,head/neck,train
ISIC_9487621,IL_4316871,clinical,clinical: close-up,Malignant,BCC,1,65.0,female,upper extremity,train
ISIC_2465599,IL_4316871,dermoscopic,dermoscopic,Malignant,BCC,1,65.0,female,upper extremity,train
ISIC_8151340,IL_4319503,clinical,clinical: close-up,Benign,BKL,0,75.0,female,head/neck,train
ISIC_9614509,IL_4319503,dermoscopic,dermoscopic,Benign,BKL,0,75.0,female,head/neck,train
ISIC_5134271,IL_4322313,clinical,clinical: close-up,Malignant,BCC,1,50.0,male,,train
ISIC_6045854,IL_4322313,dermoscopic,dermoscopic,Malignant,BCC,1,50.0,male,,train
ISIC_2359312,IL_4323973,clinical,clinical: close-up,Malignant,BCC,1,85.0,female,head/neck,train
ISIC_5743197,IL_4323973,dermoscopic,dermoscopic,Malignant,BCC,1,85.0,female,head/neck,train
ISIC_9702862,IL_4326191,clinical,clinical: close-up,Malignant,BCC,1,65.0,female,head/neck,train
ISIC_7752807,IL_4326191,dermoscopic,dermoscopic,Malignant,BCC,1,65.0,female,head/neck,train
ISIC_4140786,IL_4327205,clinical,clinical: close-up,Malignant,BCC,1,40.0,male,upper extremity,train
ISIC_9159246,IL_4327205,dermoscopic,dermoscopic,Malignant,BCC,1,40.0,male,upper extremity,train
ISIC_4902119,IL_4336969,clinical,clinical: close-up,Malignant,AKIEC,1,45.0,male,head/neck,train
ISIC_7218635,IL_4336969,dermoscopic,dermoscopic,Malignant,AKIEC,1,45.0,male,head/neck,train
ISIC_9792479,IL_4339655,clinical,clinical: close-up,Malignant,BCC,1,35.0,female,,train
ISIC_1759311,IL_4339655,dermoscopic,dermoscopic,Malignant,BCC,1,35.0,female,,train
ISIC_0938409,IL_4340188,clinical,clinical: close-up,Malignant,BCC,1,55.0,male,,train
ISIC_2625621,IL_4340188,dermoscopic,dermoscopic,Malignant,BCC,1,55.0,male,,train
ISIC_1508418,IL_4343472,clinical,clinical: close-up,Malignant,BCC,1,75.0,female,lower extremity,train
ISIC_1414380,IL_4343472,dermoscopic,dermoscopic,Malignant,BCC,1,75.0,female,lower extremity,train
ISIC_5862938,IL_4344178,clinical,clinical: close-up,Benign,NV,0,65.0,male,,train
ISIC_3594638,IL_4344178,dermoscopic,dermoscopic,Benign,NV,0,65.0,male,,train
ISIC_8117883,IL_4347033,clinical,clinical: close-up,Benign,NV,0,35.0,male,head/neck,train
ISIC_7230569,IL_4347033,dermoscopic,dermoscopic,Benign,NV,0,35.0,male,head/neck,train
ISIC_3105418,IL_4352932,clinical,clinical: close-up,Malignant,BCC,1,85.0,male,head/neck,train
ISIC_5706380,IL_4352932,dermoscopic,dermoscopic,Malignant,BCC,1,85.0,male,head/neck,train
ISIC_8231201,IL_4354800,clinical,clinical: close-up,Benign,NV,0,40.0,female,lower extremity,train
ISIC_2100652,IL_4354800,dermoscopic,dermoscopic,Benign,NV,0,40.0,female,lower extremity,train
ISIC_5343716,IL_4354918,clinical,clinical: close-up,Malignant,BCC,1,60.0,female,,train
ISIC_6287649,IL_4354918,dermoscopic,dermoscopic,Malignant,BCC,1,60.0,female,,train
ISIC_8650757,IL_4355222,clinical,clinical: close-up,Malignant,BCC,1,65.0,male,lower extremity,train
ISIC_0844469,IL_4355222,dermoscopic,dermoscopic,Malignant,BCC,1,65.0,male,lower extremity,train
ISIC_4365319,IL_4359094,clinical,clinical: close-up,Malignant,BCC,1,65.0,female,,train
ISIC_3201692,IL_4359094,dermoscopic,dermoscopic,Malignant,BCC,1,65.0,female,,train
ISIC_7695782,IL_4363780,clinical,clinical: close-up,Benign,BKL,0,70.0,male,head/neck,train
ISIC_3763896,IL_4363780,dermoscopic,dermoscopic,Benign,BKL,0,70.0,male,head/neck,train
ISIC_2774941,IL_4365113,clinical,clinical: close-up,Malignant,BCC,1,85.0,female,upper extremity,train
ISIC_0620394,IL_4365113,dermoscopic,dermoscopic,Malignant,BCC,1,85.0,female,upper extremity,train
ISIC_4256565,IL_4373578,clinical,clinical: close-up,Malignant,BCC,1,55.0,female,,train
ISIC_6500642,IL_4373578,dermoscopic,dermoscopic,Malignant,BCC,1,55.0,female,,train
ISIC_4908497,IL_4375831,clinical,clinical: close-up,Benign,VASC,0,60.0,female,lower extremity,train
ISIC_4617290,IL_4375831,dermoscopic,dermoscopic,Benign,VASC,0,60.0,female,lower extremity,train
ISIC_2768681,IL_4376551,clinical,clinical: close-up,Benign,NV,0,75.0,female,head/neck,train
ISIC_5188621,IL_4376551,dermoscopic,dermoscopic,Benign,NV,0,75.0,female,head/neck,train
ISIC_0991989,IL_4377076,clinical,clinical: close-up,Malignant,SCCKA,1,85.0,male,head/neck,train
ISIC_0955754,IL_4377076,dermoscopic,dermoscopic,Malignant,SCCKA,1,85.0,male,head/neck,train
ISIC_5206219,IL_4381909,clinical,clinical: close-up,Indeterminate,AKIEC,1,70.0,male,head/neck,train
ISIC_6603709,IL_4381909,dermoscopic,dermoscopic,Indeterminate,AKIEC,1,70.0,male,head/neck,train
ISIC_0310082,IL_4381974,clinical,clinical: close-up,Malignant,BCC,1,65.0,male,lower extremity,train
ISIC_4571498,IL_4381974,dermoscopic,dermoscopic,Malignant,BCC,1,65.0,male,lower extremity,train
ISIC_1926542,IL_4383130,clinical,clinical: close-up,Malignant,BCC,1,70.0,male,lower extremity,train
ISIC_4757447,IL_4383130,dermoscopic,dermoscopic,Malignant,BCC,1,70.0,male,lower extremity,train
ISIC_4382908,IL_4391633,clinical,clinical: close-up,Benign,BKL,0,70.0,male,,train
ISIC_8800271,IL_4391633,dermoscopic,dermoscopic,Benign,BKL,0,70.0,male,,train
ISIC_7830070,IL_4396265,clinical,clinical: close-up,Malignant,BCC,1,40.0,male,head/neck,train
ISIC_0497849,IL_4396265,dermoscopic,dermoscopic,Malignant,BCC,1,40.0,male,head/neck,train
ISIC_5947102,IL_4396586,clinical,clinical: close-up,Benign,NV,0,20.0,female,lower extremity,train
ISIC_8509634,IL_4396586,dermoscopic,dermoscopic,Benign,NV,0,20.0,female,lower extremity,train
ISIC_0561480,IL_4400471,clinical,clinical: close-up,Malignant,MEL,1,45.0,male,,train
ISIC_3455310,IL_4400471,dermoscopic,dermoscopic,Malignant,MEL,1,45.0,male,,train
ISIC_8771153,IL_4402692,clinical,clinical: close-up,Malignant,AKIEC,1,50.0,male,,train
ISIC_6819573,IL_4402692,dermoscopic,dermoscopic,Malignant,AKIEC,1,50.0,male,,train
ISIC_0361366,IL_4403121,clinical,clinical: close-up,Malignant,BCC,1,70.0,male,upper extremity,train
ISIC_5765413,IL_4403121,dermoscopic,dermoscopic,Malignant,BCC,1,70.0,male,upper extremity,train
ISIC_5418047,IL_4404919,clinical,clinical: close-up,Malignant,MEL,1,70.0,female,head/neck,train
ISIC_6480143,IL_4404919,dermoscopic,dermoscopic,Malignant,MEL,1,70.0,female,head/neck,train
ISIC_0991005,IL_4407771,clinical,clinical: close-up,Malignant,BCC,1,50.0,female,lower extremity,train
ISIC_5304804,IL_4407771,dermoscopic,dermoscopic,Malignant,BCC,1,50.0,female,lower extremity,train
ISIC_2855847,IL_4410437,clinical,clinical: close-up,Malignant,BCC,1,80.0,female,upper extremity,train
ISIC_8361691,IL_4410437,dermoscopic,dermoscopic,Malignant,BCC,1,80.0,female,upper extremity,train
ISIC_0353171,IL_4415263,clinical,clinical: close-up,Malignant,BCC,1,75.0,female,lower extremity,train
ISIC_4518133,IL_4415263,dermoscopic,dermoscopic,Malignant,BCC,1,75.0,female,lower extremity,train
ISIC_4797048,IL_4419075,clinical,clinical: close-up,Malignant,BCC,1,65.0,male,head/neck,train
ISIC_1800713,IL_4419075,dermoscopic,dermoscopic,Malignant,BCC,1,65.0,male,head/neck,train
ISIC_9326688,IL_4419793,clinical,clinical: close-up,Malignant,AKIEC,1,65.0,female,,train
ISIC_4686711,IL_4419793,dermoscopic,dermoscopic,Malignant,AKIEC,1,65.0,female,,train
ISIC_4448691,IL_4421152,clinical,clinical: close-up,Benign,NV,0,40.0,female,head/neck,train
ISIC_9867644,IL_4421152,dermoscopic,dermoscopic,Benign,NV,0,40.0,female,head/neck,train
ISIC_1447471,IL_4421569,clinical,clinical: close-up,Malignant,BCC,1,80.0,male,,train
ISIC_2449691,IL_4421569,dermoscopic,dermoscopic,Malignant,BCC,1,80.0,male,,train
ISIC_2475721,IL_4429856,clinical,clinical: close-up,Malignant,SCCKA,1,85.0,male,,train
ISIC_3788301,IL_4429856,dermoscopic,dermoscopic,Malignant,SCCKA,1,85.0,male,,train
ISIC_7077927,IL_4430072,clinical,clinical: close-up,Benign,BKL,0,70.0,male,head/neck,train
ISIC_4896910,IL_4430072,dermoscopic,dermoscopic,Benign,BKL,0,70.0,male,head/neck,train
ISIC_7177310,IL_4439948,clinical,clinical: close-up,Benign,BKL,0,50.0,female,head/neck,train
ISIC_8038352,IL_4439948,dermoscopic,dermoscopic,Benign,BKL,0,50.0,female,head/neck,train
ISIC_5452534,IL_4441358,clinical,clinical: close-up,Malignant,BCC,1,80.0,male,,train
ISIC_5026774,IL_4441358,dermoscopic,dermoscopic,Malignant,BCC,1,80.0,male,,train
ISIC_2194194,IL_4444660,clinical,clinical: close-up,Malignant,MEL,1,70.0,male,,train
ISIC_3578286,IL_4444660,dermoscopic,dermoscopic,Malignant,MEL,1,70.0,male,,train
ISIC_7911067,IL_4446473,clinical,clinical: close-up,Indeterminate,AKIEC,1,75.0,female,head/neck,train
ISIC_6354001,IL_4446473,dermoscopic,dermoscopic,Indeterminate,AKIEC,1,75.0,female,head/neck,train
ISIC_0332299,IL_4448697,clinical,clinical: close-up,Malignant,BCC,1,70.0,female,upper extremity,train
ISIC_7490723,IL_4448697,dermoscopic,dermoscopic,Malignant,BCC,1,70.0,female,upper extremity,train
ISIC_0354697,IL_4453388,clinical,clinical: close-up,Malignant,BCC,1,80.0,female,,train
ISIC_7154038,IL_4453388,dermoscopic,dermoscopic,Malignant,BCC,1,80.0,female,,train
ISIC_5021319,IL_4453479,clinical,clinical: close-up,Malignant,SCCKA,1,80.0,female,upper extremity,train
ISIC_3211877,IL_4453479,dermoscopic,dermoscopic,Malignant,SCCKA,1,80.0,female,upper extremity,train
ISIC_8408499,IL_4456737,clinical,clinical: close-up,Benign,NV,0,10.0,female,head/neck,train
ISIC_0508714,IL_4456737,dermoscopic,dermoscopic,Benign,NV,0,10.0,female,head/neck,train
ISIC_8232296,IL_4457515,clinical,clinical: close-up,Malignant,BCC,1,70.0,male,,train
ISIC_9945604,IL_4457515,dermoscopic,dermoscopic,Malignant,BCC,1,70.0,male,,train
ISIC_9581881,IL_4459235,clinical,clinical: close-up,Malignant,AKIEC,1,65.0,female,lower extremity,train
ISIC_4943472,IL_4459235,dermoscopic,dermoscopic,Malignant,AKIEC,1,65.0,female,lower extremity,train
ISIC_7801225,IL_4459990,clinical,clinical: close-up,Benign,BKL,0,50.0,male,lower extremity,train
ISIC_7379221,IL_4459990,dermoscopic,dermoscopic,Benign,BKL,0,50.0,male,lower extremity,train
ISIC_6317276,IL_4460896,clinical,clinical: close-up,Malignant,BCC,1,70.0,male,lower extremity,train
ISIC_8455179,IL_4460896,dermoscopic,dermoscopic,Malignant,BCC,1,70.0,male,lower extremity,train
ISIC_1504106,IL_4463388,clinical,clinical: close-up,Malignant,BCC,1,65.0,female,lower extremity,train
ISIC_1482437,IL_4463388,dermoscopic,dermoscopic,Malignant,BCC,1,65.0,female,lower extremity,train
ISIC_9026654,IL_4465213,clinical,clinical: close-up,Malignant,BCC,1,75.0,male,head/neck,train
ISIC_0461233,IL_4465213,dermoscopic,dermoscopic,Malignant,BCC,1,75.0,male,head/neck,train
ISIC_8860890,IL_4466294,clinical,clinical: close-up,Benign,NV,0,35.0,male,,train
ISIC_6588275,IL_4466294,dermoscopic,dermoscopic,Benign,NV,0,35.0,male,,train
ISIC_6294381,IL_4476860,clinical,clinical: close-up,Benign,NV,0,40.0,female,,train
ISIC_5517161,IL_4476860,dermoscopic,dermoscopic,Benign,NV,0,40.0,female,,train
ISIC_4848886,IL_4491344,clinical,clinical: close-up,Malignant,SCCKA,1,70.0,male,lower extremity,train
ISIC_2995621,IL_4491344,dermoscopic,dermoscopic,Malignant,SCCKA,1,70.0,male,lower extremity,train
ISIC_9614715,IL_4491855,clinical,clinical: close-up,Malignant,BCC,1,65.0,male,head/neck,train
ISIC_8177696,IL_4491855,dermoscopic,dermoscopic,Malignant,BCC,1,65.0,male,head/neck,train
ISIC_1171759,IL_4494242,clinical,clinical: close-up,Malignant,SCCKA,1,55.0,male,lower extremity,train
ISIC_9400150,IL_4494242,dermoscopic,dermoscopic,Malignant,SCCKA,1,55.0,male,lower extremity,train
ISIC_6428825,IL_4498199,clinical,clinical: close-up,Malignant,MEL,1,55.0,female,,train
ISIC_9174580,IL_4498199,dermoscopic,dermoscopic,Malignant,MEL,1,55.0,female,,train
ISIC_4933959,IL_4500460,clinical,clinical: close-up,Malignant,BCC,1,60.0,male,lower extremity,train
ISIC_8914963,IL_4500460,dermoscopic,dermoscopic,Malignant,BCC,1,60.0,male,lower extremity,train
ISIC_1951029,IL_4504352,clinical,clinical: close-up,Malignant,BCC,1,75.0,female,,train
ISIC_2020975,IL_4504352,dermoscopic,dermoscopic,Malignant,BCC,1,75.0,female,,train
ISIC_5325202,IL_4504514,clinical,clinical: close-up,Malignant,BCC,1,60.0,female,,train
ISIC_9232517,IL_4504514,dermoscopic,dermoscopic,Malignant,BCC,1,60.0,female,,train
ISIC_2988309,IL_4511689,clinical,clinical: close-up,Malignant,BCC,1,65.0,male,,train
ISIC_5138441,IL_4511689,dermoscopic,dermoscopic,Malignant,BCC,1,65.0,male,,train
ISIC_0558331,IL_4512355,clinical,clinical: close-up,Malignant,MEL,1,55.0,female,lower extremity,train
ISIC_7638974,IL_4512355,dermoscopic,dermoscopic,Malignant,MEL,1,55.0,female,lower extremity,train
ISIC_8670753,IL_4514028,clinical,clinical: close-up,Benign,NV,0,65.0,female,,train
ISIC_0489440,IL_4514028,dermoscopic,dermoscopic,Benign,NV,0,65.0,female,,train
ISIC_5010015,IL_4514039,clinical,clinical: close-up,Benign,NV,0,30.0,male,,train
ISIC_6119517,IL_4514039,dermoscopic,dermoscopic,Benign,NV,0,30.0,male,,train
ISIC_4796243,IL_4516154,clinical,clinical: close-up,Malignant,AKIEC,1,70.0,male,upper extremity,train
ISIC_6626242,IL_4516154,dermoscopic,dermoscopic,Malignant,AKIEC,1,70.0,male,upper extremity,train
ISIC_3539669,IL_4519141,clinical,clinical: close-up,Benign,NV,0,30.0,female,,train
ISIC_5129541,IL_4519141,dermoscopic,dermoscopic,Benign,NV,0,30.0,female,,train
ISIC_9039736,IL_4522594,clinical,clinical: close-up,Malignant,MEL,1,55.0,male,,train
ISIC_3698441,IL_4522594,dermoscopic,dermoscopic,Malignant,MEL,1,55.0,male,,train
ISIC_8042946,IL_4530346,clinical,clinical: close-up,Malignant,BCC,1,65.0,male,upper extremity,train
ISIC_4225552,IL_4530346,dermoscopic,dermoscopic,Malignant,BCC,1,65.0,male,upper extremity,train
ISIC_0982924,IL_4534597,clinical,clinical: close-up,Malignant,BCC,1,40.0,female,head/neck,train
ISIC_8236388,IL_4534597,dermoscopic,dermoscopic,Malignant,BCC,1,40.0,female,head/neck,train
ISIC_4406265,IL_4545799,clinical,clinical: close-up,Malignant,MEL,1,70.0,male,lower extremity,train
ISIC_4937672,IL_4545799,dermoscopic,dermoscopic,Malignant,MEL,1,70.0,male,lower extremity,train
ISIC_4993836,IL_4547329,clinical,clinical: close-up,Benign,NV,0,50.0,male,head/neck,train
ISIC_8405549,IL_4547329,dermoscopic,dermoscopic,Benign,NV,0,50.0,male,head/neck,train
ISIC_4198936,IL_4547617,clinical,clinical: close-up,Malignant,MEL,1,60.0,female,head/neck,train
ISIC_6638137,IL_4547617,dermoscopic,dermoscopic,Malignant,MEL,1,60.0,female,head/neck,train
ISIC_4317864,IL_4551923,clinical,clinical: close-up,Benign,NV,0,5.0,male,,train
ISIC_5953692,IL_4551923,dermoscopic,dermoscopic,Benign,NV,0,5.0,male,,train
ISIC_4669543,IL_4551959,clinical,clinical: close-up,Benign,NV,0,65.0,female,,train
ISIC_6435029,IL_4551959,dermoscopic,dermoscopic,Benign,NV,0,65.0,female,,train
ISIC_7043547,IL_4557946,clinical,clinical: close-up,Malignant,BCC,1,60.0,male,,train
ISIC_6719081,IL_4557946,dermoscopic,dermoscopic,Malignant,BCC,1,60.0,male,,train
ISIC_8337677,IL_4563782,clinical,clinical: close-up,Benign,NV,0,60.0,male,,train
ISIC_2340945,IL_4563782,dermoscopic,dermoscopic,Benign,NV,0,60.0,male,,train
ISIC_8484419,IL_4563820,clinical,clinical: close-up,Benign,INF,0,65.0,female,head/neck,train
ISIC_4091460,IL_4563820,dermoscopic,dermoscopic,Benign,INF,0,65.0,female,head/neck,train
ISIC_2639604,IL_4564501,clinical,clinical: close-up,Benign,NV,0,50.0,male,lower extremity,train
ISIC_3825515,IL_4564501,dermoscopic,dermoscopic,Benign,NV,0,50.0,male,lower extremity,train
ISIC_2876063,IL_4566979,clinical,clinical: close-up,Benign,INF,0,70.0,female,lower extremity,train
ISIC_1279315,IL_4566979,dermoscopic,dermoscopic,Benign,INF,0,70.0,female,lower extremity,train
ISIC_8897421,IL_4571901,clinical,clinical: close-up,Malignant,BCC,1,80.0,male,head/neck,train
ISIC_2011159,IL_4571901,dermoscopic,dermoscopic,Malignant,BCC,1,80.0,male,head/neck,train
ISIC_3189171,IL_4576519,clinical,clinical: close-up,Benign,BKL,0,70.0,male,,train
ISIC_0857448,IL_4576519,dermoscopic,dermoscopic,Benign,BKL,0,70.0,male,,train
ISIC_7616136,IL_4577281,clinical,clinical: close-up,Benign,BKL,0,30.0,female,,train
ISIC_1549163,IL_4577281,dermoscopic,dermoscopic,Benign,BKL,0,30.0,female,,train
ISIC_6931788,IL_4580726,clinical,clinical: close-up,Malignant,BCC,1,70.0,male,,train
ISIC_1947192,IL_4580726,dermoscopic,dermoscopic,Malignant,BCC,1,70.0,male,,train
ISIC_2952786,IL_4581258,clinical,clinical: close-up,Malignant,SCCKA,1,50.0,male,head/neck,train
ISIC_5666984,IL_4581258,dermoscopic,dermoscopic,Malignant,SCCKA,1,50.0,male,head/neck,train
ISIC_4071197,IL_4581879,clinical,clinical: close-up,Benign,BKL,0,70.0,female,,train
ISIC_3173642,IL_4581879,dermoscopic,dermoscopic,Benign,BKL,0,70.0,female,,train
ISIC_5706764,IL_4582697,clinical,clinical: close-up,Benign,NV,0,30.0,female,,train
ISIC_8693307,IL_4582697,dermoscopic,dermoscopic,Benign,NV,0,30.0,female,,train
ISIC_9776077,IL_4591781,clinical,clinical: close-up,Malignant,BCC,1,40.0,male,head/neck,train
ISIC_6042297,IL_4591781,dermoscopic,dermoscopic,Malignant,BCC,1,40.0,male,head/neck,train
ISIC_7727693,IL_4597676,clinical,clinical: close-up,Malignant,BCC,1,50.0,female,upper extremity,train
ISIC_1807060,IL_4597676,dermoscopic,dermoscopic,Malignant,BCC,1,50.0,female,upper extremity,train
ISIC_4471156,IL_4601924,clinical,clinical: close-up,Malignant,SCCKA,1,50.0,male,upper extremity,train
ISIC_3631653,IL_4601924,dermoscopic,dermoscopic,Malignant,SCCKA,1,50.0,male,upper extremity,train
ISIC_0993424,IL_4610207,clinical,clinical: close-up,Malignant,BCC,1,70.0,male,head/neck,train
ISIC_9674469,IL_4610207,dermoscopic,dermoscopic,Malignant,BCC,1,70.0,male,head/neck,train
ISIC_0720304,IL_4610618,clinical,clinical: close-up,Malignant,MEL,1,65.0,male,,train
ISIC_8469156,IL_4610618,dermoscopic,dermoscopic,Malignant,MEL,1,65.0,male,,train
ISIC_9256840,IL_4614364,clinical,clinical: close-up,Malignant,SCCKA,1,45.0,male,lower extremity,train
ISIC_7382992,IL_4614364,dermoscopic,dermoscopic,Malignant,SCCKA,1,45.0,male,lower extremity,train
ISIC_4071946,IL_4615108,clinical,clinical: close-up,Malignant,BCC,1,50.0,male,,train
ISIC_6952094,IL_4615108,dermoscopic,dermoscopic,Malignant,BCC,1,50.0,male,,train
ISIC_3059704,IL_4618514,clinical,clinical: close-up,Benign,NV,0,,female,head/neck,train
ISIC_2812513,IL_4618514,dermoscopic,dermoscopic,Benign,NV,0,,female,head/neck,train
ISIC_9043374,IL_4621496,clinical,clinical: close-up,Malignant,BCC,1,60.0,female,upper extremity,train
ISIC_1219190,IL_4621496,dermoscopic,dermoscopic,Malignant,BCC,1,60.0,female,upper extremity,train
ISIC_0807573,IL_4624720,clinical,clinical: close-up,Indeterminate,AKIEC,1,80.0,male,head/neck,train
ISIC_3354653,IL_4624720,dermoscopic,dermoscopic,Indeterminate,AKIEC,1,80.0,male,head/neck,train
ISIC_9918967,IL_4629787,clinical,clinical: close-up,Malignant,BCC,1,60.0,male,lower extremity,train
ISIC_5501634,IL_4629787,dermoscopic,dermoscopic,Malignant,BCC,1,60.0,male,lower extremity,train
ISIC_0078197,IL_4635992,clinical,clinical: close-up,Benign,NV,0,50.0,male,head/neck,train
ISIC_7982443,IL_4635992,dermoscopic,dermoscopic,Benign,NV,0,50.0,male,head/neck,train
ISIC_5140960,IL_4638658,clinical,clinical: close-up,Malignant,BCC,1,65.0,female,head/neck,train
ISIC_1029279,IL_4638658,dermoscopic,dermoscopic,Malignant,BCC,1,65.0,female,head/neck,train
ISIC_2561308,IL_4639886,clinical,clinical: close-up,Malignant,SCCKA,1,85.0,female,lower extremity,train
ISIC_3302174,IL_4639886,dermoscopic,dermoscopic,Malignant,SCCKA,1,85.0,female,lower extremity,train
ISIC_0248336,IL_4639919,clinical,clinical: close-up,Malignant,SCCKA,1,55.0,male,upper extremity,train
ISIC_8021491,IL_4639919,dermoscopic,dermoscopic,Malignant,SCCKA,1,55.0,male,upper extremity,train
ISIC_8550132,IL_4641431,clinical,clinical: close-up,Malignant,BCC,1,85.0,female,head/neck,train
ISIC_4794413,IL_4641431,dermoscopic,dermoscopic,Malignant,BCC,1,85.0,female,head/neck,train
ISIC_1058069,IL_4642030,clinical,clinical: close-up,Malignant,SCCKA,1,85.0,male,,train
ISIC_4141476,IL_4642030,dermoscopic,dermoscopic,Malignant,SCCKA,1,85.0,male,,train
ISIC_7512177,IL_4642532,clinical,clinical: close-up,Malignant,BCC,1,65.0,male,,train
ISIC_8695042,IL_4642532,dermoscopic,dermoscopic,Malignant,BCC,1,65.0,male,,train
ISIC_0953324,IL_4647036,clinical,clinical: close-up,Malignant,BCC,1,65.0,male,,train
ISIC_9738040,IL_4647036,dermoscopic,dermoscopic,Malignant,BCC,1,65.0,male,,train
ISIC_0628658,IL_4653785,clinical,clinical: close-up,Malignant,MEL,1,60.0,female,head/neck,train
ISIC_3931577,IL_4653785,dermoscopic,dermoscopic,Malignant,MEL,1,60.0,female,head/neck,train
ISIC_9026907,IL_4656673,clinical,clinical: close-up,Malignant,BCC,1,55.0,female,,train
ISIC_1840506,IL_4656673,dermoscopic,dermoscopic,Malignant,BCC,1,55.0,female,,train
ISIC_9560662,IL_4663094,clinical,clinical: close-up,Benign,NV,0,40.0,female,lower extremity,train
ISIC_0613695,IL_4663094,dermoscopic,dermoscopic,Benign,NV,0,40.0,female,lower extremity,train
ISIC_1994938,IL_4668896,clinical,clinical: close-up,Malignant,BCC,1,80.0,male,lower extremity,train
ISIC_6895079,IL_4668896,dermoscopic,dermoscopic,Malignant,BCC,1,80.0,male,lower extremity,train
ISIC_2184629,IL_4674217,clinical,clinical: close-up,Malignant,BCC,1,50.0,female,head/neck,train
ISIC_2973033,IL_4674217,dermoscopic,dermoscopic,Malignant,BCC,1,50.0,female,head/neck,train
ISIC_8446097,IL_4676732,clinical,clinical: close-up,Benign,BKL,0,65.0,male,head/neck,train
ISIC_3661670,IL_4676732,dermoscopic,dermoscopic,Benign,BKL,0,65.0,male,head/neck,train
ISIC_3935952,IL_4682243,clinical,clinical: close-up,Malignant,BCC,1,80.0,male,,train
ISIC_6418734,IL_4682243,dermoscopic,dermoscopic,Malignant,BCC,1,80.0,male,,train
ISIC_1316256,IL_4682786,clinical,clinical: close-up,Malignant,BCC,1,70.0,male,,train
ISIC_2464952,IL_4682786,dermoscopic,dermoscopic,Malignant,BCC,1,70.0,male,,train
ISIC_1327102,IL_4686156,clinical,clinical: close-up,Benign,VASC,0,80.0,male,lower extremity,train
ISIC_3014842,IL_4686156,dermoscopic,dermoscopic,Benign,VASC,0,80.0,male,lower extremity,train
ISIC_7493882,IL_4686561,clinical,clinical: close-up,Malignant,BCC,1,60.0,male,,train
ISIC_7226778,IL_4686561,dermoscopic,dermoscopic,Malignant,BCC,1,60.0,male,,train
ISIC_2868801,IL_4686563,clinical,clinical: close-up,Benign,BKL,0,70.0,male,,train
ISIC_0089407,IL_4686563,dermoscopic,dermoscopic,Benign,BKL,0,70.0,male,,train
ISIC_9392128,IL_4689658,clinical,clinical: close-up,Benign,BKL,0,75.0,male,head/neck,train
ISIC_1070964,IL_4689658,dermoscopic,dermoscopic,Benign,BKL,0,75.0,male,head/neck,train
ISIC_5896495,IL_4692190,clinical,clinical: close-up,Malignant,BCC,1,80.0,male,lower extremity,train
ISIC_0796805,IL_4692190,dermoscopic,dermoscopic,Malignant,BCC,1,80.0,male,lower extremity,train
ISIC_3003493,IL_4693876,clinical,clinical: close-up,Benign,NV,0,45.0,female,lower extremity,train
ISIC_9392626,IL_4693876,dermoscopic,dermoscopic,Benign,NV,0,45.0,female,lower extremity,train
ISIC_0216815,IL_4696609,clinical,clinical: close-up,Benign,NV,0,80.0,female,,train
ISIC_7146069,IL_4696609,dermoscopic,dermoscopic,Benign,NV,0,80.0,female,,train
ISIC_8099059,IL_4700992,clinical,clinical: close-up,Malignant,AKIEC,1,65.0,male,head/neck,train
ISIC_9905593,IL_4700992,dermoscopic,dermoscopic,Malignant,AKIEC,1,65.0,male,head/neck,train
ISIC_7647531,IL_4703857,clinical,clinical: close-up,Malignant,BCC,1,55.0,male,lower extremity,train
ISIC_6098668,IL_4703857,dermoscopic,dermoscopic,Malignant,BCC,1,55.0,male,lower extremity,train
ISIC_4871002,IL_4706482,clinical,clinical: close-up,Malignant,SCCKA,1,70.0,male,lower extremity,train
ISIC_8435693,IL_4706482,dermoscopic,dermoscopic,Malignant,SCCKA,1,70.0,male,lower extremity,train
ISIC_0548842,IL_4706609,clinical,clinical: close-up,Malignant,BCC,1,65.0,male,,train
ISIC_5042253,IL_4706609,dermoscopic,dermoscopic,Malignant,BCC,1,65.0,male,,train
ISIC_5936623,IL_4708649,clinical,clinical: close-up,Malignant,BCC,1,75.0,male,,train
ISIC_2337700,IL_4708649,dermoscopic,dermoscopic,Malignant,BCC,1,75.0,male,,train
ISIC_8929392,IL_4711220,clinical,clinical: close-up,Malignant,BCC,1,75.0,male,head/neck,train
ISIC_0424213,IL_4711220,dermoscopic,dermoscopic,Malignant,BCC,1,75.0,male,head/neck,train
ISIC_5087561,IL_4713984,clinical,clinical: close-up,Malignant,BCC,1,50.0,female,lower extremity,train
ISIC_2475811,IL_4713984,dermoscopic,dermoscopic,Malignant,BCC,1,50.0,female,lower extremity,train
ISIC_3251194,IL_4715886,clinical,clinical: close-up,Malignant,BCC,1,70.0,female,,train
ISIC_6818303,IL_4715886,dermoscopic,dermoscopic,Malignant,BCC,1,70.0,female,,train
ISIC_7560146,IL_4721897,clinical,clinical: close-up,Benign,BKL,0,65.0,female,,train
ISIC_5276989,IL_4721897,dermoscopic,dermoscopic,Benign,BKL,0,65.0,female,,train
ISIC_2915213,IL_4726113,clinical,clinical: close-up,Malignant,BCC,1,70.0,female,upper extremity,train
ISIC_0865713,IL_4726113,dermoscopic,dermoscopic,Malignant,BCC,1,70.0,female,upper extremity,train
ISIC_3595631,IL_4730511,clinical,clinical: close-up,Malignant,SCCKA,1,85.0,female,lower extremity,train
ISIC_3591898,IL_4730511,dermoscopic,dermoscopic,Malignant,SCCKA,1,85.0,female,lower extremity,train
ISIC_4942291,IL_4734157,clinical,clinical: close-up,Benign,NV,0,40.0,female,,train
ISIC_8405809,IL_4734157,dermoscopic,dermoscopic,Benign,NV,0,40.0,female,,train
ISIC_6517752,IL_4740973,clinical,clinical: close-up,Malignant,BCC,1,70.0,male,head/neck,train
ISIC_4329801,IL_4740973,dermoscopic,dermoscopic,Malignant,BCC,1,70.0,male,head/neck,train
ISIC_4239743,IL_4742005,clinical,clinical: close-up,Benign,NV,0,55.0,female,,train
ISIC_9683086,IL_4742005,dermoscopic,dermoscopic,Benign,NV,0,55.0,female,,train
ISIC_1301817,IL_4742371,clinical,clinical: close-up,Indeterminate,AKIEC,1,75.0,male,head/neck,train
ISIC_1139673,IL_4742371,dermoscopic,dermoscopic,Indeterminate,AKIEC,1,75.0,male,head/neck,train
ISIC_0093135,IL_4744956,clinical,clinical: close-up,Malignant,BCC,1,85.0,male,upper extremity,train
ISIC_2741156,IL_4744956,dermoscopic,dermoscopic,Malignant,BCC,1,85.0,male,upper extremity,train
ISIC_8131794,IL_4748724,clinical,clinical: close-up,Benign,NV,0,70.0,male,,train
ISIC_1302258,IL_4748724,dermoscopic,dermoscopic,Benign,NV,0,70.0,male,,train
ISIC_5387790,IL_4749815,clinical,clinical: close-up,Malignant,BCC,1,55.0,female,head/neck,train
ISIC_2484661,IL_4749815,dermoscopic,dermoscopic,Malignant,BCC,1,55.0,female,head/neck,train
ISIC_2592427,IL_4752808,clinical,clinical: close-up,Benign,NV,0,70.0,female,head/neck,train
ISIC_3853000,IL_4752808,dermoscopic,dermoscopic,Benign,NV,0,70.0,female,head/neck,train
ISIC_4315588,IL_4756985,clinical,clinical: close-up,Malignant,BCC,1,80.0,male,head/neck,train
ISIC_3705158,IL_4756985,dermoscopic,dermoscopic,Malignant,BCC,1,80.0,male,head/neck,train
ISIC_4950049,IL_4765483,clinical,clinical: close-up,Malignant,BCC,1,85.0,male,,train
ISIC_8332020,IL_4765483,dermoscopic,dermoscopic,Malignant,BCC,1,85.0,male,,train
ISIC_1084026,IL_4768081,clinical,clinical: close-up,Malignant,SCCKA,1,55.0,male,head/neck,train
ISIC_3836510,IL_4768081,dermoscopic,dermoscopic,Malignant,SCCKA,1,55.0,male,head/neck,train
ISIC_0192391,IL_4768101,clinical,clinical: close-up,Malignant,MEL,1,25.0,female,lower extremity,train
ISIC_6164551,IL_4768101,dermoscopic,dermoscopic,Malignant,MEL,1,25.0,female,lower extremity,train
ISIC_0931746,IL_4769652,clinical,clinical: close-up,Malignant,MEL,1,50.0,male,,train
ISIC_7718206,IL_4769652,dermoscopic,dermoscopic,Malignant,MEL,1,50.0,male,,train
ISIC_8558990,IL_4777292,clinical,clinical: close-up,Malignant,BCC,1,70.0,male,head/neck,train
ISIC_4454419,IL_4777292,dermoscopic,dermoscopic,Malignant,BCC,1,70.0,male,head/neck,train
ISIC_6123621,IL_4781564,clinical,clinical: close-up,Malignant,BCC,1,40.0,female,,train
ISIC_6884836,IL_4781564,dermoscopic,dermoscopic,Malignant,BCC,1,40.0,female,,train
ISIC_3916461,IL_4782455,clinical,clinical: close-up,Malignant,BCC,1,70.0,male,lower extremity,train
ISIC_9521421,IL_4782455,dermoscopic,dermoscopic,Malignant,BCC,1,70.0,male,lower extremity,train
ISIC_6967166,IL_4783389,clinical,clinical: close-up,Benign,NV,0,25.0,female,,train
ISIC_2591258,IL_4783389,dermoscopic,dermoscopic,Benign,NV,0,25.0,female,,train
ISIC_6744907,IL_4785654,clinical,clinical: close-up,Malignant,SCCKA,1,65.0,male,lower extremity,train
ISIC_5614068,IL_4785654,dermoscopic,dermoscopic,Malignant,SCCKA,1,65.0,male,lower extremity,train
ISIC_0346075,IL_4790851,clinical,clinical: close-up,Indeterminate,AKIEC,1,65.0,female,head/neck,train
ISIC_1446565,IL_4790851,dermoscopic,dermoscopic,Indeterminate,AKIEC,1,65.0,female,head/neck,train
ISIC_1961823,IL_4793144,clinical,clinical: close-up,Malignant,BCC,1,80.0,male,head/neck,train
ISIC_1307470,IL_4793144,dermoscopic,dermoscopic,Malignant,BCC,1,80.0,male,head/neck,train
ISIC_5632079,IL_4794803,clinical,clinical: close-up,Malignant,BCC,1,85.0,female,head/neck,train
ISIC_2754845,IL_4794803,dermoscopic,dermoscopic,Malignant,BCC,1,85.0,female,head/neck,train
ISIC_7790823,IL_4796364,clinical,clinical: close-up,Benign,NV,0,45.0,female,,train
ISIC_0310855,IL_4796364,dermoscopic,dermoscopic,Benign,NV,0,45.0,female,,train
ISIC_9078796,IL_4797529,clinical,clinical: close-up,Malignant,MEL,1,60.0,male,lower extremity,train
ISIC_7657322,IL_4797529,dermoscopic,dermoscopic,Malignant,MEL,1,60.0,male,lower extremity,train
ISIC_2055021,IL_4805155,clinical,clinical: close-up,Benign,NV,0,50.0,female,upper extremity,train
ISIC_9451867,IL_4805155,dermoscopic,dermoscopic,Benign,NV,0,50.0,female,upper extremity,train
ISIC_1476980,IL_4811840,clinical,clinical: close-up,Benign,NV,0,40.0,male,lower extremity,train
ISIC_9922993,IL_4811840,dermoscopic,dermoscopic,Benign,NV,0,40.0,male,lower extremity,train
ISIC_2508689,IL_4826188,clinical,clinical: close-up,Malignant,BCC,1,70.0,female,,train
ISIC_2725046,IL_4826188,dermoscopic,dermoscopic,Malignant,BCC,1,70.0,female,,train
ISIC_8816308,IL_4826540,clinical,clinical: close-up,Malignant,MEL,1,75.0,male,head/neck,train
ISIC_3320667,IL_4826540,dermoscopic,dermoscopic,Malignant,MEL,1,75.0,male,head/neck,train
ISIC_5030554,IL_4829953,clinical,clinical: close-up,Malignant,MEL,1,75.0,male,,train
ISIC_5350988,IL_4829953,dermoscopic,dermoscopic,Malignant,MEL,1,75.0,male,,train
ISIC_1909122,IL_4836988,clinical,clinical: close-up,Benign,BKL,0,60.0,male,,train
ISIC_2735511,IL_4836988,dermoscopic,dermoscopic,Benign,BKL,0,60.0,male,,train
ISIC_8989132,IL_4840616,clinical,clinical: close-up,Malignant,BCC,1,75.0,male,,train
ISIC_4683265,IL_4840616,dermoscopic,dermoscopic,Malignant,BCC,1,75.0,male,,train
ISIC_1186941,IL_4843671,clinical,clinical: close-up,Malignant,BCC,1,55.0,male,,train
ISIC_5178949,IL_4843671,dermoscopic,dermoscopic,Malignant,BCC,1,55.0,male,,train
ISIC_3690079,IL_4850244,clinical,clinical: close-up,Benign,BKL,0,55.0,female,lower extremity,train
ISIC_7454308,IL_4850244,dermoscopic,dermoscopic,Benign,BKL,0,55.0,female,lower extremity,train
ISIC_2772998,IL_4855362,clinical,clinical: close-up,Malignant,BCC,1,45.0,female,,train
ISIC_9648773,IL_4855362,dermoscopic,dermoscopic,Malignant,BCC,1,45.0,female,,train
ISIC_9207862,IL_4859136,clinical,clinical: close-up,Malignant,BCC,1,60.0,male,,train
ISIC_7284546,IL_4859136,dermoscopic,dermoscopic,Malignant,BCC,1,60.0,male,,train
ISIC_0483066,IL_4860977,clinical,clinical: close-up,Malignant,BCC,1,75.0,male,head/neck,train
ISIC_4270494,IL_4860977,dermoscopic,dermoscopic,Malignant,BCC,1,75.0,male,head/neck,train
ISIC_3963646,IL_4865412,clinical,clinical: close-up,Malignant,BCC,1,65.0,male,,train
ISIC_5714567,IL_4865412,dermoscopic,dermoscopic,Malignant,BCC,1,65.0,male,,train
ISIC_7253697,IL_4865476,clinical,clinical: close-up,Malignant,BCC,1,50.0,male,,train
ISIC_3063587,IL_4865476,dermoscopic,dermoscopic,Malignant,BCC,1,50.0,male,,train
ISIC_1985350,IL_4873661,clinical,clinical: close-up,Malignant,BCC,1,70.0,male,,train
ISIC_1903516,IL_4873661,dermoscopic,dermoscopic,Malignant,BCC,1,70.0,male,,train
ISIC_8753280,IL_4876348,clinical,clinical: close-up,Malignant,SCCKA,1,55.0,female,upper extremity,train
ISIC_9452345,IL_4876348,dermoscopic,dermoscopic,Malignant,SCCKA,1,55.0,female,upper extremity,train
ISIC_6669060,IL_4877851,clinical,clinical: close-up,Benign,NV,0,30.0,female,,train
ISIC_7855982,IL_4877851,dermoscopic,dermoscopic,Benign,NV,0,30.0,female,,train
ISIC_9790523,IL_4879979,clinical,clinical: close-up,Malignant,BCC,1,55.0,male,,train
ISIC_2230159,IL_4879979,dermoscopic,dermoscopic,Malignant,BCC,1,55.0,male,,train
ISIC_8572592,IL_4885447,clinical,clinical: close-up,Malignant,SCCKA,1,55.0,male,upper extremity,train
ISIC_3689711,IL_4885447,dermoscopic,dermoscopic,Malignant,SCCKA,1,55.0,male,upper extremity,train
ISIC_8172800,IL_4885468,clinical,clinical: close-up,Benign,BKL,0,65.0,female,upper extremity,train
ISIC_2284196,IL_4885468,dermoscopic,dermoscopic,Benign,BKL,0,65.0,female,upper extremity,train
ISIC_8431410,IL_4893133,clinical,clinical: close-up,Indeterminate,AKIEC,1,80.0,male,head/neck,train
ISIC_2245518,IL_4893133,dermoscopic,dermoscopic,Indeterminate,AKIEC,1,80.0,male,head/neck,train
ISIC_4342189,IL_4896057,clinical,clinical: close-up,Malignant,BCC,1,80.0,female,,train
ISIC_2378626,IL_4896057,dermoscopic,dermoscopic,Malignant,BCC,1,80.0,female,,train
ISIC_7196976,IL_4896653,clinical,clinical: close-up,Benign,BKL,0,55.0,male,,train
ISIC_8402813,IL_4896653,dermoscopic,dermoscopic,Benign,BKL,0,55.0,male,,train
ISIC_4661049,IL_4900947,clinical,clinical: close-up,Benign,NV,0,30.0,male,lower extremity,train
ISIC_9961570,IL_4900947,dermoscopic,dermoscopic,Benign,NV,0,30.0,male,lower extremity,train
ISIC_2708483,IL_4902054,clinical,clinical: close-up,Benign,NV,0,55.0,female,head/neck,train
ISIC_9451191,IL_4902054,dermoscopic,dermoscopic,Benign,NV,0,55.0,female,head/neck,train
ISIC_6657999,IL_4906380,clinical,clinical: close-up,Benign,NV,0,35.0,male,head/neck,train
ISIC_0772345,IL_4906380,dermoscopic,dermoscopic,Benign,NV,0,35.0,male,head/neck,train
ISIC_1798918,IL_4907068,clinical,clinical: close-up,Malignant,BCC,1,75.0,female,lower extremity,train
ISIC_7744790,IL_4907068,dermoscopic,dermoscopic,Malignant,BCC,1,75.0,female,lower extremity,train
ISIC_6227794,IL_4912599,clinical,clinical: close-up,Benign,BKL,0,50.0,female,,train
ISIC_8546307,IL_4912599,dermoscopic,dermoscopic,Benign,BKL,0,50.0,female,,train
ISIC_6216289,IL_4918167,clinical,clinical: close-up,Benign,INF,0,60.0,male,head/neck,train
ISIC_9630006,IL_4918167,dermoscopic,dermoscopic,Benign,INF,0,60.0,male,head/neck,train
ISIC_3639193,IL_4918224,clinical,clinical: close-up,Benign,BKL,0,45.0,male,upper extremity,train
ISIC_9503013,IL_4918224,dermoscopic,dermoscopic,Benign,BKL,0,45.0,male,upper extremity,train
ISIC_9532907,IL_4918829,clinical,clinical: close-up,Malignant,BCC,1,75.0,male,,train
ISIC_2763588,IL_4918829,dermoscopic,dermoscopic,Malignant,BCC,1,75.0,male,,train
ISIC_0715312,IL_4921939,clinical,clinical: close-up,Malignant,BCC,1,65.0,male,head/neck,train
ISIC_8184315,IL_4921939,dermoscopic,dermoscopic,Malignant,BCC,1,65.0,male,head/neck,train
ISIC_2958443,IL_4923894,clinical,clinical: close-up,Malignant,SCCKA,1,85.0,male,lower extremity,train
ISIC_3567091,IL_4923894,dermoscopic,dermoscopic,Malignant,SCCKA,1,85.0,male,lower extremity,train
ISIC_6138256,IL_4924328,clinical,clinical: close-up,Malignant,BCC,1,55.0,male,upper extremity,train
ISIC_8353499,IL_4924328,dermoscopic,dermoscopic,Malignant,BCC,1,55.0,male,upper extremity,train
ISIC_5378878,IL_4924937,clinical,clinical: close-up,Malignant,BCC,1,60.0,male,upper extremity,train
ISIC_4419306,IL_4924937,dermoscopic,dermoscopic,Malignant,BCC,1,60.0,male,upper extremity,train
ISIC_6698584,IL_4926064,clinical,clinical: close-up,Malignant,BCC,1,45.0,male,upper extremity,train
ISIC_0860468,IL_4926064,dermoscopic,dermoscopic,Malignant,BCC,1,45.0,male,upper extremity,train
ISIC_5874977,IL_4928087,clinical,clinical: close-up,Malignant,MEL,1,70.0,male,head/neck,train
ISIC_5010590,IL_4928087,dermoscopic,dermoscopic,Malignant,MEL,1,70.0,male,head/neck,train
ISIC_2892335,IL_4932041,clinical,clinical: close-up,Benign,BKL,0,85.0,female,head/neck,train
ISIC_3015606,IL_4932041,dermoscopic,dermoscopic,Benign,BKL,0,85.0,female,head/neck,train
ISIC_5788932,IL_4935428,clinical,clinical: close-up,Indeterminate,AKIEC,1,65.0,male,head/neck,train
ISIC_1666328,IL_4935428,dermoscopic,dermoscopic,Indeterminate,AKIEC,1,65.0,male,head/neck,train
ISIC_2903716,IL_4935595,clinical,clinical: close-up,Benign,NV,0,50.0,female,head/neck,train
ISIC_4171839,IL_4935595,dermoscopic,dermoscopic,Benign,NV,0,50.0,female,head/neck,train
ISIC_2451051,IL_4939300,clinical,clinical: close-up,Malignant,MAL_OTH,1,75.0,male,lower extremity,train
ISIC_5833579,IL_4939300,dermoscopic,dermoscopic,Malignant,MAL_OTH,1,75.0,male,lower extremity,train
ISIC_2025477,IL_4954108,clinical,clinical: close-up,Benign,NV,0,30.0,male,,train
ISIC_6691035,IL_4954108,dermoscopic,dermoscopic,Benign,NV,0,30.0,male,,train
ISIC_3508606,IL_4966664,clinical,clinical: close-up,Benign,BKL,0,55.0,female,head/neck,train
ISIC_8005759,IL_4966664,dermoscopic,dermoscopic,Benign,BKL,0,55.0,female,head/neck,train
ISIC_8839444,IL_4966726,clinical,clinical: close-up,Malignant,BCC,1,60.0,female,upper extremity,train
ISIC_9728749,IL_4966726,dermoscopic,dermoscopic,Malignant,BCC,1,60.0,female,upper extremity,train
ISIC_3545489,IL_4968096,clinical,clinical: close-up,Malignant,BCC,1,70.0,male,head/neck,train
ISIC_3159699,IL_4968096,dermoscopic,dermoscopic,Malignant,BCC,1,70.0,male,head/neck,train
ISIC_0975299,IL_4975498,clinical,clinical: close-up,Benign,BKL,0,70.0,male,,train
ISIC_1365576,IL_4975498,dermoscopic,dermoscopic,Benign,BKL,0,70.0,male,,train
ISIC_7605546,IL_4976689,clinical,clinical: close-up,Malignant,SCCKA,1,65.0,male,upper extremity,train
ISIC_0448586,IL_4976689,dermoscopic,dermoscopic,Malignant,SCCKA,1,65.0,male,upper extremity,train
ISIC_0612181,IL_4978975,clinical,clinical: close-up,Malignant,BCC,1,70.0,male,head/neck,train
ISIC_2646200,IL_4978975,dermoscopic,dermoscopic,Malignant,BCC,1,70.0,male,head/neck,train
ISIC_8937601,IL_4980476,clinical,clinical: close-up,Malignant,MEL,1,30.0,female,,train
ISIC_9111814,IL_4980476,dermoscopic,dermoscopic,Malignant,MEL,1,30.0,female,,train
ISIC_8647252,IL_4980743,clinical,clinical: close-up,Malignant,BCC,1,75.0,female,,train
ISIC_7395485,IL_4980743,dermoscopic,dermoscopic,Malignant,BCC,1,75.0,female,,train
ISIC_8611718,IL_4986261,clinical,clinical: close-up,Indeterminate,AKIEC,1,75.0,male,head/neck,train
ISIC_5622324,IL_4986261,dermoscopic,dermoscopic,Indeterminate,AKIEC,1,75.0,male,head/neck,train
ISIC_0499702,IL_4987655,clinical,clinical: close-up,Malignant,MEL,1,75.0,male,head/neck,train
ISIC_3431348,IL_4987655,dermoscopic,dermoscopic,Malignant,MEL,1,75.0,male,head/neck,train
ISIC_3159028,IL_4990180,clinical,clinical: close-up,Malignant,BCC,1,70.0,male,lower extremity,train
ISIC_7436712,IL_4990180,dermoscopic,dermoscopic,Malignant,BCC,1,70.0,male,lower extremity,train
ISIC_6739511,IL_4991400,clinical,clinical: close-up,Malignant,BCC,1,55.0,male,lower extremity,train
ISIC_0899069,IL_4991400,dermoscopic,dermoscopic,Malignant,BCC,1,55.0,male,lower extremity,train
ISIC_0763559,IL_4992123,clinical,clinical: close-up,Malignant,BCC,1,65.0,male,,train
ISIC_6074237,IL_4992123,dermoscopic,dermoscopic,Malignant,BCC,1,65.0,male,,train
ISIC_9581030,IL_5008733,clinical,clinical: close-up,Malignant,BCC,1,40.0,male,upper extremity,train
ISIC_6036586,IL_5008733,dermoscopic,dermoscopic,Malignant,BCC,1,40.0,male,upper extremity,train
ISIC_1900694,IL_5010876,clinical,clinical: close-up,Malignant,AKIEC,1,60.0,male,lower extremity,train
ISIC_7705117,IL_5010876,dermoscopic,dermoscopic,Malignant,AKIEC,1,60.0,male,lower extremity,train
ISIC_5495313,IL_5014873,clinical,clinical: close-up,Malignant,SCCKA,1,65.0,male,lower extremity,train
ISIC_7081739,IL_5014873,dermoscopic,dermoscopic,Malignant,SCCKA,1,65.0,male,lower extremity,train
ISIC_0649359,IL_5016629,clinical,clinical: close-up,Malignant,MEL,1,55.0,female,head/neck,train
ISIC_2372341,IL_5016629,dermoscopic,dermoscopic,Malignant,MEL,1,55.0,female,head/neck,train
ISIC_8249583,IL_5017325,clinical,clinical: close-up,Malignant,BCC,1,75.0,male,upper extremity,train
ISIC_7425846,IL_5017325,dermoscopic,dermoscopic,Malignant,BCC,1,75.0,male,upper extremity,train
ISIC_7590490,IL_5017346,clinical,clinical: close-up,Benign,INF,0,45.0,female,upper extremity,train
ISIC_6044458,IL_5017346,dermoscopic,dermoscopic,Benign,INF,0,45.0,female,upper extremity,train
ISIC_1111646,IL_5019289,clinical,clinical: close-up,Malignant,BCC,1,55.0,male,lower extremity,train
ISIC_1124077,IL_5019289,dermoscopic,dermoscopic,Malignant,BCC,1,55.0,male,lower extremity,train
ISIC_5459597,IL_5022797,clinical,clinical: close-up,Benign,NV,0,35.0,female,lower extremity,train
ISIC_1025100,IL_5022797,dermoscopic,dermoscopic,Benign,NV,0,35.0,female,lower extremity,train
ISIC_8577913,IL_5033079,clinical,clinical: close-up,Malignant,SCCKA,1,60.0,male,upper extremity,train
ISIC_3494647,IL_5033079,dermoscopic,dermoscopic,Malignant,SCCKA,1,60.0,male,upper extremity,train
ISIC_8641274,IL_5033340,clinical,clinical: close-up,Benign,NV,0,70.0,female,lower extremity,train
ISIC_4787120,IL_5033340,dermoscopic,dermoscopic,Benign,NV,0,70.0,female,lower extremity,train
ISIC_7001987,IL_5037450,clinical,clinical: close-up,Malignant,BCC,1,55.0,female,,train
ISIC_3129117,IL_5037450,dermoscopic,dermoscopic,Malignant,BCC,1,55.0,female,,train
ISIC_6027594,IL_5037876,clinical,clinical: close-up,Malignant,BCC,1,40.0,male,,train
ISIC_8744116,IL_5037876,dermoscopic,dermoscopic,Malignant,BCC,1,40.0,male,,train
ISIC_9261011,IL_5040645,clinical,clinical: close-up,Malignant,BCC,1,70.0,male,head/neck,train
ISIC_3183514,IL_5040645,dermoscopic,dermoscopic,Malignant,BCC,1,70.0,male,head/neck,train
ISIC_6372573,IL_5042864,clinical,clinical: close-up,Benign,NV,0,55.0,female,lower extremity,train
ISIC_8699706,IL_5042864,dermoscopic,dermoscopic,Benign,NV,0,55.0,female,lower extremity,train
ISIC_0608821,IL_5045775,clinical,clinical: close-up,Benign,VASC,0,70.0,female,lower extremity,train
ISIC_3356573,IL_5045775,dermoscopic,dermoscopic,Benign,VASC,0,70.0,female,lower extremity,train
ISIC_6318069,IL_5046857,clinical,clinical: close-up,Malignant,BCC,1,40.0,female,upper extremity,train
ISIC_4565131,IL_5046857,dermoscopic,dermoscopic,Malignant,BCC,1,40.0,female,upper extremity,train
ISIC_0257297,IL_5052158,clinical,clinical: close-up,Malignant,BCC,1,60.0,male,,train
ISIC_8285958,IL_5052158,dermoscopic,dermoscopic,Malignant,BCC,1,60.0,male,,train
ISIC_0263908,IL_5060375,clinical,clinical: close-up,Malignant,BCC,1,70.0,female,,train
ISIC_2202352,IL_5060375,dermoscopic,dermoscopic,Malignant,BCC,1,70.0,female,,train
ISIC_6535679,IL_5063173,clinical,clinical: close-up,Malignant,MEL,1,45.0,male,,train
ISIC_6636694,IL_5063173,dermoscopic,dermoscopic,Malignant,MEL,1,45.0,male,,train
ISIC_3873129,IL_5064276,clinical,clinical: close-up,Malignant,MEL,1,85.0,male,head/neck,train
ISIC_9895318,IL_5064276,dermoscopic,dermoscopic,Malignant,MEL,1,85.0,male,head/neck,train
ISIC_1943368,IL_5066436,clinical,clinical: close-up,Benign,BKL,0,50.0,male,head/neck,train
ISIC_5602626,IL_5066436,dermoscopic,dermoscopic,Benign,BKL,0,50.0,male,head/neck,train
ISIC_1199576,IL_5071813,clinical,clinical: close-up,Benign,BKL,0,35.0,female,,train
ISIC_9400307,IL_5071813,dermoscopic,dermoscopic,Benign,BKL,0,35.0,female,,train
ISIC_3115412,IL_5074054,clinical,clinical: close-up,Benign,BKL,0,65.0,male,,train
ISIC_4722294,IL_5074054,dermoscopic,dermoscopic,Benign,BKL,0,65.0,male,,train
ISIC_5323349,IL_5076594,clinical,clinical: close-up,Malignant,BCC,1,65.0,male,lower extremity,train
ISIC_3818412,IL_5076594,dermoscopic,dermoscopic,Malignant,BCC,1,65.0,male,lower extremity,train
ISIC_3790590,IL_5076804,clinical,clinical: close-up,Malignant,BCC,1,85.0,male,upper extremity,train
ISIC_0317094,IL_5076804,dermoscopic,dermoscopic,Malignant,BCC,1,85.0,male,upper extremity,train
ISIC_0281083,IL_5076960,clinical,clinical: close-up,Malignant,BCC,1,60.0,female,lower extremity,train
ISIC_9161483,IL_5076960,dermoscopic,dermoscopic,Malignant,BCC,1,60.0,female,lower extremity,train
ISIC_3045344,IL_5078646,clinical,clinical: close-up,Malignant,SCCKA,1,75.0,male,lower extremity,train
ISIC_8231437,IL_5078646,dermoscopic,dermoscopic,Malignant,SCCKA,1,75.0,male,lower extremity,train
ISIC_7555202,IL_5084556,clinical,clinical: close-up,Malignant,SCCKA,1,45.0,male,head/neck,train
ISIC_8129640,IL_5084556,dermoscopic,dermoscopic,Malignant,SCCKA,1,45.0,male,head/neck,train
ISIC_2176321,IL_5087037,clinical,clinical: close-up,Indeterminate,AKIEC,1,70.0,male,head/neck,train
ISIC_8204527,IL_5087037,dermoscopic,dermoscopic,Indeterminate,AKIEC,1,70.0,male,head/neck,train
ISIC_1533060,IL_5091814,clinical,clinical: close-up,Malignant,BCC,1,60.0,female,head/neck,train
ISIC_7319361,IL_5091814,dermoscopic,dermoscopic,Malignant,BCC,1,60.0,female,head/neck,train
ISIC_5149579,IL_5099226,clinical,clinical: close-up,Benign,NV,0,30.0,female,,train
ISIC_7206588,IL_5099226,dermoscopic,dermoscopic,Benign,NV,0,30.0,female,,train
ISIC_9639952,IL_5101024,clinical,clinical: close-up,Malignant,MEL,1,70.0,female,head/neck,train
ISIC_6877985,IL_5101024,dermoscopic,dermoscopic,Malignant,MEL,1,70.0,female,head/neck,train
ISIC_8476500,IL_5108044,clinical,clinical: close-up,Malignant,BCC,1,65.0,female,,train
ISIC_6357740,IL_5108044,dermoscopic,dermoscopic,Malignant,BCC,1,65.0,female,,train
ISIC_8847230,IL_5108772,clinical,clinical: close-up,Malignant,AKIEC,1,45.0,female,upper extremity,train
ISIC_9422230,IL_5108772,dermoscopic,dermoscopic,Malignant,AKIEC,1,45.0,female,upper extremity,train
ISIC_7302567,IL_5110941,clinical,clinical: close-up,Malignant,BCC,1,55.0,female,,train
ISIC_8731964,IL_5110941,dermoscopic,dermoscopic,Malignant,BCC,1,55.0,female,,train
ISIC_5416645,IL_5111323,clinical,clinical: close-up,Malignant,MEL,1,60.0,male,,train
ISIC_7402642,IL_5111323,dermoscopic,dermoscopic,Malignant,MEL,1,60.0,male,,train
ISIC_2670452,IL_5112545,clinical,clinical: close-up,Malignant,BCC,1,50.0,male,lower extremity,train
ISIC_5837451,IL_5112545,dermoscopic,dermoscopic,Malignant,BCC,1,50.0,male,lower extremity,train
ISIC_1471558,IL_5113202,clinical,clinical: close-up,Malignant,BCC,1,50.0,female,head/neck,train
ISIC_6787367,IL_5113202,dermoscopic,dermoscopic,Malignant,BCC,1,50.0,female,head/neck,train
ISIC_7484441,IL_5114359,clinical,clinical: close-up,Malignant,SCCKA,1,70.0,male,lower extremity,train
ISIC_2097701,IL_5114359,dermoscopic,dermoscopic,Malignant,SCCKA,1,70.0,male,lower extremity,train
ISIC_7919849,IL_5118297,clinical,clinical: close-up,Malignant,BCC,1,75.0,female,lower extremity,train
ISIC_1325383,IL_5118297,dermoscopic,dermoscopic,Malignant,BCC,1,75.0,female,lower extremity,train
ISIC_4803473,IL_5120662,clinical,clinical: close-up,Malignant,BCC,1,70.0,female,upper extremity,train
ISIC_2068038,IL_5120662,dermoscopic,dermoscopic,Malignant,BCC,1,70.0,female,upper extremity,train
ISIC_2696043,IL_5122434,clinical,clinical: close-up,Malignant,BCC,1,50.0,male,,train
ISIC_7363608,IL_5122434,dermoscopic,dermoscopic,Malignant,BCC,1,50.0,male,,train
ISIC_6968526,IL_5129613,clinical,clinical: close-up,Malignant,BCC,1,65.0,female,head/neck,train
ISIC_3712412,IL_5129613,dermoscopic,dermoscopic,Malignant,BCC,1,65.0,female,head/neck,train
ISIC_4083123,IL_5133299,clinical,clinical: close-up,Malignant,MEL,1,55.0,male,lower extremity,train
ISIC_4277953,IL_5133299,dermoscopic,dermoscopic,Malignant,MEL,1,55.0,male,lower extremity,train
ISIC_9294596,IL_5137541,clinical,clinical: close-up,Malignant,BCC,1,85.0,male,head/neck,train
ISIC_4444763,IL_5137541,dermoscopic,dermoscopic,Malignant,BCC,1,85.0,male,head/neck,train
ISIC_4438000,IL_5147950,clinical,clinical: close-up,Malignant,BCC,1,60.0,male,head/neck,train
ISIC_9973864,IL_5147950,dermoscopic,dermoscopic,Malignant,BCC,1,60.0,male,head/neck,train
ISIC_4443257,IL_5149230,clinical,clinical: close-up,Malignant,BCC,1,75.0,female,head/neck,train
ISIC_8255125,IL_5149230,dermoscopic,dermoscopic,Malignant,BCC,1,75.0,female,head/neck,train
ISIC_6792624,IL_5152283,clinical,clinical: close-up,Malignant,BCC,1,85.0,male,head/neck,train
ISIC_4639628,IL_5152283,dermoscopic,dermoscopic,Malignant,BCC,1,85.0,male,head/neck,train
ISIC_2794614,IL_5154622,clinical,clinical: close-up,Benign,NV,0,60.0,male,,train
ISIC_7078711,IL_5154622,dermoscopic,dermoscopic,Benign,NV,0,60.0,male,,train
ISIC_3564212,IL_5154725,clinical,clinical: close-up,Malignant,BCC,1,80.0,male,lower extremity,train
ISIC_2366596,IL_5154725,dermoscopic,dermoscopic,Malignant,BCC,1,80.0,male,lower extremity,train
ISIC_2671519,IL_5156328,clinical,clinical: close-up,Malignant,BCC,1,55.0,male,,train
ISIC_1309001,IL_5156328,dermoscopic,dermoscopic,Malignant,BCC,1,55.0,male,,train
ISIC_1883149,IL_5158358,clinical,clinical: close-up,Malignant,BCC,1,80.0,male,head/neck,train
ISIC_6115749,IL_5158358,dermoscopic,dermoscopic,Malignant,BCC,1,80.0,male,head/neck,train
ISIC_5932619,IL_5160157,clinical,clinical: close-up,Malignant,BCC,1,45.0,female,,train
ISIC_0836815,IL_5160157,dermoscopic,dermoscopic,Malignant,BCC,1,45.0,female,,train
ISIC_2164257,IL_5162996,clinical,clinical: close-up,Malignant,BCC,1,75.0,male,head/neck,train
ISIC_7892545,IL_5162996,dermoscopic,dermoscopic,Malignant,BCC,1,75.0,male,head/neck,train
ISIC_9676659,IL_5163044,clinical,clinical: close-up,Malignant,AKIEC,1,65.0,female,upper extremity,train
ISIC_4585749,IL_5163044,dermoscopic,dermoscopic,Malignant,AKIEC,1,65.0,female,upper extremity,train
ISIC_4013061,IL_5163548,clinical,clinical: close-up,Benign,NV,0,,male,lower extremity,train
ISIC_0570358,IL_5163548,dermoscopic,dermoscopic,Benign,NV,0,,male,lower extremity,train
ISIC_5993711,IL_5173461,clinical,clinical: close-up,Malignant,BCC,1,65.0,female,head/neck,train
ISIC_3494719,IL_5173461,dermoscopic,dermoscopic,Malignant,BCC,1,65.0,female,head/neck,train
ISIC_7359902,IL_5175125,clinical,clinical: close-up,Malignant,BCC,1,80.0,male,lower extremity,train
ISIC_8472106,IL_5175125,dermoscopic,dermoscopic,Malignant,BCC,1,80.0,male,lower extremity,train
ISIC_2400614,IL_5179568,clinical,clinical: close-up,Benign,BKL,0,60.0,female,lower extremity,train
ISIC_7303727,IL_5179568,dermoscopic,dermoscopic,Benign,BKL,0,60.0,female,lower extremity,train
ISIC_8949610,IL_5181041,clinical,clinical: close-up,Benign,NV,0,60.0,female,,train
ISIC_8318126,IL_5181041,dermoscopic,dermoscopic,Benign,NV,0,60.0,female,,train
ISIC_2553804,IL_5186101,clinical,clinical: close-up,Benign,NV,0,35.0,male,head/neck,train
ISIC_6640040,IL_5186101,dermoscopic,dermoscopic,Benign,NV,0,35.0,male,head/neck,train
ISIC_9310359,IL_5187554,clinical,clinical: close-up,Malignant,BCC,1,50.0,female,lower extremity,train
ISIC_1176980,IL_5187554,dermoscopic,dermoscopic,Malignant,BCC,1,50.0,female,lower extremity,train
ISIC_8525598,IL_5188530,clinical,clinical: close-up,Malignant,SCCKA,1,60.0,male,upper extremity,train
ISIC_8980999,IL_5188530,dermoscopic,dermoscopic,Malignant,SCCKA,1,60.0,male,upper extremity,train
ISIC_2564518,IL_5189473,clinical,clinical: close-up,Benign,BKL,0,85.0,male,,train
ISIC_9625758,IL_5189473,dermoscopic,dermoscopic,Benign,BKL,0,85.0,male,,train
ISIC_3242637,IL_5190686,clinical,clinical: close-up,Malignant,SCCKA,1,65.0,female,head/neck,train
ISIC_1382648,IL_5190686,dermoscopic,dermoscopic,Malignant,SCCKA,1,65.0,female,head/neck,train
ISIC_8063764,IL_5192091,clinical,clinical: close-up,Malignant,BCC,1,85.0,female,upper extremity,train
ISIC_3877266,IL_5192091,dermoscopic,dermoscopic,Malignant,BCC,1,85.0,female,upper extremity,train
ISIC_9878841,IL_5197264,clinical,clinical: close-up,Malignant,BCC,1,70.0,male,head/neck,train
ISIC_2864613,IL_5197264,dermoscopic,dermoscopic,Malignant,BCC,1,70.0,male,head/neck,train
ISIC_5093287,IL_5200526,clinical,clinical: close-up,Malignant,SCCKA,1,80.0,male,lower extremity,train
ISIC_9814738,IL_5200526,dermoscopic,dermoscopic,Malignant,SCCKA,1,80.0,male,lower extremity,train
ISIC_8821690,IL_5208753,clinical,clinical: close-up,Malignant,BCC,1,70.0,female,head/neck,train
ISIC_9566384,IL_5208753,dermoscopic,dermoscopic,Malignant,BCC,1,70.0,female,head/neck,train
ISIC_8680973,IL_5209978,clinical,clinical: close-up,Malignant,BCC,1,40.0,female,head/neck,train
ISIC_4996777,IL_5209978,dermoscopic,dermoscopic,Malignant,BCC,1,40.0,female,head/neck,train
ISIC_0376198,IL_5215495,clinical,clinical: close-up,Malignant,BCC,1,45.0,male,head/neck,train
ISIC_4660700,IL_5215495,dermoscopic,dermoscopic,Malignant,BCC,1,45.0,male,head/neck,train
ISIC_3740583,IL_5220758,clinical,clinical: close-up,Malignant,BCC,1,80.0,female,lower extremity,train
ISIC_8145727,IL_5220758,dermoscopic,dermoscopic,Malignant,BCC,1,80.0,female,lower extremity,train
ISIC_9627432,IL_5222228,clinical,clinical: close-up,Benign,NV,0,15.0,male,head/neck,train
ISIC_7890093,IL_5222228,dermoscopic,dermoscopic,Benign,NV,0,15.0,male,head/neck,train
ISIC_5777376,IL_5226953,clinical,clinical: close-up,Benign,NV,0,5.0,male,head/neck,train
ISIC_5554081,IL_5226953,dermoscopic,dermoscopic,Benign,NV,0,5.0,male,head/neck,train
ISIC_1707452,IL_5235613,clinical,clinical: close-up,Malignant,SCCKA,1,80.0,female,lower extremity,train
ISIC_2215299,IL_5235613,dermoscopic,dermoscopic,Malignant,SCCKA,1,80.0,female,lower extremity,train
ISIC_6363175,IL_5236713,clinical,clinical: close-up,Malignant,BCC,1,70.0,female,upper extremity,train
ISIC_8103067,IL_5236713,dermoscopic,dermoscopic,Malignant,BCC,1,70.0,female,upper extremity,train
ISIC_3318576,IL_5236788,clinical,clinical: close-up,Benign,BKL,0,80.0,female,head/neck,train
ISIC_9380419,IL_5236788,dermoscopic,dermoscopic,Benign,BKL,0,80.0,female,head/neck,train
ISIC_1617856,IL_5240464,clinical,clinical: close-up,Benign,BKL,0,65.0,male,,train
ISIC_5042685,IL_5240464,dermoscopic,dermoscopic,Benign,BKL,0,65.0,male,,train
ISIC_9932307,IL_5241211,clinical,clinical: close-up,Benign,NV,0,25.0,male,head/neck,train
ISIC_9267602,IL_5241211,dermoscopic,dermoscopic,Benign,NV,0,25.0,male,head/neck,train
ISIC_9828103,IL_5245045,clinical,clinical: close-up,Malignant,BCC,1,70.0,male,lower extremity,train
ISIC_2501467,IL_5245045,dermoscopic,dermoscopic,Malignant,BCC,1,70.0,male,lower extremity,train
ISIC_7595404,IL_5247535,clinical,clinical: close-up,Benign,BKL,0,75.0,female,head/neck,train
ISIC_0685008,IL_5247535,dermoscopic,dermoscopic,Benign,BKL,0,75.0,female,head/neck,train
ISIC_0944241,IL_5251059,clinical,clinical: close-up,Malignant,MEL,1,65.0,female,lower extremity,train
ISIC_5807024,IL_5251059,dermoscopic,dermoscopic,Malignant,MEL,1,65.0,female,lower extremity,train
ISIC_7635285,IL_5252859,clinical,clinical: close-up,Indeterminate,AKIEC,1,75.0,male,upper extremity,train
ISIC_8341598,IL_5252859,dermoscopic,dermoscopic,Indeterminate,AKIEC,1,75.0,male,upper extremity,train
ISIC_6484898,IL_5254540,clinical,clinical: close-up,Malignant,BCC,1,75.0,male,head/neck,train
ISIC_8622558,IL_5254540,dermoscopic,dermoscopic,Malignant,BCC,1,75.0,male,head/neck,train
ISIC_9048474,IL_5262456,clinical,clinical: close-up,Malignant,BCC,1,55.0,male,,train
ISIC_6092124,IL_5262456,dermoscopic,dermoscopic,Malignant,BCC,1,55.0,male,,train
ISIC_9497071,IL_5267029,clinical,clinical: close-up,Malignant,MEL,1,70.0,male,,train
ISIC_8898820,IL_5267029,dermoscopic,dermoscopic,Malignant,MEL,1,70.0,male,,train
ISIC_0507778,IL_5267553,clinical,clinical: close-up,Malignant,BCC,1,60.0,female,,train
ISIC_4189363,IL_5267553,dermoscopic,dermoscopic,Malignant,BCC,1,60.0,female,,train
ISIC_2420699,IL_5270623,clinical,clinical: close-up,Malignant,BCC,1,75.0,male,lower extremity,train
ISIC_1843399,IL_5270623,dermoscopic,dermoscopic,Malignant,BCC,1,75.0,male,lower extremity,train
ISIC_9124673,IL_5271098,clinical,clinical: close-up,Malignant,BCC,1,75.0,male,head/neck,train
ISIC_0077054,IL_5271098,dermoscopic,dermoscopic,Malignant,BCC,1,75.0,male,head/neck,train
ISIC_6289625,IL_5277134,clinical,clinical: close-up,Malignant,MEL,1,55.0,male,,train
ISIC_8697607,IL_5277134,dermoscopic,dermoscopic,Malignant,MEL,1,55.0,male,,train
ISIC_1046103,IL_5278264,clinical,clinical: close-up,Benign,BKL,0,80.0,male,head/neck,train
ISIC_2702984,IL_5278264,dermoscopic,dermoscopic,Benign,BKL,0,80.0,male,head/neck,train
ISIC_0468332,IL_5281501,clinical,clinical: close-up,Malignant,BCC,1,55.0,male,upper extremity,train
ISIC_2993047,IL_5281501,dermoscopic,dermoscopic,Malignant,BCC,1,55.0,male,upper extremity,train
ISIC_9044867,IL_5283078,clinical,clinical: close-up,Malignant,BCC,1,65.0,male,,train
ISIC_2590790,IL_5283078,dermoscopic,dermoscopic,Malignant,BCC,1,65.0,male,,train
ISIC_7271415,IL_5285305,clinical,clinical: close-up,Malignant,SCCKA,1,80.0,female,upper extremity,train
ISIC_2613429,IL_5285305,dermoscopic,dermoscopic,Malignant,SCCKA,1,80.0,female,upper extremity,train
ISIC_0515719,IL_5285603,clinical,clinical: close-up,Benign,VASC,0,85.0,male,,train
ISIC_8791057,IL_5285603,dermoscopic,dermoscopic,Benign,VASC,0,85.0,male,,train
ISIC_2488572,IL_5287694,clinical,clinical: close-up,Malignant,BCC,1,65.0,male,,train
ISIC_2751556,IL_5287694,dermoscopic,dermoscopic,Malignant,BCC,1,65.0,male,,train
ISIC_3892467,IL_5289239,clinical,clinical: close-up,Malignant,SCCKA,1,75.0,male,,train
ISIC_6989179,IL_5289239,dermoscopic,dermoscopic,Malignant,SCCKA,1,75.0,male,,train
ISIC_7155489,IL_5293525,clinical,clinical: close-up,Benign,NV,0,35.0,female,,train
ISIC_1789556,IL_5293525,dermoscopic,dermoscopic,Benign,NV,0,35.0,female,,train
ISIC_5299723,IL_5301199,clinical,clinical: close-up,Benign,BKL,0,65.0,male,,train
ISIC_9014235,IL_5301199,dermoscopic,dermoscopic,Benign,BKL,0,65.0,male,,train
ISIC_2408893,IL_5302007,clinical,clinical: close-up,Malignant,AKIEC,1,80.0,male,upper extremity,train
ISIC_7681010,IL_5302007,dermoscopic,dermoscopic,Malignant,AKIEC,1,80.0,male,upper extremity,train
ISIC_4823764,IL_5304581,clinical,clinical: close-up,Benign,NV,0,50.0,male,,train
ISIC_7285901,IL_5304581,dermoscopic,dermoscopic,Benign,NV,0,50.0,male,,train
ISIC_5682266,IL_5304698,clinical,clinical: close-up,Malignant,BCC,1,85.0,female,upper extremity,train
ISIC_8712502,IL_5304698,dermoscopic,dermoscopic,Malignant,BCC,1,85.0,female,upper extremity,train
ISIC_8690049,IL_5310098,clinical,clinical: close-up,Malignant,BCC,1,75.0,female,lower extremity,train
ISIC_6712916,IL_5310098,dermoscopic,dermoscopic,Malignant,BCC,1,75.0,female,lower extremity,train
ISIC_3340382,IL_5310317,clinical,clinical: close-up,Malignant,BCC,1,60.0,female,lower extremity,train
ISIC_5503515,IL_5310317,dermoscopic,dermoscopic,Malignant,BCC,1,60.0,female,lower extremity,train
ISIC_7566277,IL_5310552,clinical,clinical: close-up,Benign,NV,0,55.0,male,upper extremity,train
ISIC_4757362,IL_5310552,dermoscopic,dermoscopic,Benign,NV,0,55.0,male,upper extremity,train
ISIC_4909590,IL_5311441,clinical,clinical: close-up,Benign,DF,0,50.0,male,lower extremity,train
ISIC_3414486,IL_5311441,dermoscopic,dermoscopic,Benign,DF,0,50.0,male,lower extremity,train
ISIC_4889654,IL_5314103,clinical,clinical: close-up,Malignant,SCCKA,1,70.0,female,lower extremity,train
ISIC_7709002,IL_5314103,dermoscopic,dermoscopic,Malignant,SCCKA,1,70.0,female,lower extremity,train
ISIC_1494890,IL_5315129,clinical,clinical: close-up,Benign,BKL,0,60.0,female,head/neck,train
ISIC_1937581,IL_5315129,dermoscopic,dermoscopic,Benign,BKL,0,60.0,female,head/neck,train
ISIC_2357212,IL_5321366,clinical,clinical: close-up,Benign,NV,0,60.0,female,lower extremity,train
ISIC_7189526,IL_5321366,dermoscopic,dermoscopic,Benign,NV,0,60.0,female,lower extremity,train
ISIC_3924227,IL_5328329,clinical,clinical: close-up,Malignant,BCC,1,75.0,male,head/neck,train
ISIC_4187456,IL_5328329,dermoscopic,dermoscopic,Malignant,BCC,1,75.0,male,head/neck,train
ISIC_0220749,IL_5328388,clinical,clinical: close-up,Malignant,BCC,1,75.0,male,head/neck,train
ISIC_3445025,IL_5328388,dermoscopic,dermoscopic,Malignant,BCC,1,75.0,male,head/neck,train
ISIC_1354875,IL_5328451,clinical,clinical: close-up,Malignant,MEL,1,75.0,male,,train
ISIC_7893518,IL_5328451,dermoscopic,dermoscopic,Malignant,MEL,1,75.0,male,,train
ISIC_0659383,IL_5337254,clinical,clinical: close-up,Malignant,BCC,1,65.0,female,,train
ISIC_8450508,IL_5337254,dermoscopic,dermoscopic,Malignant,BCC,1,65.0,female,,train
ISIC_1308871,IL_5340506,clinical,clinical: close-up,Malignant,BCC,1,70.0,female,head/neck,train
ISIC_6748152,IL_5340506,dermoscopic,dermoscopic,Malignant,BCC,1,70.0,female,head/neck,train
ISIC_2332226,IL_5344471,clinical,clinical: close-up,Malignant,BCC,1,75.0,female,,train
ISIC_8577350,IL_5344471,dermoscopic,dermoscopic,Malignant,BCC,1,75.0,female,,train
ISIC_9079428,IL_5352548,clinical,clinical: close-up,Malignant,BCC,1,30.0,female,,train
ISIC_6935679,IL_5352548,dermoscopic,dermoscopic,Malignant,BCC,1,30.0,female,,train
ISIC_6788918,IL_5357233,clinical,clinical: close-up,Malignant,BCC,1,55.0,male,upper extremity,train
ISIC_8572463,IL_5357233,dermoscopic,dermoscopic,Malignant,BCC,1,55.0,male,upper extremity,train
ISIC_3157761,IL_5358178,clinical,clinical: close-up,Benign,BKL,0,65.0,male,head/neck,train
ISIC_8381176,IL_5358178,dermoscopic,dermoscopic,Benign,BKL,0,65.0,male,head/neck,train
ISIC_6015386,IL_5358454,clinical,clinical: close-up,Benign,NV,0,55.0,male,lower extremity,train
ISIC_1813785,IL_5358454,dermoscopic,dermoscopic,Benign,NV,0,55.0,male,lower extremity,train
ISIC_9534817,IL_5359653,clinical,clinical: close-up,Malignant,BCC,1,70.0,female,upper extremity,train
ISIC_5439956,IL_5359653,dermoscopic,dermoscopic,Malignant,BCC,1,70.0,female,upper extremity,train
ISIC_4031450,IL_5361790,clinical,clinical: close-up,Benign,NV,0,25.0,male,upper extremity,train
ISIC_7917913,IL_5361790,dermoscopic,dermoscopic,Benign,NV,0,25.0,male,upper extremity,train
ISIC_9488866,IL_5361912,clinical,clinical: close-up,Malignant,BCC,1,55.0,female,upper extremity,train
ISIC_0525463,IL_5361912,dermoscopic,dermoscopic,Malignant,BCC,1,55.0,female,upper extremity,train
ISIC_5173097,IL_5363044,clinical,clinical: close-up,Benign,VASC,0,55.0,female,head/neck,train
ISIC_8020470,IL_5363044,dermoscopic,dermoscopic,Benign,VASC,0,55.0,female,head/neck,train
ISIC_7142689,IL_5364127,clinical,clinical: close-up,Benign,BKL,0,70.0,male,head/neck,train
ISIC_1975493,IL_5364127,dermoscopic,dermoscopic,Benign,BKL,0,70.0,male,head/neck,train
ISIC_6013907,IL_5366190,clinical,clinical: close-up,Malignant,MEL,1,35.0,female,lower extremity,train
ISIC_1675975,IL_5366190,dermoscopic,dermoscopic,Malignant,MEL,1,35.0,female,lower extremity,train
ISIC_5661142,IL_5372294,clinical,clinical: close-up,Malignant,BCC,1,55.0,female,,train
ISIC_3846262,IL_5372294,dermoscopic,dermoscopic,Malignant,BCC,1,55.0,female,,train
ISIC_4225046,IL_5375403,clinical,clinical: close-up,Benign,BKL,0,60.0,male,lower extremity,train
ISIC_5947061,IL_5375403,dermoscopic,dermoscopic,Benign,BKL,0,60.0,male,lower extremity,train
ISIC_8660432,IL_5375420,clinical,clinical: close-up,Benign,INF,0,80.0,female,head/neck,train
ISIC_0777268,IL_5375420,dermoscopic,dermoscopic,Benign,INF,0,80.0,female,head/neck,train
ISIC_0724875,IL_5375846,clinical,clinical: close-up,Malignant,SCCKA,1,60.0,male,head/neck,train
ISIC_5342950,IL_5375846,dermoscopic,dermoscopic,Malignant,SCCKA,1,60.0,male,head/neck,train
ISIC_6167402,IL_5378051,clinical,clinical: close-up,Benign,BKL,0,55.0,female,lower extremity,train
ISIC_4964694,IL_5378051,dermoscopic,dermoscopic,Benign,BKL,0,55.0,female,lower extremity,train
ISIC_8673829,IL_5379548,clinical,clinical: close-up,Malignant,BCC,1,70.0,female,,train
ISIC_7916653,IL_5379548,dermoscopic,dermoscopic,Malignant,BCC,1,70.0,female,,train
ISIC_8935612,IL_5384456,clinical,clinical: close-up,Malignant,BCC,1,60.0,female,upper extremity,train
ISIC_1668550,IL_5384456,dermoscopic,dermoscopic,Malignant,BCC,1,60.0,female,upper extremity,train
ISIC_7933087,IL_5390577,clinical,clinical: close-up,Malignant,BCC,1,65.0,male,head/neck,train
ISIC_8305576,IL_5390577,dermoscopic,dermoscopic,Malignant,BCC,1,65.0,male,head/neck,train
ISIC_2014762,IL_5391929,clinical,clinical: close-up,Malignant,BCC,1,80.0,female,lower extremity,train
ISIC_6747902,IL_5391929,dermoscopic,dermoscopic,Malignant,BCC,1,80.0,female,lower extremity,train
ISIC_4325142,IL_5397664,clinical,clinical: close-up,Malignant,BCC,1,70.0,male,,train
ISIC_1646416,IL_5397664,dermoscopic,dermoscopic,Malignant,BCC,1,70.0,male,,train
ISIC_3921610,IL_5407088,clinical,clinical: close-up,Malignant,BCC,1,60.0,male,,train
ISIC_5711940,IL_5407088,dermoscopic,dermoscopic,Malignant,BCC,1,60.0,male,,train
ISIC_4489370,IL_5415624,clinical,clinical: close-up,Malignant,MEL,1,75.0,female,head/neck,train
ISIC_3090517,IL_5415624,dermoscopic,dermoscopic,Malignant,MEL,1,75.0,female,head/neck,train
ISIC_9495791,IL_5416210,clinical,clinical: close-up,Malignant,SCCKA,1,65.0,male,lower extremity,train
ISIC_6943209,IL_5416210,dermoscopic,dermoscopic,Malignant,SCCKA,1,65.0,male,lower extremity,train
ISIC_9903464,IL_5416595,clinical,clinical: close-up,Benign,NV,0,40.0,female,,train
ISIC_4400687,IL_5416595,dermoscopic,dermoscopic,Benign,NV,0,40.0,female,,train
ISIC_4210592,IL_5417384,clinical,clinical: close-up,Malignant,BCC,1,45.0,female,upper extremity,train
ISIC_6356372,IL_5417384,dermoscopic,dermoscopic,Malignant,BCC,1,45.0,female,upper extremity,train
ISIC_0200116,IL_5417601,clinical,clinical: close-up,Malignant,BCC,1,75.0,female,lower extremity,train
ISIC_7008068,IL_5417601,dermoscopic,dermoscopic,Malignant,BCC,1,75.0,female,lower extremity,train
ISIC_9983655,IL_5422211,clinical,clinical: close-up,Malignant,BCC,1,65.0,male,head/neck,train
ISIC_7584393,IL_5422211,dermoscopic,dermoscopic,Malignant,BCC,1,65.0,male,head/neck,train
ISIC_8890260,IL_5423351,clinical,clinical: close-up,Benign,BKL,0,55.0,male,head/neck,train
ISIC_7009394,IL_5423351,dermoscopic,dermoscopic,Benign,BKL,0,55.0,male,head/neck,train
ISIC_5139740,IL_5424289,clinical,clinical: close-up,Malignant,BCC,1,65.0,male,,train
ISIC_2370968,IL_5424289,dermoscopic,dermoscopic,Malignant,BCC,1,65.0,male,,train
ISIC_5924611,IL_5425005,clinical,clinical: close-up,Malignant,BCC,1,50.0,male,head/neck,train
ISIC_6537586,IL_5425005,dermoscopic,dermoscopic,Malignant,BCC,1,50.0,male,head/neck,train
ISIC_8251905,IL_5434909,clinical,clinical: close-up,Malignant,BCC,1,85.0,female,head/neck,train
ISIC_1833069,IL_5434909,dermoscopic,dermoscopic,Malignant,BCC,1,85.0,female,head/neck,train
ISIC_6089668,IL_5436207,clinical,clinical: close-up,Malignant,BCC,1,65.0,female,lower extremity,train
ISIC_1574997,IL_5436207,dermoscopic,dermoscopic,Malignant,BCC,1,65.0,female,lower extremity,train
ISIC_2301560,IL_5437959,clinical,clinical: close-up,Benign,VASC,0,40.0,female,lower extremity,train
ISIC_1803069,IL_5437959,dermoscopic,dermoscopic,Benign,VASC,0,40.0,female,lower extremity,train
ISIC_3273623,IL_5438158,clinical,clinical: close-up,Benign,NV,0,30.0,female,lower extremity,train
ISIC_5022731,IL_5438158,dermoscopic,dermoscopic,Benign,NV,0,30.0,female,lower extremity,train
ISIC_9598235,IL_5438897,clinical,clinical: close-up,Malignant,BCC,1,70.0,female,,train
ISIC_6429343,IL_5438897,dermoscopic,dermoscopic,Malignant,BCC,1,70.0,female,,train
ISIC_9140973,IL_5439022,clinical,clinical: close-up,Benign,NV,0,65.0,male,,train
ISIC_3831165,IL_5439022,dermoscopic,dermoscopic,Benign,NV,0,65.0,male,,train
ISIC_8880696,IL_5444067,clinical,clinical: close-up,Malignant,SCCKA,1,85.0,male,upper extremity,train
ISIC_3192193,IL_5444067,dermoscopic,dermoscopic,Malignant,SCCKA,1,85.0,male,upper extremity,train
ISIC_2453345,IL_5455457,clinical,clinical: close-up,Benign,NV,0,35.0,female,,train
ISIC_2098382,IL_5455457,dermoscopic,dermoscopic,Benign,NV,0,35.0,female,,train
ISIC_9474451,IL_5458528,clinical,clinical: close-up,Benign,VASC,0,45.0,male,upper extremity,train
ISIC_0662620,IL_5458528,dermoscopic,dermoscopic,Benign,VASC,0,45.0,male,upper extremity,train
ISIC_2150126,IL_5466304,clinical,clinical: close-up,Malignant,BCC,1,75.0,male,lower extremity,train
ISIC_2181594,IL_5466304,dermoscopic,dermoscopic,Malignant,BCC,1,75.0,male,lower extremity,train
ISIC_5420985,IL_5469172,clinical,clinical: close-up,Malignant,BCC,1,70.0,female,head/neck,train
ISIC_8042747,IL_5469172,dermoscopic,dermoscopic,Malignant,BCC,1,70.0,female,head/neck,train
ISIC_4011704,IL_5470919,clinical,clinical: close-up,Malignant,MEL,1,70.0,male,,train
ISIC_2867998,IL_5470919,dermoscopic,dermoscopic,Malignant,MEL,1,70.0,male,,train
ISIC_1126704,IL_5472522,clinical,clinical: close-up,Benign,BKL,0,45.0,female,lower extremity,train
ISIC_2822341,IL_5472522,dermoscopic,dermoscopic,Benign,BKL,0,45.0,female,lower extremity,train
ISIC_3628920,IL_5476058,clinical,clinical: close-up,Benign,BKL,0,75.0,male,,train
ISIC_6038213,IL_5476058,dermoscopic,dermoscopic,Benign,BKL,0,75.0,male,,train
ISIC_3736563,IL_5482289,clinical,clinical: close-up,Benign,DF,0,55.0,male,lower extremity,train
ISIC_3945933,IL_5482289,dermoscopic,dermoscopic,Benign,DF,0,55.0,male,lower extremity,train
ISIC_2790154,IL_5490327,clinical,clinical: close-up,Malignant,BCC,1,85.0,male,,train
ISIC_5634198,IL_5490327,dermoscopic,dermoscopic,Malignant,BCC,1,85.0,male,,train
ISIC_0506961,IL_5490605,clinical,clinical: close-up,Malignant,SCCKA,1,65.0,male,head/neck,train
ISIC_4425852,IL_5490605,dermoscopic,dermoscopic,Malignant,SCCKA,1,65.0,male,head/neck,train
ISIC_2070457,IL_5492781,clinical,clinical: close-up,Malignant,BCC,1,60.0,male,head/neck,train
ISIC_5938890,IL_5492781,dermoscopic,dermoscopic,Malignant,BCC,1,60.0,male,head/neck,train
ISIC_6070480,IL_5493547,clinical,clinical: close-up,Malignant,SCCKA,1,80.0,male,head/neck,train
ISIC_2902367,IL_5493547,dermoscopic,dermoscopic,Malignant,SCCKA,1,80.0,male,head/neck,train
ISIC_0833402,IL_5496114,clinical,clinical: close-up,Malignant,MEL,1,85.0,male,,train
ISIC_5629148,IL_5496114,dermoscopic,dermoscopic,Malignant,MEL,1,85.0,male,,train
ISIC_6422570,IL_5499388,clinical,clinical: close-up,Malignant,BCC,1,50.0,male,upper extremity,train
ISIC_1670166,IL_5499388,dermoscopic,dermoscopic,Malignant,BCC,1,50.0,male,upper extremity,train
ISIC_7236747,IL_5508020,clinical,clinical: close-up,Malignant,BCC,1,85.0,male,head/neck,train
ISIC_9549096,IL_5508020,dermoscopic,dermoscopic,Malignant,BCC,1,85.0,male,head/neck,train
ISIC_0923483,IL_5512123,clinical,clinical: close-up,Malignant,BCC,1,70.0,male,,train
ISIC_4939357,IL_5512123,dermoscopic,dermoscopic,Malignant,BCC,1,70.0,male,,train
ISIC_6513947,IL_5518223,clinical,clinical: close-up,Malignant,BCC,1,80.0,female,,train
ISIC_0835030,IL_5518223,dermoscopic,dermoscopic,Malignant,BCC,1,80.0,female,,train
ISIC_4420662,IL_5519397,clinical,clinical: close-up,Malignant,BCC,1,75.0,male,upper extremity,train
ISIC_8746740,IL_5519397,dermoscopic,dermoscopic,Malignant,BCC,1,75.0,male,upper extremity,train
ISIC_0707479,IL_5526388,clinical,clinical: close-up,Malignant,AKIEC,1,65.0,female,,train
ISIC_7957957,IL_5526388,dermoscopic,dermoscopic,Malignant,AKIEC,1,65.0,female,,train
ISIC_9422255,IL_5529051,clinical,clinical: close-up,Malignant,AKIEC,1,70.0,female,,train
ISIC_9661702,IL_5529051,dermoscopic,dermoscopic,Malignant,AKIEC,1,70.0,female,,train
ISIC_5680960,IL_5529544,clinical,clinical: close-up,Malignant,BCC,1,70.0,male,,train
ISIC_4691479,IL_5529544,dermoscopic,dermoscopic,Malignant,BCC,1,70.0,male,,train
ISIC_4467591,IL_5533204,clinical,clinical: close-up,Malignant,BCC,1,65.0,male,,train
ISIC_1741453,IL_5533204,dermoscopic,dermoscopic,Malignant,BCC,1,65.0,male,,train
ISIC_1992999,IL_5534064,clinical,clinical: close-up,Benign,NV,0,30.0,male,,train
ISIC_0907266,IL_5534064,dermoscopic,dermoscopic,Benign,NV,0,30.0,male,,train
ISIC_3411624,IL_5543989,clinical,clinical: close-up,Malignant,BCC,1,50.0,female,head/neck,train
ISIC_1714879,IL_5543989,dermoscopic,dermoscopic,Malignant,BCC,1,50.0,female,head/neck,train
ISIC_1355075,IL_5545955,clinical,clinical: close-up,Malignant,SCCKA,1,50.0,male,oral/genital,train
ISIC_0090512,IL_5545955,dermoscopic,dermoscopic,Malignant,SCCKA,1,50.0,male,oral/genital,train
ISIC_1435330,IL_5550587,clinical,clinical: close-up,Benign,NV,0,50.0,female,,train
ISIC_2525497,IL_5550587,dermoscopic,dermoscopic,Benign,NV,0,50.0,female,,train
ISIC_9310034,IL_5550773,clinical,clinical: close-up,Malignant,AKIEC,1,65.0,female,head/neck,train
ISIC_8620082,IL_5550773,dermoscopic,dermoscopic,Malignant,AKIEC,1,65.0,female,head/neck,train
ISIC_6433212,IL_5551611,clinical,clinical: close-up,Malignant,BCC,1,80.0,female,,train
ISIC_9476389,IL_5551611,dermoscopic,dermoscopic,Malignant,BCC,1,80.0,female,,train
ISIC_0292082,IL_5554236,clinical,clinical: close-up,Benign,BKL,0,50.0,male,,train
ISIC_5567558,IL_5554236,dermoscopic,dermoscopic,Benign,BKL,0,50.0,male,,train
ISIC_6006215,IL_5555237,clinical,clinical: close-up,Malignant,BCC,1,70.0,male,,train
ISIC_5638742,IL_5555237,dermoscopic,dermoscopic,Malignant,BCC,1,70.0,male,,train
ISIC_6829175,IL_5560445,clinical,clinical: close-up,Malignant,BCC,1,70.0,male,head/neck,train
ISIC_6845294,IL_5560445,dermoscopic,dermoscopic,Malignant,BCC,1,70.0,male,head/neck,train
ISIC_2891584,IL_5563241,clinical,clinical: close-up,Malignant,BCC,1,60.0,female,,train
ISIC_7610657,IL_5563241,dermoscopic,dermoscopic,Malignant,BCC,1,60.0,female,,train
ISIC_8545769,IL_5564093,clinical,clinical: close-up,Malignant,BCC,1,45.0,male,head/neck,train
ISIC_7315517,IL_5564093,dermoscopic,dermoscopic,Malignant,BCC,1,45.0,male,head/neck,train
ISIC_7571181,IL_5568661,clinical,clinical: close-up,Malignant,BCC,1,55.0,male,upper extremity,train
ISIC_1844559,IL_5568661,dermoscopic,dermoscopic,Malignant,BCC,1,55.0,male,upper extremity,train
ISIC_7746558,IL_5569419,clinical,clinical: close-up,Benign,BKL,0,60.0,male,lower extremity,train
ISIC_3865643,IL_5569419,dermoscopic,dermoscopic,Benign,BKL,0,60.0,male,lower extremity,train
ISIC_1974672,IL_5570821,clinical,clinical: close-up,Malignant,SCCKA,1,80.0,male,head/neck,train
ISIC_1837879,IL_5570821,dermoscopic,dermoscopic,Malignant,SCCKA,1,80.0,male,head/neck,train
ISIC_4683499,IL_5571355,clinical,clinical: close-up,Malignant,MEL,1,70.0,female,,train
ISIC_5442968,IL_5571355,dermoscopic,dermoscopic,Malignant,MEL,1,70.0,female,,train
ISIC_3784009,IL_5572496,clinical,clinical: close-up,Benign,NV,0,40.0,male,,train
ISIC_7261168,IL_5572496,dermoscopic,dermoscopic,Benign,NV,0,40.0,male,,train
ISIC_7363553,IL_5574857,clinical,clinical: close-up,Benign,NV,0,,female,,train
ISIC_0167803,IL_5574857,dermoscopic,dermoscopic,Benign,NV,0,,female,,train
ISIC_5060422,IL_5575063,clinical,clinical: close-up,Benign,BKL,0,70.0,male,head/neck,train
ISIC_1603122,IL_5575063,dermoscopic,dermoscopic,Benign,BKL,0,70.0,male,head/neck,train
ISIC_7345955,IL_5576259,clinical,clinical: close-up,Malignant,BCC,1,60.0,female,upper extremity,train
ISIC_6831651,IL_5576259,dermoscopic,dermoscopic,Malignant,BCC,1,60.0,female,upper extremity,train
ISIC_7179957,IL_5576993,clinical,clinical: close-up,Benign,NV,0,70.0,male,,train
ISIC_8698177,IL_5576993,dermoscopic,dermoscopic,Benign,NV,0,70.0,male,,train
ISIC_2624256,IL_5579945,clinical,clinical: close-up,Malignant,BCC,1,60.0,female,lower extremity,train
ISIC_4957929,IL_5579945,dermoscopic,dermoscopic,Malignant,BCC,1,60.0,female,lower extremity,train
ISIC_2371823,IL_5584867,clinical,clinical: close-up,Malignant,SCCKA,1,40.0,female,upper extremity,train
ISIC_1335240,IL_5584867,dermoscopic,dermoscopic,Malignant,SCCKA,1,40.0,female,upper extremity,train
ISIC_8984287,IL_5587633,clinical,clinical: close-up,Malignant,BCC,1,85.0,male,,train
ISIC_8420285,IL_5587633,dermoscopic,dermoscopic,Malignant,BCC,1,85.0,male,,train
ISIC_2431328,IL_5590663,clinical,clinical: close-up,Malignant,BCC,1,60.0,male,,train
ISIC_2232926,IL_5590663,dermoscopic,dermoscopic,Malignant,BCC,1,60.0,male,,train
ISIC_4564652,IL_5592337,clinical,clinical: close-up,Malignant,AKIEC,1,75.0,male,upper extremity,train
ISIC_1083704,IL_5592337,dermoscopic,dermoscopic,Malignant,AKIEC,1,75.0,male,upper extremity,train
ISIC_1996268,IL_5600470,clinical,clinical: close-up,Benign,BKL,0,45.0,male,,train
ISIC_3446046,IL_5600470,dermoscopic,dermoscopic,Benign,BKL,0,45.0,male,,train
ISIC_3243335,IL_5601775,clinical,clinical: close-up,Malignant,BCC,1,75.0,male,lower extremity,train
ISIC_4713403,IL_5601775,dermoscopic,dermoscopic,Malignant,BCC,1,75.0,male,lower extremity,train
ISIC_2343962,IL_5604150,clinical,clinical: close-up,Malignant,SCCKA,1,70.0,male,,train
ISIC_5566852,IL_5604150,dermoscopic,dermoscopic,Malignant,SCCKA,1,70.0,male,,train
ISIC_4960098,IL_5606298,clinical,clinical: close-up,Benign,BKL,0,70.0,male,,train
ISIC_1393721,IL_5606298,dermoscopic,dermoscopic,Benign,BKL,0,70.0,male,,train
ISIC_5167204,IL_5607525,clinical,clinical: close-up,Malignant,BCC,1,60.0,male,,train
ISIC_5671567,IL_5607525,dermoscopic,dermoscopic,Malignant,BCC,1,60.0,male,,train
ISIC_6038047,IL_5608215,clinical,clinical: close-up,Malignant,MEL,1,50.0,male,,train
ISIC_7902497,IL_5608215,dermoscopic,dermoscopic,Malignant,MEL,1,50.0,male,,train
ISIC_7434007,IL_5610769,clinical,clinical: close-up,Malignant,SCCKA,1,70.0,male,upper extremity,train
ISIC_5833236,IL_5610769,dermoscopic,dermoscopic,Malignant,SCCKA,1,70.0,male,upper extremity,train
ISIC_1727258,IL_5614486,clinical,clinical: close-up,Malignant,BCC,1,85.0,male,,train
ISIC_2740604,IL_5614486,dermoscopic,dermoscopic,Malignant,BCC,1,85.0,male,,train
ISIC_2056292,IL_5619918,clinical,clinical: close-up,Malignant,BCC,1,65.0,male,lower extremity,train
ISIC_1133187,IL_5619918,dermoscopic,dermoscopic,Malignant,BCC,1,65.0,male,lower extremity,train
ISIC_4271987,IL_5620268,clinical,clinical: close-up,Malignant,BCC,1,70.0,male,head/neck,train
ISIC_6907436,IL_5620268,dermoscopic,dermoscopic,Malignant,BCC,1,70.0,male,head/neck,train
ISIC_0592812,IL_5623343,clinical,clinical: close-up,Benign,BEN_OTH,0,55.0,female,,train
ISIC_0339191,IL_5623343,dermoscopic,dermoscopic,Benign,BEN_OTH,0,55.0,female,,train
ISIC_8868188,IL_5625816,clinical,clinical: close-up,Benign,BKL,0,70.0,female,lower extremity,train
ISIC_4877797,IL_5625816,dermoscopic,dermoscopic,Benign,BKL,0,70.0,female,lower extremity,train
ISIC_4523157,IL_5627565,clinical,clinical: close-up,Malignant,BCC,1,75.0,female,,train
ISIC_3197377,IL_5627565,dermoscopic,dermoscopic,Malignant,BCC,1,75.0,female,,train
ISIC_6593403,IL_5655244,clinical,clinical: close-up,Benign,NV,0,50.0,male,lower extremity,train
ISIC_5157495,IL_5655244,dermoscopic,dermoscopic,Benign,NV,0,50.0,male,lower extremity,train
ISIC_7185462,IL_5657022,clinical,clinical: close-up,Malignant,BCC,1,65.0,male,head/neck,train
ISIC_5657346,IL_5657022,dermoscopic,dermoscopic,Malignant,BCC,1,65.0,male,head/neck,train
ISIC_5084798,IL_5661640,clinical,clinical: close-up,Malignant,BCC,1,75.0,male,head/neck,train
ISIC_3250692,IL_5661640,dermoscopic,dermoscopic,Malignant,BCC,1,75.0,male,head/neck,train
ISIC_0411208,IL_5666618,clinical,clinical: close-up,Malignant,MEL,1,70.0,female,lower extremity,train
ISIC_8653825,IL_5666618,dermoscopic,dermoscopic,Malignant,MEL,1,70.0,female,lower extremity,train
ISIC_3436899,IL_5672522,clinical,clinical: close-up,Malignant,BCC,1,60.0,female,lower extremity,train
ISIC_5142210,IL_5672522,dermoscopic,dermoscopic,Malignant,BCC,1,60.0,female,lower extremity,train
ISIC_9209368,IL_5673593,clinical,clinical: close-up,Malignant,MEL,1,35.0,female,,train
ISIC_9384345,IL_5673593,dermoscopic,dermoscopic,Malignant,MEL,1,35.0,female,,train
ISIC_3735485,IL_5675707,clinical,clinical: close-up,Benign,NV,0,35.0,female,upper extremity,train
ISIC_2546925,IL_5675707,dermoscopic,dermoscopic,Benign,NV,0,35.0,female,upper extremity,train
ISIC_7070121,IL_5675821,clinical,clinical: close-up,Benign,NV,0,35.0,male,,train
ISIC_4116005,IL_5675821,dermoscopic,dermoscopic,Benign,NV,0,35.0,male,,train
ISIC_6313303,IL_5684831,clinical,clinical: close-up,Malignant,BCC,1,55.0,male,lower extremity,train
ISIC_2311853,IL_5684831,dermoscopic,dermoscopic,Malignant,BCC,1,55.0,male,lower extremity,train
ISIC_6773425,IL_5690254,clinical,clinical: close-up,Malignant,BCC,1,70.0,male,lower extremity,train
ISIC_7526819,IL_5690254,dermoscopic,dermoscopic,Malignant,BCC,1,70.0,male,lower extremity,train
ISIC_7151709,IL_5691160,clinical,clinical: close-up,Malignant,BCC,1,55.0,male,,train
ISIC_5436116,IL_5691160,dermoscopic,dermoscopic,Malignant,BCC,1,55.0,male,,train
ISIC_4033538,IL_5697539,clinical,clinical: close-up,Indeterminate,AKIEC,1,55.0,male,head/neck,train
ISIC_7198657,IL_5697539,dermoscopic,dermoscopic,Indeterminate,AKIEC,1,55.0,male,head/neck,train
ISIC_6548664,IL_5699716,clinical,clinical: close-up,Benign,BKL,0,40.0,male,,train
ISIC_4184819,IL_5699716,dermoscopic,dermoscopic,Benign,BKL,0,40.0,male,,train
ISIC_4542447,IL_5700109,clinical,clinical: close-up,Malignant,SCCKA,1,85.0,male,upper extremity,train
ISIC_4681024,IL_5700109,dermoscopic,dermoscopic,Malignant,SCCKA,1,85.0,male,upper extremity,train
ISIC_8349783,IL_5708642,clinical,clinical: close-up,Malignant,SCCKA,1,70.0,female,upper extremity,train
ISIC_9159202,IL_5708642,dermoscopic,dermoscopic,Malignant,SCCKA,1,70.0,female,upper extremity,train
ISIC_0326699,IL_5708693,clinical,clinical: close-up,Malignant,BCC,1,75.0,male,head/neck,train
ISIC_7589454,IL_5708693,dermoscopic,dermoscopic,Malignant,BCC,1,75.0,male,head/neck,train
ISIC_2874145,IL_5709126,clinical,clinical: close-up,Malignant,BCC,1,75.0,male,,train
ISIC_9399711,IL_5709126,dermoscopic,dermoscopic,Malignant,BCC,1,75.0,male,,train
ISIC_5223774,IL_5709842,clinical,clinical: close-up,Benign,NV,0,35.0,female,,train
ISIC_8002362,IL_5709842,dermoscopic,dermoscopic,Benign,NV,0,35.0,female,,train
ISIC_7459629,IL_5720105,clinical,clinical: close-up,Malignant,MEL,1,60.0,female,,train
ISIC_6881589,IL_5720105,dermoscopic,dermoscopic,Malignant,MEL,1,60.0,female,,train
ISIC_6487282,IL_5722759,clinical,clinical: close-up,Malignant,BCC,1,80.0,female,head/neck,train
ISIC_3178939,IL_5722759,dermoscopic,dermoscopic,Malignant,BCC,1,80.0,female,head/neck,train
ISIC_9642927,IL_5725802,clinical,clinical: close-up,Benign,NV,0,55.0,male,lower extremity,train
ISIC_2961262,IL_5725802,dermoscopic,dermoscopic,Benign,NV,0,55.0,male,lower extremity,train
ISIC_7662628,IL_5732372,clinical,clinical: close-up,Malignant,BCC,1,60.0,male,,train
ISIC_2990629,IL_5732372,dermoscopic,dermoscopic,Malignant,BCC,1,60.0,male,,train
ISIC_2226996,IL_5733908,clinical,clinical: close-up,Malignant,MEL,1,35.0,female,head/neck,train
ISIC_2843665,IL_5733908,dermoscopic,dermoscopic,Malignant,MEL,1,35.0,female,head/neck,train
ISIC_5111361,IL_5738134,clinical,clinical: close-up,Malignant,BCC,1,85.0,male,head/neck,train
ISIC_6642031,IL_5738134,dermoscopic,dermoscopic,Malignant,BCC,1,85.0,male,head/neck,train
ISIC_7034446,IL_5744385,clinical,clinical: close-up,Benign,BKL,0,80.0,male,head/neck,train
ISIC_3825679,IL_5744385,dermoscopic,dermoscopic,Benign,BKL,0,80.0,male,head/neck,train
ISIC_8733906,IL_5749341,clinical,clinical: close-up,Benign,NV,0,65.0,female,,train
ISIC_1419820,IL_5749341,dermoscopic,dermoscopic,Benign,NV,0,65.0,female,,train
ISIC_0377749,IL_5750100,clinical,clinical: close-up,Malignant,BCC,1,70.0,male,,train
ISIC_9001368,IL_5750100,dermoscopic,dermoscopic,Malignant,BCC,1,70.0,male,,train
ISIC_0990706,IL_5755884,clinical,clinical: close-up,Benign,BKL,0,80.0,male,head/neck,train
ISIC_4063953,IL_5755884,dermoscopic,dermoscopic,Benign,BKL,0,80.0,male,head/neck,train
ISIC_9759381,IL_5759496,clinical,clinical: close-up,Malignant,AKIEC,1,65.0,female,upper extremity,train
ISIC_5413870,IL_5759496,dermoscopic,dermoscopic,Malignant,AKIEC,1,65.0,female,upper extremity,train
ISIC_2968192,IL_5762747,clinical,clinical: close-up,Malignant,BCC,1,50.0,male,lower extremity,train
ISIC_8381606,IL_5762747,dermoscopic,dermoscopic,Malignant,BCC,1,50.0,male,lower extremity,train
ISIC_9786685,IL_5764596,clinical,clinical: close-up,Malignant,BCC,1,45.0,female,lower extremity,train
ISIC_7537434,IL_5764596,dermoscopic,dermoscopic,Malignant,BCC,1,45.0,female,lower extremity,train
ISIC_5407200,IL_5766424,clinical,clinical: close-up,Benign,NV,0,10.0,female,lower extremity,train
ISIC_0373826,IL_5766424,dermoscopic,dermoscopic,Benign,NV,0,10.0,female,lower extremity,train
ISIC_6995667,IL_5766426,clinical,clinical: close-up,Malignant,MEL,1,50.0,female,,train
ISIC_7450231,IL_5766426,dermoscopic,dermoscopic,Malignant,MEL,1,50.0,female,,train
ISIC_5660758,IL_5766493,clinical,clinical: close-up,Malignant,BCC,1,70.0,male,head/neck,train
ISIC_2122841,IL_5766493,dermoscopic,dermoscopic,Malignant,BCC,1,70.0,male,head/neck,train
ISIC_3981334,IL_5769609,clinical,clinical: close-up,Malignant,BCC,1,70.0,female,lower extremity,train
ISIC_0610035,IL_5769609,dermoscopic,dermoscopic,Malignant,BCC,1,70.0,female,lower extremity,train
ISIC_3024107,IL_5770532,clinical,clinical: close-up,Benign,NV,0,50.0,female,head/neck,train
ISIC_2205902,IL_5770532,dermoscopic,dermoscopic,Benign,NV,0,50.0,female,head/neck,train
ISIC_7256290,IL_5770748,clinical,clinical: close-up,Malignant,BCC,1,70.0,male,lower extremity,train
ISIC_7775074,IL_5770748,dermoscopic,dermoscopic,Malignant,BCC,1,70.0,male,lower extremity,train
ISIC_2127182,IL_5775257,clinical,clinical: close-up,Malignant,SCCKA,1,75.0,female,lower extremity,train
ISIC_4440119,IL_5775257,dermoscopic,dermoscopic,Malignant,SCCKA,1,75.0,female,lower extremity,train
ISIC_8508919,IL_5779680,clinical,clinical: close-up,Malignant,BCC,1,70.0,male,,train
ISIC_4351882,IL_5779680,dermoscopic,dermoscopic,Malignant,BCC,1,70.0,male,,train
ISIC_7294780,IL_5780931,clinical,clinical: close-up,Benign,NV,0,40.0,male,,train
ISIC_9519122,IL_5780931,dermoscopic,dermoscopic,Benign,NV,0,40.0,male,,train
ISIC_3428455,IL_5782288,clinical,clinical: close-up,Malignant,AKIEC,1,85.0,male,head/neck,train
ISIC_9566444,IL_5782288,dermoscopic,dermoscopic,Malignant,AKIEC,1,85.0,male,head/neck,train
ISIC_0784089,IL_5784432,clinical,clinical: close-up,Malignant,BCC,1,75.0,male,,train
ISIC_0802543,IL_5784432,dermoscopic,dermoscopic,Malignant,BCC,1,75.0,male,,train
ISIC_0584164,IL_5790103,clinical,clinical: close-up,Malignant,BCC,1,70.0,male,,train
ISIC_5832081,IL_5790103,dermoscopic,dermoscopic,Malignant,BCC,1,70.0,male,,train
ISIC_6753928,IL_5793339,clinical,clinical: close-up,Malignant,BCC,1,60.0,male,,train
ISIC_9093424,IL_5793339,dermoscopic,dermoscopic,Malignant,BCC,1,60.0,male,,train
ISIC_0674586,IL_5798814,clinical,clinical: close-up,Benign,NV,0,40.0,male,,train
ISIC_2855242,IL_5798814,dermoscopic,dermoscopic,Benign,NV,0,40.0,male,,train
ISIC_8984053,IL_5799605,clinical,clinical: close-up,Malignant,BCC,1,60.0,male,,train
ISIC_0731364,IL_5799605,dermoscopic,dermoscopic,Malignant,BCC,1,60.0,male,,train
ISIC_8720890,IL_5802153,clinical,clinical: close-up,Malignant,AKIEC,1,65.0,male,head/neck,train
ISIC_9929733,IL_5802153,dermoscopic,dermoscopic,Malignant,AKIEC,1,65.0,male,head/neck,train
ISIC_6838452,IL_5805980,clinical,clinical: close-up,Malignant,BCC,1,80.0,male,,train
ISIC_7882033,IL_5805980,dermoscopic,dermoscopic,Malignant,BCC,1,80.0,male,,train
ISIC_8776447,IL_5809749,clinical,clinical: close-up,Malignant,BCC,1,65.0,male,upper extremity,train
ISIC_6093126,IL_5809749,dermoscopic,dermoscopic,Malignant,BCC,1,65.0,male,upper extremity,train
ISIC_5741122,IL_5811280,clinical,clinical: close-up,Malignant,BCC,1,70.0,female,head/neck,train
ISIC_7215858,IL_5811280,dermoscopic,dermoscopic,Malignant,BCC,1,70.0,female,head/neck,train
ISIC_8646764,IL_5812139,clinical,clinical: close-up,Malignant,MEL,1,45.0,male,,train
ISIC_5511054,IL_5812139,dermoscopic,dermoscopic,Malignant,MEL,1,45.0,male,,train
ISIC_3740979,IL_5816331,clinical,clinical: close-up,Benign,NV,0,60.0,male,lower extremity,train
ISIC_8253705,IL_5816331,dermoscopic,dermoscopic,Benign,NV,0,60.0,male,lower extremity,train
ISIC_0657349,IL_5816419,clinical,clinical: close-up,Benign,NV,0,35.0,female,,train
ISIC_8257972,IL_5816419,dermoscopic,dermoscopic,Benign,NV,0,35.0,female,,train
ISIC_2021937,IL_5818163,clinical,clinical: close-up,Malignant,AKIEC,1,50.0,male,head/neck,train
ISIC_5376495,IL_5818163,dermoscopic,dermoscopic,Malignant,AKIEC,1,50.0,male,head/neck,train
ISIC_6250101,IL_5818628,clinical,clinical: close-up,Malignant,BCC,1,80.0,male,lower extremity,train
ISIC_1129613,IL_5818628,dermoscopic,dermoscopic,Malignant,BCC,1,80.0,male,lower extremity,train
ISIC_3388002,IL_5821357,clinical,clinical: close-up,Benign,BKL,0,55.0,male,head/neck,train
ISIC_0848694,IL_5821357,dermoscopic,dermoscopic,Benign,BKL,0,55.0,male,head/neck,train
ISIC_4733745,IL_5823414,clinical,clinical: close-up,Benign,BKL,0,85.0,male,head/neck,train
ISIC_4613268,IL_5823414,dermoscopic,dermoscopic,Benign,BKL,0,85.0,male,head/neck,train
ISIC_4156387,IL_5827394,clinical,clinical: close-up,Malignant,SCCKA,1,75.0,male,head/neck,train
ISIC_8960889,IL_5827394,dermoscopic,dermoscopic,Malignant,SCCKA,1,75.0,male,head/neck,train
ISIC_1403022,IL_5827688,clinical,clinical: close-up,Benign,BKL,0,30.0,female,lower extremity,train
ISIC_8643100,IL_5827688,dermoscopic,dermoscopic,Benign,BKL,0,30.0,female,lower extremity,train
ISIC_0506930,IL_5829281,clinical,clinical: close-up,Malignant,BCC,1,65.0,female,lower extremity,train
ISIC_3537131,IL_5829281,dermoscopic,dermoscopic,Malignant,BCC,1,65.0,female,lower extremity,train
ISIC_7853005,IL_5832874,clinical,clinical: close-up,Malignant,SCCKA,1,80.0,male,upper extremity,train
ISIC_2906273,IL_5832874,dermoscopic,dermoscopic,Malignant,SCCKA,1,80.0,male,upper extremity,train
ISIC_0885646,IL_5834228,clinical,clinical: close-up,Malignant,BCC,1,70.0,female,lower extremity,train
ISIC_2524673,IL_5834228,dermoscopic,dermoscopic,Malignant,BCC,1,70.0,female,lower extremity,train
ISIC_8278794,IL_5835931,clinical,clinical: close-up,Malignant,BCC,1,55.0,male,,train
ISIC_3277541,IL_5835931,dermoscopic,dermoscopic,Malignant,BCC,1,55.0,male,,train
ISIC_2738967,IL_5836381,clinical,clinical: close-up,Malignant,BCC,1,70.0,male,,train
ISIC_7204645,IL_5836381,dermoscopic,dermoscopic,Malignant,BCC,1,70.0,male,,train
ISIC_6110952,IL_5839734,clinical,clinical: close-up,Malignant,SCCKA,1,85.0,male,head/neck,train
ISIC_0709199,IL_5839734,dermoscopic,dermoscopic,Malignant,SCCKA,1,85.0,male,head/neck,train
ISIC_1593079,IL_5842148,clinical,clinical: close-up,Benign,NV,0,85.0,male,,train
ISIC_2348795,IL_5842148,dermoscopic,dermoscopic,Benign,NV,0,85.0,male,,train
ISIC_9420991,IL_5842745,clinical,clinical: close-up,Malignant,AKIEC,1,60.0,male,,train
ISIC_3627147,IL_5842745,dermoscopic,dermoscopic,Malignant,AKIEC,1,60.0,male,,train
ISIC_1849076,IL_5844745,clinical,clinical: close-up,Malignant,MEL,1,85.0,male,,train
ISIC_7682533,IL_5844745,dermoscopic,dermoscopic,Malignant,MEL,1,85.0,male,,train
ISIC_2911796,IL_5846889,clinical,clinical: close-up,Malignant,BCC,1,70.0,male,head/neck,train
ISIC_4716627,IL_5846889,dermoscopic,dermoscopic,Malignant,BCC,1,70.0,male,head/neck,train
ISIC_8899246,IL_5848004,clinical,clinical: close-up,Benign,NV,0,50.0,female,,train
ISIC_3372650,IL_5848004,dermoscopic,dermoscopic,Benign,NV,0,50.0,female,,train
ISIC_2111264,IL_5853973,clinical,clinical: close-up,Malignant,BCC,1,50.0,male,,train
ISIC_2740122,IL_5853973,dermoscopic,dermoscopic,Malignant,BCC,1,50.0,male,,train
ISIC_3515789,IL_5857209,clinical,clinical: close-up,Benign,NV,0,30.0,male,,train
ISIC_1552276,IL_5857209,dermoscopic,dermoscopic,Benign,NV,0,30.0,male,,train
ISIC_2156824,IL_5857700,clinical,clinical: close-up,Malignant,SCCKA,1,75.0,female,head/neck,train
ISIC_3023198,IL_5857700,dermoscopic,dermoscopic,Malignant,SCCKA,1,75.0,female,head/neck,train
ISIC_2834466,IL_5858083,clinical,clinical: close-up,Malignant,BCC,1,80.0,male,head/neck,train
ISIC_0379668,IL_5858083,dermoscopic,dermoscopic,Malignant,BCC,1,80.0,male,head/neck,train
ISIC_4017835,IL_5858663,clinical,clinical: close-up,Malignant,AKIEC,1,70.0,female,,train
ISIC_6022197,IL_5858663,dermoscopic,dermoscopic,Malignant,AKIEC,1,70.0,female,,train
ISIC_8520875,IL_5866168,clinical,clinical: close-up,Malignant,MEL,1,30.0,male,,train
ISIC_8362681,IL_5866168,dermoscopic,dermoscopic,Malignant,MEL,1,30.0,male,,train
ISIC_9470013,IL_5867572,clinical,clinical: close-up,Malignant,BCC,1,40.0,female,upper extremity,train
ISIC_1119886,IL_5867572,dermoscopic,dermoscopic,Malignant,BCC,1,40.0,female,upper extremity,train
ISIC_6178342,IL_5870575,clinical,clinical: close-up,Malignant,BCC,1,65.0,male,lower extremity,train
ISIC_6698922,IL_5870575,dermoscopic,dermoscopic,Malignant,BCC,1,65.0,male,lower extremity,train
ISIC_3696217,IL_5874088,clinical,clinical: close-up,Malignant,BCC,1,75.0,female,upper extremity,train
ISIC_6078907,IL_5874088,dermoscopic,dermoscopic,Malignant,BCC,1,75.0,female,upper extremity,train
ISIC_0612725,IL_5880006,clinical,clinical: close-up,Malignant,SCCKA,1,65.0,female,head/neck,train
ISIC_0547517,IL_5880006,dermoscopic,dermoscopic,Malignant,SCCKA,1,65.0,female,head/neck,train
ISIC_0138768,IL_5885697,clinical,clinical: close-up,Benign,BKL,0,50.0,female,lower extremity,train
ISIC_1244447,IL_5885697,dermoscopic,dermoscopic,Benign,BKL,0,50.0,female,lower extremity,train
ISIC_0498304,IL_5890338,clinical,clinical: close-up,Malignant,BCC,1,85.0,male,,train
ISIC_5814193,IL_5890338,dermoscopic,dermoscopic,Malignant,BCC,1,85.0,male,,train
ISIC_5552185,IL_5890474,clinical,clinical: close-up,Malignant,BCC,1,70.0,female,lower extremity,train
ISIC_3372353,IL_5890474,dermoscopic,dermoscopic,Malignant,BCC,1,70.0,female,lower extremity,train
ISIC_3018802,IL_5896465,clinical,clinical: close-up,Malignant,SCCKA,1,75.0,male,head/neck,train
ISIC_6863789,IL_5896465,dermoscopic,dermoscopic,Malignant,SCCKA,1,75.0,male,head/neck,train
ISIC_9704742,IL_5897108,clinical,clinical: close-up,Malignant,BCC,1,75.0,female,head/neck,train
ISIC_5659521,IL_5897108,dermoscopic,dermoscopic,Malignant,BCC,1,75.0,female,head/neck,train
ISIC_9460407,IL_5910352,clinical,clinical: close-up,Malignant,BCC,1,65.0,male,,train
ISIC_0368554,IL_5910352,dermoscopic,dermoscopic,Malignant,BCC,1,65.0,male,,train
ISIC_9894744,IL_5911154,clinical,clinical: close-up,Malignant,BCC,1,80.0,male,head/neck,train
ISIC_4523106,IL_5911154,dermoscopic,dermoscopic,Malignant,BCC,1,80.0,male,head/neck,train
ISIC_8112445,IL_5914745,clinical,clinical: close-up,Malignant,BCC,1,45.0,female,,train
ISIC_4275923,IL_5914745,dermoscopic,dermoscopic,Malignant,BCC,1,45.0,female,,train
ISIC_8810193,IL_5916541,clinical,clinical: close-up,Malignant,MEL,1,45.0,female,,train
ISIC_7472087,IL_5916541,dermoscopic,dermoscopic,Malignant,MEL,1,45.0,female,,train
ISIC_9198446,IL_5917999,clinical,clinical: close-up,Benign,NV,0,5.0,female,lower extremity,train
ISIC_4432152,IL_5917999,dermoscopic,dermoscopic,Benign,NV,0,5.0,female,lower extremity,train
ISIC_9336484,IL_5922300,clinical,clinical: close-up,Malignant,BCC,1,70.0,male,,train
ISIC_8556393,IL_5922300,dermoscopic,dermoscopic,Malignant,BCC,1,70.0,male,,train
ISIC_4330850,IL_5924727,clinical,clinical: close-up,Benign,BKL,0,70.0,male,head/neck,train
ISIC_4505155,IL_5924727,dermoscopic,dermoscopic,Benign,BKL,0,70.0,male,head/neck,train
ISIC_4837156,IL_5926277,clinical,clinical: close-up,Malignant,BCC,1,75.0,male,upper extremity,train
ISIC_8839494,IL_5926277,dermoscopic,dermoscopic,Malignant,BCC,1,75.0,male,upper extremity,train
ISIC_5116537,IL_5928623,clinical,clinical: close-up,Benign,BKL,0,60.0,male,head/neck,train
ISIC_2633032,IL_5928623,dermoscopic,dermoscopic,Benign,BKL,0,60.0,male,head/neck,train
ISIC_8202730,IL_5930437,clinical,clinical: close-up,Benign,NV,0,30.0,female,lower extremity,train
ISIC_2106139,IL_5930437,dermoscopic,dermoscopic,Benign,NV,0,30.0,female,lower extremity,train
ISIC_7542892,IL_5931575,clinical,clinical: close-up,Malignant,BCC,1,75.0,female,upper extremity,train
ISIC_2669811,IL_5931575,dermoscopic,dermoscopic,Malignant,BCC,1,75.0,female,upper extremity,train
ISIC_0990979,IL_5940346,clinical,clinical: close-up,Malignant,BCC,1,60.0,male,lower extremity,train
ISIC_2376934,IL_5940346,dermoscopic,dermoscopic,Malignant,BCC,1,60.0,male,lower extremity,train
ISIC_1448081,IL_5941345,clinical,clinical: close-up,Malignant,BCC,1,75.0,female,,train
ISIC_9140582,IL_5941345,dermoscopic,dermoscopic,Malignant,BCC,1,75.0,female,,train
ISIC_1580971,IL_5941947,clinical,clinical: close-up,Malignant,MEL,1,55.0,male,head/neck,train
ISIC_1801591,IL_5941947,dermoscopic,dermoscopic,Malignant,MEL,1,55.0,male,head/neck,train
ISIC_1598653,IL_5945948,clinical,clinical: close-up,Malignant,SCCKA,1,65.0,male,lower extremity,train
ISIC_5986238,IL_5945948,dermoscopic,dermoscopic,Malignant,SCCKA,1,65.0,male,lower extremity,train
ISIC_2059897,IL_5946581,clinical,clinical: close-up,Malignant,BCC,1,75.0,female,head/neck,train
ISIC_8613265,IL_5946581,dermoscopic,dermoscopic,Malignant,BCC,1,75.0,female,head/neck,train
ISIC_3952676,IL_5947209,clinical,clinical: close-up,Malignant,BCC,1,60.0,female,head/neck,train
ISIC_1906835,IL_5947209,dermoscopic,dermoscopic,Malignant,BCC,1,60.0,female,head/neck,train
ISIC_0512778,IL_5952880,clinical,clinical: close-up,Benign,NV,0,35.0,female,,train
ISIC_7989369,IL_5952880,dermoscopic,dermoscopic,Benign,NV,0,35.0,female,,train
ISIC_0471652,IL_5953610,clinical,clinical: close-up,Benign,BKL,0,60.0,female,lower extremity,train
ISIC_2302491,IL_5953610,dermoscopic,dermoscopic,Benign,BKL,0,60.0,female,lower extremity,train
ISIC_0513234,IL_5954989,clinical,clinical: close-up,Malignant,SCCKA,1,80.0,female,lower extremity,train
ISIC_1376673,IL_5954989,dermoscopic,dermoscopic,Malignant,SCCKA,1,80.0,female,lower extremity,train
ISIC_9443293,IL_5959833,clinical,clinical: close-up,Malignant,BCC,1,70.0,male,,train
ISIC_8452965,IL_5959833,dermoscopic,dermoscopic,Malignant,BCC,1,70.0,male,,train
ISIC_6183115,IL_5963960,clinical,clinical: close-up,Malignant,BCC,1,65.0,male,head/neck,train
ISIC_0962183,IL_5963960,dermoscopic,dermoscopic,Malignant,BCC,1,65.0,male,head/neck,train
ISIC_6135860,IL_5970079,clinical,clinical: close-up,Malignant,SCCKA,1,55.0,male,head/neck,train
ISIC_3420711,IL_5970079,dermoscopic,dermoscopic,Malignant,SCCKA,1,55.0,male,head/neck,train
ISIC_1952689,IL_5974480,clinical,clinical: close-up,Malignant,BCC,1,65.0,female,head/neck,train
ISIC_8431346,IL_5974480,dermoscopic,dermoscopic,Malignant,BCC,1,65.0,female,head/neck,train
ISIC_6996440,IL_5979205,clinical,clinical: close-up,Benign,NV,0,45.0,male,,train
ISIC_3006692,IL_5979205,dermoscopic,dermoscopic,Benign,NV,0,45.0,male,,train
ISIC_6823624,IL_5982008,clinical,clinical: close-up,Malignant,BCC,1,45.0,male,,train
ISIC_5484742,IL_5982008,dermoscopic,dermoscopic,Malignant,BCC,1,45.0,male,,train
ISIC_6008036,IL_5987346,clinical,clinical: close-up,Malignant,BCC,1,55.0,male,,train
ISIC_2603915,IL_5987346,dermoscopic,dermoscopic,Malignant,BCC,1,55.0,male,,train
ISIC_8104170,IL_5993994,clinical,clinical: close-up,Malignant,BCC,1,85.0,female,lower extremity,train
ISIC_2921430,IL_5993994,dermoscopic,dermoscopic,Malignant,BCC,1,85.0,female,lower extremity,train
ISIC_9770798,IL_5996475,clinical,clinical: close-up,Malignant,MEL,1,35.0,female,,train
ISIC_9186111,IL_5996475,dermoscopic,dermoscopic,Malignant,MEL,1,35.0,female,,train
ISIC_9762915,IL_6003342,clinical,clinical: close-up,Benign,BKL,0,65.0,male,head/neck,train
ISIC_5312126,IL_6003342,dermoscopic,dermoscopic,Benign,BKL,0,65.0,male,head/neck,train
ISIC_8033561,IL_6003876,clinical,clinical: close-up,Malignant,BCC,1,85.0,female,head/neck,train
ISIC_3548770,IL_6003876,dermoscopic,dermoscopic,Malignant,BCC,1,85.0,female,head/neck,train
ISIC_1828118,IL_6004651,clinical,clinical: close-up,Malignant,BCC,1,65.0,male,,train
ISIC_2283635,IL_6004651,dermoscopic,dermoscopic,Malignant,BCC,1,65.0,male,,train
ISIC_0307003,IL_6004998,clinical,clinical: close-up,Benign,INF,0,40.0,male,head/neck,train
ISIC_2888616,IL_6004998,dermoscopic,dermoscopic,Benign,INF,0,40.0,male,head/neck,train
ISIC_7046064,IL_6007354,clinical,clinical: close-up,Benign,BKL,0,75.0,female,head/neck,train
ISIC_8554994,IL_6007354,dermoscopic,dermoscopic,Benign,BKL,0,75.0,female,head/neck,train
ISIC_6214078,IL_6007909,clinical,clinical: close-up,Benign,BKL,0,60.0,female,lower extremity,train
ISIC_1090300,IL_6007909,dermoscopic,dermoscopic,Benign,BKL,0,60.0,female,lower extremity,train
ISIC_5913999,IL_6008739,clinical,clinical: close-up,Malignant,BCC,1,75.0,male,upper extremity,train
ISIC_1061716,IL_6008739,dermoscopic,dermoscopic,Malignant,BCC,1,75.0,male,upper extremity,train
ISIC_4476901,IL_6011265,clinical,clinical: close-up,Malignant,BCC,1,60.0,male,,train
ISIC_0477999,IL_6011265,dermoscopic,dermoscopic,Malignant,BCC,1,60.0,male,,train
ISIC_3838940,IL_6014318,clinical,clinical: close-up,Malignant,BCC,1,70.0,female,,train
ISIC_9053541,IL_6014318,dermoscopic,dermoscopic,Malignant,BCC,1,70.0,female,,train
ISIC_0423080,IL_6019192,clinical,clinical: close-up,Malignant,MEL,1,40.0,female,,train
ISIC_2267440,IL_6019192,dermoscopic,dermoscopic,Malignant,MEL,1,40.0,female,,train
ISIC_0906065,IL_6021116,clinical,clinical: close-up,Malignant,BCC,1,45.0,female,upper extremity,train
ISIC_9892179,IL_6021116,dermoscopic,dermoscopic,Malignant,BCC,1,45.0,female,upper extremity,train
ISIC_9212791,IL_6021149,clinical,clinical: close-up,Malignant,BCC,1,75.0,male,,train
ISIC_3946401,IL_6021149,dermoscopic,dermoscopic,Malignant,BCC,1,75.0,male,,train
ISIC_0398312,IL_6024093,clinical,clinical: close-up,Malignant,BCC,1,80.0,female,lower extremity,train
ISIC_5426572,IL_6024093,dermoscopic,dermoscopic,Malignant,BCC,1,80.0,female,lower extremity,train
ISIC_6900216,IL_6029935,clinical,clinical: close-up,Malignant,SCCKA,1,70.0,male,head/neck,train
ISIC_6539237,IL_6029935,dermoscopic,dermoscopic,Malignant,SCCKA,1,70.0,male,head/neck,train
ISIC_8225481,IL_6033161,clinical,clinical: close-up,Malignant,BCC,1,60.0,male,lower extremity,train
ISIC_6469024,IL_6033161,dermoscopic,dermoscopic,Malignant,BCC,1,60.0,male,lower extremity,train
ISIC_8188045,IL_6033617,clinical,clinical: close-up,Malignant,AKIEC,1,65.0,female,lower extremity,train
ISIC_1076265,IL_6033617,dermoscopic,dermoscopic,Malignant,AKIEC,1,65.0,female,lower extremity,train
ISIC_6311996,IL_6035276,clinical,clinical: close-up,Malignant,BCC,1,65.0,female,,train
ISIC_1992759,IL_6035276,dermoscopic,dermoscopic,Malignant,BCC,1,65.0,female,,train
ISIC_8641404,IL_6037073,clinical,clinical: close-up,Malignant,BCC,1,50.0,female,upper extremity,train
ISIC_4406973,IL_6037073,dermoscopic,dermoscopic,Malignant,BCC,1,50.0,female,upper extremity,train
ISIC_6970817,IL_6040163,clinical,clinical: close-up,Benign,BKL,0,70.0,male,head/neck,train
ISIC_8840511,IL_6040163,dermoscopic,dermoscopic,Benign,BKL,0,70.0,male,head/neck,train
ISIC_4529113,IL_6049551,clinical,clinical: close-up,Malignant,BCC,1,40.0,female,,train
ISIC_2733454,IL_6049551,dermoscopic,dermoscopic,Malignant,BCC,1,40.0,female,,train
ISIC_6605295,IL_6050524,clinical,clinical: close-up,Malignant,BCC,1,65.0,female,head/neck,train
ISIC_0350119,IL_6050524,dermoscopic,dermoscopic,Malignant,BCC,1,65.0,female,head/neck,train
ISIC_3736605,IL_6052093,clinical,clinical: close-up,Malignant,MEL,1,70.0,female,lower extremity,train
ISIC_6119319,IL_6052093,dermoscopic,dermoscopic,Malignant,MEL,1,70.0,female,lower extremity,train
ISIC_9760671,IL_6052286,clinical,clinical: close-up,Benign,BKL,0,55.0,male,,train
ISIC_1480200,IL_6052286,dermoscopic,dermoscopic,Benign,BKL,0,55.0,male,,train
ISIC_8499977,IL_6064590,clinical,clinical: close-up,Malignant,BCC,1,60.0,male,head/neck,train
ISIC_2434031,IL_6064590,dermoscopic,dermoscopic,Malignant,BCC,1,60.0,male,head/neck,train
ISIC_9818964,IL_6066269,clinical,clinical: close-up,Benign,BKL,0,65.0,female,upper extremity,train
ISIC_4235972,IL_6066269,dermoscopic,dermoscopic,Benign,BKL,0,65.0,female,upper extremity,train
ISIC_5059174,IL_6066960,clinical,clinical: close-up,Malignant,SCCKA,1,65.0,male,head/neck,train
ISIC_0560810,IL_6066960,dermoscopic,dermoscopic,Malignant,SCCKA,1,65.0,male,head/neck,train
ISIC_9236121,IL_6071484,clinical,clinical: close-up,Malignant,SCCKA,1,75.0,male,head/neck,train
ISIC_2510819,IL_6071484,dermoscopic,dermoscopic,Malignant,SCCKA,1,75.0,male,head/neck,train
ISIC_8767141,IL_6079301,clinical,clinical: close-up,Benign,BKL,0,80.0,female,head/neck,train
ISIC_9120690,IL_6079301,dermoscopic,dermoscopic,Benign,BKL,0,80.0,female,head/neck,train
ISIC_0211067,IL_6084278,clinical,clinical: close-up,Malignant,MEL,1,65.0,male,,train
ISIC_3773277,IL_6084278,dermoscopic,dermoscopic,Malignant,MEL,1,65.0,male,,train
ISIC_1714093,IL_6093082,clinical,clinical: close-up,Malignant,BCC,1,60.0,male,,train
ISIC_7631504,IL_6093082,dermoscopic,dermoscopic,Malignant,BCC,1,60.0,male,,train
ISIC_7162187,IL_6097327,clinical,clinical: close-up,Malignant,SCCKA,1,60.0,male,lower extremity,train
ISIC_3794267,IL_6097327,dermoscopic,dermoscopic,Malignant,SCCKA,1,60.0,male,lower extremity,train
ISIC_1219741,IL_6106772,clinical,clinical: close-up,Benign,NV,0,70.0,male,,train
ISIC_4257866,IL_6106772,dermoscopic,dermoscopic,Benign,NV,0,70.0,male,,train
ISIC_0389181,IL_6106939,clinical,clinical: close-up,Benign,NV,0,55.0,male,lower extremity,train
ISIC_6403341,IL_6106939,dermoscopic,dermoscopic,Benign,NV,0,55.0,male,lower extremity,train
ISIC_7113721,IL_6107862,clinical,clinical: close-up,Malignant,BCC,1,50.0,male,head/neck,train
ISIC_6590195,IL_6107862,dermoscopic,dermoscopic,Malignant,BCC,1,50.0,male,head/neck,train
ISIC_0662021,IL_6111577,clinical,clinical: close-up,Benign,INF,0,75.0,male,,train
ISIC_2419039,IL_6111577,dermoscopic,dermoscopic,Benign,INF,0,75.0,male,,train
ISIC_5661673,IL_6116581,clinical,clinical: close-up,Benign,BKL,0,55.0,male,,train
ISIC_5164646,IL_6116581,dermoscopic,dermoscopic,Benign,BKL,0,55.0,male,,train
ISIC_1656238,IL_6118153,clinical,clinical: close-up,Benign,NV,0,45.0,male,,train
ISIC_3599799,IL_6118153,dermoscopic,dermoscopic,Benign,NV,0,45.0,male,,train
ISIC_8788388,IL_6119017,clinical,clinical: close-up,Benign,NV,0,30.0,male,,train
ISIC_3105211,IL_6119017,dermoscopic,dermoscopic,Benign,NV,0,30.0,male,,train
ISIC_2781687,IL_6119395,clinical,clinical: close-up,Malignant,BCC,1,50.0,female,,train
ISIC_6306620,IL_6119395,dermoscopic,dermoscopic,Malignant,BCC,1,50.0,female,,train
ISIC_7207387,IL_6122367,clinical,clinical: close-up,Malignant,BCC,1,70.0,male,head/neck,train
ISIC_3215995,IL_6122367,dermoscopic,dermoscopic,Malignant,BCC,1,70.0,male,head/neck,train
ISIC_8414442,IL_6122545,clinical,clinical: close-up,Malignant,BCC,1,60.0,female,lower extremity,train
ISIC_9572075,IL_6122545,dermoscopic,dermoscopic,Malignant,BCC,1,60.0,female,lower extremity,train
ISIC_6891841,IL_6128899,clinical,clinical: close-up,Malignant,BCC,1,75.0,male,head/neck,train
ISIC_1427974,IL_6128899,dermoscopic,dermoscopic,Malignant,BCC,1,75.0,male,head/neck,train
ISIC_4597536,IL_6130939,clinical,clinical: close-up,Malignant,BCC,1,75.0,female,,train
ISIC_1793316,IL_6130939,dermoscopic,dermoscopic,Malignant,BCC,1,75.0,female,,train
ISIC_9164586,IL_6138895,clinical,clinical: close-up,Malignant,BCC,1,55.0,female,,train
ISIC_2021070,IL_6138895,dermoscopic,dermoscopic,Malignant,BCC,1,55.0,female,,train
ISIC_0458709,IL_6140435,clinical,clinical: close-up,Benign,NV,0,75.0,male,,train
ISIC_8647858,IL_6140435,dermoscopic,dermoscopic,Benign,NV,0,75.0,male,,train
ISIC_5966582,IL_6140598,clinical,clinical: close-up,Malignant,MEL,1,70.0,male,,train
ISIC_9332272,IL_6140598,dermoscopic,dermoscopic,Malignant,MEL,1,70.0,male,,train
ISIC_2083558,IL_6144791,clinical,clinical: close-up,Malignant,BCC,1,50.0,male,,train
ISIC_0593908,IL_6144791,dermoscopic,dermoscopic,Malignant,BCC,1,50.0,male,,train
ISIC_9932255,IL_6152356,clinical,clinical: close-up,Malignant,AKIEC,1,40.0,male,head/neck,train
ISIC_1990622,IL_6152356,dermoscopic,dermoscopic,Malignant,AKIEC,1,40.0,male,head/neck,train
ISIC_4913073,IL_6156024,clinical,clinical: close-up,Malignant,BCC,1,80.0,female,,train
ISIC_2146757,IL_6156024,dermoscopic,dermoscopic,Malignant,BCC,1,80.0,female,,train
ISIC_0938645,IL_6156028,clinical,clinical: close-up,Malignant,AKIEC,1,70.0,male,upper extremity,train
ISIC_9934612,IL_6156028,dermoscopic,dermoscopic,Malignant,AKIEC,1,70.0,male,upper extremity,train
ISIC_1779747,IL_6156218,clinical,clinical: close-up,Malignant,MEL,1,70.0,female,head/neck,train
ISIC_3164108,IL_6156218,dermoscopic,dermoscopic,Malignant,MEL,1,70.0,female,head/neck,train
ISIC_1409513,IL_6157521,clinical,clinical: close-up,Benign,BKL,0,45.0,male,,train
ISIC_9370126,IL_6157521,dermoscopic,dermoscopic,Benign,BKL,0,45.0,male,,train
ISIC_9454462,IL_6161419,clinical,clinical: close-up,Malignant,BCC,1,60.0,female,head/neck,train
ISIC_0408084,IL_6161419,dermoscopic,dermoscopic,Malignant,BCC,1,60.0,female,head/neck,train
ISIC_0372945,IL_6163368,clinical,clinical: close-up,Benign,BKL,0,45.0,male,head/neck,train
ISIC_9007301,IL_6163368,dermoscopic,dermoscopic,Benign,BKL,0,45.0,male,head/neck,train
ISIC_0274862,IL_6169734,clinical,clinical: close-up,Malignant,SCCKA,1,65.0,male,upper extremity,train
ISIC_9063581,IL_6169734,dermoscopic,dermoscopic,Malignant,SCCKA,1,65.0,male,upper extremity,train
ISIC_1763722,IL_6170194,clinical,clinical: close-up,Malignant,BCC,1,65.0,female,,train
ISIC_1484722,IL_6170194,dermoscopic,dermoscopic,Malignant,BCC,1,65.0,female,,train
ISIC_7235822,IL_6176161,clinical,clinical: close-up,Malignant,BCC,1,65.0,male,head/neck,train
ISIC_5604357,IL_6176161,dermoscopic,dermoscopic,Malignant,BCC,1,65.0,male,head/neck,train
ISIC_5213096,IL_6178941,clinical,clinical: close-up,Benign,NV,0,70.0,male,,train
ISIC_9572021,IL_6178941,dermoscopic,dermoscopic,Benign,NV,0,70.0,male,,train
ISIC_3300164,IL_6179190,clinical,clinical: close-up,Malignant,BCC,1,70.0,male,head/neck,train
ISIC_5116256,IL_6179190,dermoscopic,dermoscopic,Malignant,BCC,1,70.0,male,head/neck,train
ISIC_6560005,IL_6185483,clinical,clinical: close-up,Malignant,BCC,1,65.0,male,head/neck,train
ISIC_8667734,IL_6185483,dermoscopic,dermoscopic,Malignant,BCC,1,65.0,male,head/neck,train
ISIC_2726721,IL_6186086,clinical,clinical: close-up,Malignant,BCC,1,60.0,female,lower extremity,train
ISIC_9137740,IL_6186086,dermoscopic,dermoscopic,Malignant,BCC,1,60.0,female,lower extremity,train
ISIC_4276424,IL_6188972,clinical,clinical: close-up,Malignant,BCC,1,60.0,female,,train
ISIC_4963201,IL_6188972,dermoscopic,dermoscopic,Malignant,BCC,1,60.0,female,,train
ISIC_6285557,IL_6192920,clinical,clinical: close-up,Malignant,BCC,1,70.0,male,,train
ISIC_3813726,IL_6192920,dermoscopic,dermoscopic,Malignant,BCC,1,70.0,male,,train
ISIC_9308744,IL_6193516,clinical,clinical: close-up,Malignant,BCC,1,55.0,female,,train
ISIC_5286872,IL_6193516,dermoscopic,dermoscopic,Malignant,BCC,1,55.0,female,,train
ISIC_5438818,IL_6193857,clinical,clinical: close-up,Indeterminate,AKIEC,1,70.0,male,head/neck,train
ISIC_3025966,IL_6193857,dermoscopic,dermoscopic,Indeterminate,AKIEC,1,70.0,male,head/neck,train
ISIC_6345022,IL_6195057,clinical,clinical: close-up,Malignant,BCC,1,65.0,male,,train
ISIC_7710765,IL_6195057,dermoscopic,dermoscopic,Malignant,BCC,1,65.0,male,,train
ISIC_0362181,IL_6201256,clinical,clinical: close-up,Malignant,BCC,1,75.0,female,head/neck,train
ISIC_9509446,IL_6201256,dermoscopic,dermoscopic,Malignant,BCC,1,75.0,female,head/neck,train
ISIC_8527678,IL_6204310,clinical,clinical: close-up,Indeterminate,AKIEC,1,65.0,male,head/neck,train
ISIC_5521729,IL_6204310,dermoscopic,dermoscopic,Indeterminate,AKIEC,1,65.0,male,head/neck,train
ISIC_9200112,IL_6215945,clinical,clinical: close-up,Malignant,BCC,1,55.0,male,,train
ISIC_5773512,IL_6215945,dermoscopic,dermoscopic,Malignant,BCC,1,55.0,male,,train
ISIC_5609956,IL_6220664,clinical,clinical: close-up,Malignant,MEL,1,60.0,female,lower extremity,train
ISIC_6576436,IL_6220664,dermoscopic,dermoscopic,Malignant,MEL,1,60.0,female,lower extremity,train
ISIC_0933479,IL_6222346,clinical,clinical: close-up,Benign,BKL,0,70.0,male,head/neck,train
ISIC_1030228,IL_6222346,dermoscopic,dermoscopic,Benign,BKL,0,70.0,male,head/neck,train
ISIC_4175828,IL_6226671,clinical,clinical: close-up,Malignant,BCC,1,50.0,female,upper extremity,train
ISIC_1949643,IL_6226671,dermoscopic,dermoscopic,Malignant,BCC,1,50.0,female,upper extremity,train
ISIC_3341232,IL_6226782,clinical,clinical: close-up,Malignant,BCC,1,55.0,male,lower extremity,train
ISIC_5085980,IL_6226782,dermoscopic,dermoscopic,Malignant,BCC,1,55.0,male,lower extremity,train
ISIC_7820228,IL_6228849,clinical,clinical: close-up,Malignant,BCC,1,65.0,male,lower extremity,train
ISIC_3317235,IL_6228849,dermoscopic,dermoscopic,Malignant,BCC,1,65.0,male,lower extremity,train
ISIC_7466902,IL_6230080,clinical,clinical: close-up,Benign,VASC,0,45.0,female,,train
ISIC_8600102,IL_6230080,dermoscopic,dermoscopic,Benign,VASC,0,45.0,female,,train
ISIC_7138691,IL_6238861,clinical,clinical: close-up,Benign,BKL,0,75.0,male,upper extremity,train
ISIC_3047578,IL_6238861,dermoscopic,dermoscopic,Benign,BKL,0,75.0,male,upper extremity,train
ISIC_7075127,IL_6242264,clinical,clinical: close-up,Benign,BKL,0,75.0,female,lower extremity,train
ISIC_2567274,IL_6242264,dermoscopic,dermoscopic,Benign,BKL,0,75.0,female,lower extremity,train
ISIC_1192919,IL_6244969,clinical,clinical: close-up,Malignant,BCC,1,75.0,male,head/neck,train
ISIC_0974797,IL_6244969,dermoscopic,dermoscopic,Malignant,BCC,1,75.0,male,head/neck,train
ISIC_2288132,IL_6246713,clinical,clinical: close-up,Malignant,BCC,1,75.0,male,,train
ISIC_8027200,IL_6246713,dermoscopic,dermoscopic,Malignant,BCC,1,75.0,male,,train
ISIC_0875516,IL_6248025,clinical,clinical: close-up,Benign,BKL,0,70.0,male,head/neck,train
ISIC_1192068,IL_6248025,dermoscopic,dermoscopic,Benign,BKL,0,70.0,male,head/neck,train
ISIC_5083671,IL_6248388,clinical,clinical: close-up,Benign,INF,0,75.0,male,lower extremity,train
ISIC_5829840,IL_6248388,dermoscopic,dermoscopic,Benign,INF,0,75.0,male,lower extremity,train
ISIC_6565806,IL_6249500,clinical,clinical: close-up,Malignant,BCC,1,75.0,male,,train
ISIC_3083384,IL_6249500,dermoscopic,dermoscopic,Malignant,BCC,1,75.0,male,,train
ISIC_9886919,IL_6259017,clinical,clinical: close-up,Malignant,BCC,1,80.0,male,lower extremity,train
ISIC_9668142,IL_6259017,dermoscopic,dermoscopic,Malignant,BCC,1,80.0,male,lower extremity,train
ISIC_3439130,IL_6259285,clinical,clinical: close-up,Benign,BKL,0,45.0,male,,train
ISIC_1320525,IL_6259285,dermoscopic,dermoscopic,Benign,BKL,0,45.0,male,,train
ISIC_9401538,IL_6267520,clinical,clinical: close-up,Malignant,BCC,1,50.0,female,,train
ISIC_9404018,IL_6267520,dermoscopic,dermoscopic,Malignant,BCC,1,50.0,female,,train
ISIC_8096941,IL_6281110,clinical,clinical: close-up,Malignant,BCC,1,60.0,female,head/neck,train
ISIC_3974904,IL_6281110,dermoscopic,dermoscopic,Malignant,BCC,1,60.0,female,head/neck,train
ISIC_4430642,IL_6291533,clinical,clinical: close-up,Malignant,MEL,1,70.0,female,,train
ISIC_3486312,IL_6291533,dermoscopic,dermoscopic,Malignant,MEL,1,70.0,female,,train
ISIC_1052154,IL_6292784,clinical,clinical: close-up,Malignant,MEL,1,45.0,female,head/neck,train
ISIC_7702697,IL_6292784,dermoscopic,dermoscopic,Malignant,MEL,1,45.0,female,head/neck,train
ISIC_1447403,IL_6294894,clinical,clinical: close-up,Benign,NV,0,40.0,female,lower extremity,train
ISIC_9756878,IL_6294894,dermoscopic,dermoscopic,Benign,NV,0,40.0,female,lower extremity,train
ISIC_6193935,IL_6296169,clinical,clinical: close-up,Malignant,BCC,1,65.0,male,,train
ISIC_1174739,IL_6296169,dermoscopic,dermoscopic,Malignant,BCC,1,65.0,male,,train
ISIC_4692254,IL_6296418,clinical,clinical: close-up,Malignant,BCC,1,70.0,male,head/neck,train
ISIC_2334974,IL_6296418,dermoscopic,dermoscopic,Malignant,BCC,1,70.0,male,head/neck,train
ISIC_3824638,IL_6297949,clinical,clinical: close-up,Malignant,BCC,1,65.0,male,,train
ISIC_3837734,IL_6297949,dermoscopic,dermoscopic,Malignant,BCC,1,65.0,male,,train
ISIC_2164186,IL_6305050,clinical,clinical: close-up,Benign,NV,0,30.0,female,,train
ISIC_7436110,IL_6305050,dermoscopic,dermoscopic,Benign,NV,0,30.0,female,,train
ISIC_5450702,IL_6309287,clinical,clinical: close-up,Malignant,SCCKA,1,50.0,male,head/neck,train
ISIC_5966811,IL_6309287,dermoscopic,dermoscopic,Malignant,SCCKA,1,50.0,male,head/neck,train
ISIC_3505887,IL_6312892,clinical,clinical: close-up,Malignant,BCC,1,50.0,female,head/neck,train
ISIC_8239177,IL_6312892,dermoscopic,dermoscopic,Malignant,BCC,1,50.0,female,head/neck,train
ISIC_9051035,IL_6313730,clinical,clinical: close-up,Malignant,BCC,1,30.0,female,upper extremity,train
ISIC_2627411,IL_6313730,dermoscopic,dermoscopic,Malignant,BCC,1,30.0,female,upper extremity,train
ISIC_5944719,IL_6316913,clinical,clinical: close-up,Malignant,BCC,1,75.0,male,,train
ISIC_9356329,IL_6316913,dermoscopic,dermoscopic,Malignant,BCC,1,75.0,male,,train
ISIC_6335160,IL_6322271,clinical,clinical: close-up,Benign,NV,0,10.0,male,,train
ISIC_3666907,IL_6322271,dermoscopic,dermoscopic,Benign,NV,0,10.0,male,,train
ISIC_5242567,IL_6332213,clinical,clinical: close-up,Malignant,BCC,1,55.0,male,,train
ISIC_4648933,IL_6332213,dermoscopic,dermoscopic,Malignant,BCC,1,55.0,male,,train
ISIC_1405142,IL_6335975,clinical,clinical: close-up,Malignant,BCC,1,65.0,female,,train
ISIC_7799504,IL_6335975,dermoscopic,dermoscopic,Malignant,BCC,1,65.0,female,,train
ISIC_7041996,IL_6336481,clinical,clinical: close-up,Malignant,SCCKA,1,65.0,female,head/neck,train
ISIC_4103339,IL_6336481,dermoscopic,dermoscopic,Malignant,SCCKA,1,65.0,female,head/neck,train
ISIC_8473871,IL_6337790,clinical,clinical: close-up,Benign,BKL,0,70.0,male,,train
ISIC_9226737,IL_6337790,dermoscopic,dermoscopic,Benign,BKL,0,70.0,male,,train
ISIC_4336547,IL_6338408,clinical,clinical: close-up,Malignant,BCC,1,65.0,female,lower extremity,train
ISIC_2084190,IL_6338408,dermoscopic,dermoscopic,Malignant,BCC,1,65.0,female,lower extremity,train
ISIC_9076994,IL_6346184,clinical,clinical: close-up,Malignant,BCC,1,60.0,male,upper extremity,train
ISIC_4588258,IL_6346184,dermoscopic,dermoscopic,Malignant,BCC,1,60.0,male,upper extremity,train
ISIC_9074776,IL_6346442,clinical,clinical: close-up,Malignant,BCC,1,50.0,female,upper extremity,train
ISIC_8932533,IL_6346442,dermoscopic,dermoscopic,Malignant,BCC,1,50.0,female,upper extremity,train
ISIC_6340932,IL_6348689,clinical,clinical: close-up,Malignant,SCCKA,1,80.0,male,upper extremity,train
ISIC_9055179,IL_6348689,dermoscopic,dermoscopic,Malignant,SCCKA,1,80.0,male,upper extremity,train
ISIC_2078548,IL_6352685,clinical,clinical: close-up,Malignant,BCC,1,70.0,female,lower extremity,train
ISIC_4914433,IL_6352685,dermoscopic,dermoscopic,Malignant,BCC,1,70.0,female,lower extremity,train
ISIC_2744921,IL_6356650,clinical,clinical: close-up,Malignant,BCC,1,45.0,female,head/neck,train
ISIC_4548759,IL_6356650,dermoscopic,dermoscopic,Malignant,BCC,1,45.0,female,head/neck,train
ISIC_2338734,IL_6361071,clinical,clinical: close-up,Benign,BKL,0,65.0,male,head/neck,train
ISIC_1561841,IL_6361071,dermoscopic,dermoscopic,Benign,BKL,0,65.0,male,head/neck,train
ISIC_8285513,IL_6362018,clinical,clinical: close-up,Malignant,BCC,1,55.0,male,upper extremity,train
ISIC_3357576,IL_6362018,dermoscopic,dermoscopic,Malignant,BCC,1,55.0,male,upper extremity,train
ISIC_9512295,IL_6362579,clinical,clinical: close-up,Malignant,SCCKA,1,70.0,male,lower extremity,train
ISIC_7424118,IL_6362579,dermoscopic,dermoscopic,Malignant,SCCKA,1,70.0,male,lower extremity,train
ISIC_4862589,IL_6365127,clinical,clinical: close-up,Benign,BKL,0,55.0,female,lower extremity,train
ISIC_4594686,IL_6365127,dermoscopic,dermoscopic,Benign,BKL,0,55.0,female,lower extremity,train
ISIC_8376889,IL_6367899,clinical,clinical: close-up,Malignant,MEL,1,65.0,female,lower extremity,train
ISIC_5714835,IL_6367899,dermoscopic,dermoscopic,Malignant,MEL,1,65.0,female,lower extremity,train
ISIC_4638443,IL_6368595,clinical,clinical: close-up,Benign,BKL,0,70.0,male,lower extremity,train
ISIC_8071918,IL_6368595,dermoscopic,dermoscopic,Benign,BKL,0,70.0,male,lower extremity,train
ISIC_2177016,IL_6369658,clinical,clinical: close-up,Malignant,BCC,1,85.0,male,,train
ISIC_3770337,IL_6369658,dermoscopic,dermoscopic,Malignant,BCC,1,85.0,male,,train
ISIC_0575879,IL_6370742,clinical,clinical: close-up,Malignant,BCC,1,50.0,male,,train
ISIC_6945898,IL_6370742,dermoscopic,dermoscopic,Malignant,BCC,1,50.0,male,,train
ISIC_6918071,IL_6372731,clinical,clinical: close-up,Malignant,SCCKA,1,75.0,female,upper extremity,train
ISIC_2891101,IL_6372731,dermoscopic,dermoscopic,Malignant,SCCKA,1,75.0,female,upper extremity,train
ISIC_8107716,IL_6374062,clinical,clinical: close-up,Malignant,MEL,1,45.0,male,upper extremity,train
ISIC_8685453,IL_6374062,dermoscopic,dermoscopic,Malignant,MEL,1,45.0,male,upper extremity,train
ISIC_5121192,IL_6380251,clinical,clinical: close-up,Benign,NV,0,45.0,female,,train
ISIC_6730312,IL_6380251,dermoscopic,dermoscopic,Benign,NV,0,45.0,female,,train
ISIC_1860926,IL_6381274,clinical,clinical: close-up,Malignant,BCC,1,75.0,male,lower extremity,train
ISIC_2329035,IL_6381274,dermoscopic,dermoscopic,Malignant,BCC,1,75.0,male,lower extremity,train
ISIC_4533084,IL_6383449,clinical,clinical: close-up,Benign,NV,0,30.0,male,,train
ISIC_3298166,IL_6383449,dermoscopic,dermoscopic,Benign,NV,0,30.0,male,,train
ISIC_8531002,IL_6386977,clinical,clinical: close-up,Malignant,MEL,1,70.0,male,,train
ISIC_6747251,IL_6386977,dermoscopic,dermoscopic,Malignant,MEL,1,70.0,male,,train
ISIC_2668678,IL_6389219,clinical,clinical: close-up,Malignant,AKIEC,1,85.0,male,head/neck,train
ISIC_7029533,IL_6389219,dermoscopic,dermoscopic,Malignant,AKIEC,1,85.0,male,head/neck,train
ISIC_2412335,IL_6390381,clinical,clinical: close-up,Indeterminate,AKIEC,1,50.0,female,,train
ISIC_8001737,IL_6390381,dermoscopic,dermoscopic,Indeterminate,AKIEC,1,50.0,female,,train
ISIC_7505667,IL_6393969,clinical,clinical: close-up,Benign,NV,0,35.0,male,upper extremity,train
ISIC_8612251,IL_6393969,dermoscopic,dermoscopic,Benign,NV,0,35.0,male,upper extremity,train
ISIC_7827983,IL_6408457,clinical,clinical: close-up,Malignant,BCC,1,60.0,male,lower extremity,train
ISIC_0583409,IL_6408457,dermoscopic,dermoscopic,Malignant,BCC,1,60.0,male,lower extremity,train
ISIC_5846820,IL_6412076,clinical,clinical: close-up,Malignant,BCC,1,65.0,male,head/neck,train
ISIC_9995871,IL_6412076,dermoscopic,dermoscopic,Malignant,BCC,1,65.0,male,head/neck,train
ISIC_2931409,IL_6413460,clinical,clinical: close-up,Malignant,BCC,1,65.0,female,upper extremity,train
ISIC_6532286,IL_6413460,dermoscopic,dermoscopic,Malignant,BCC,1,65.0,female,upper extremity,train
ISIC_4886585,IL_6419934,clinical,clinical: close-up,Malignant,MEL,1,50.0,female,lower extremity,train
ISIC_9866460,IL_6419934,dermoscopic,dermoscopic,Malignant,MEL,1,50.0,female,lower extremity,train
ISIC_5739546,IL_6421981,clinical,clinical: close-up,Malignant,BCC,1,65.0,female,,train
ISIC_3663283,IL_6421981,dermoscopic,dermoscopic,Malignant,BCC,1,65.0,female,,train
ISIC_7961554,IL_6425993,clinical,clinical: close-up,Benign,NV,0,55.0,female,,train
ISIC_3168018,IL_6425993,dermoscopic,dermoscopic,Benign,NV,0,55.0,female,,train
ISIC_0202768,IL_6427457,clinical,clinical: close-up,Malignant,BCC,1,40.0,female,head/neck,train
ISIC_0940771,IL_6427457,dermoscopic,dermoscopic,Malignant,BCC,1,40.0,female,head/neck,train
ISIC_1089519,IL_6430052,clinical,clinical: close-up,Malignant,BCC,1,75.0,male,head/neck,train
ISIC_5186218,IL_6430052,dermoscopic,dermoscopic,Malignant,BCC,1,75.0,male,head/neck,train
ISIC_6760472,IL_6430136,clinical,clinical: close-up,Benign,NV,0,60.0,male,lower extremity,train
ISIC_1548274,IL_6430136,dermoscopic,dermoscopic,Benign,NV,0,60.0,male,lower extremity,train
ISIC_7868229,IL_6439153,clinical,clinical: close-up,Malignant,BCC,1,75.0,male,,train
ISIC_2014865,IL_6439153,dermoscopic,dermoscopic,Malignant,BCC,1,75.0,male,,train
ISIC_5298792,IL_6440740,clinical,clinical: close-up,Malignant,SCCKA,1,80.0,male,head/neck,train
ISIC_4684676,IL_6440740,dermoscopic,dermoscopic,Malignant,SCCKA,1,80.0,male,head/neck,train
ISIC_4770601,IL_6441506,clinical,clinical: close-up,Malignant,MEL,1,55.0,male,,train
ISIC_2598537,IL_6441506,dermoscopic,dermoscopic,Malignant,MEL,1,55.0,male,,train
ISIC_4530809,IL_6442141,clinical,clinical: close-up,Malignant,BCC,1,55.0,male,head/neck,train
ISIC_9379057,IL_6442141,dermoscopic,dermoscopic,Malignant,BCC,1,55.0,male,head/neck,train
ISIC_3053943,IL_6448360,clinical,clinical: close-up,Benign,NV,0,40.0,female,,train
ISIC_0850383,IL_6448360,dermoscopic,dermoscopic,Benign,NV,0,40.0,female,,train
ISIC_3830454,IL_6449615,clinical,clinical: close-up,Benign,INF,0,70.0,male,upper extremity,train
ISIC_6657446,IL_6449615,dermoscopic,dermoscopic,Benign,INF,0,70.0,male,upper extremity,train
ISIC_6076049,IL_6450698,clinical,clinical: close-up,Malignant,BCC,1,70.0,female,head/neck,train
ISIC_6277878,IL_6450698,dermoscopic,dermoscopic,Malignant,BCC,1,70.0,female,head/neck,train
ISIC_4468660,IL_6452981,clinical,clinical: close-up,Malignant,BCC,1,55.0,female,,train
ISIC_5834421,IL_6452981,dermoscopic,dermoscopic,Malignant,BCC,1,55.0,female,,train
ISIC_6236784,IL_6455878,clinical,clinical: close-up,Malignant,BCC,1,60.0,female,head/neck,train
ISIC_3062370,IL_6455878,dermoscopic,dermoscopic,Malignant,BCC,1,60.0,female,head/neck,train
ISIC_2993511,IL_6458200,clinical,clinical: close-up,Malignant,BCC,1,80.0,female,head/neck,train
ISIC_0244875,IL_6458200,dermoscopic,dermoscopic,Malignant,BCC,1,80.0,female,head/neck,train
ISIC_4666384,IL_6466353,clinical,clinical: close-up,Benign,BKL,0,75.0,male,lower extremity,train
ISIC_0392480,IL_6466353,dermoscopic,dermoscopic,Benign,BKL,0,75.0,male,lower extremity,train
ISIC_6731532,IL_6477197,clinical,clinical: close-up,Malignant,BCC,1,70.0,male,,train
ISIC_5553849,IL_6477197,dermoscopic,dermoscopic,Malignant,BCC,1,70.0,male,,train
ISIC_9589958,IL_6478777,clinical,clinical: close-up,Malignant,BCC,1,65.0,male,lower extremity,train
ISIC_9668533,IL_6478777,dermoscopic,dermoscopic,Malignant,BCC,1,65.0,male,lower extremity,train
ISIC_6517818,IL_6480274,clinical,clinical: close-up,Malignant,BCC,1,70.0,male,head/neck,train
ISIC_3578842,IL_6480274,dermoscopic,dermoscopic,Malignant,BCC,1,70.0,male,head/neck,train
ISIC_1714713,IL_6480673,clinical,clinical: close-up,Benign,NV,0,15.0,female,lower extremity,train
ISIC_0487104,IL_6480673,dermoscopic,dermoscopic,Benign,NV,0,15.0,female,lower extremity,train
ISIC_2233787,IL_6481065,clinical,clinical: close-up,Benign,NV,0,35.0,female,lower extremity,train
ISIC_1085792,IL_6481065,dermoscopic,dermoscopic,Benign,NV,0,35.0,female,lower extremity,train
ISIC_3046799,IL_6481233,clinical,clinical: close-up,Benign,BKL,0,70.0,male,,train
ISIC_2110451,IL_6481233,dermoscopic,dermoscopic,Benign,BKL,0,70.0,male,,train
ISIC_3014783,IL_6491562,clinical,clinical: close-up,Malignant,BCC,1,50.0,female,,train
ISIC_1191996,IL_6491562,dermoscopic,dermoscopic,Malignant,BCC,1,50.0,female,,train
ISIC_1662993,IL_6491893,clinical,clinical: close-up,Malignant,BCC,1,60.0,female,lower extremity,train
ISIC_6239365,IL_6491893,dermoscopic,dermoscopic,Malignant,BCC,1,60.0,female,lower extremity,train
ISIC_1218245,IL_6497290,clinical,clinical: close-up,Benign,BKL,0,65.0,male,,train
ISIC_8810868,IL_6497290,dermoscopic,dermoscopic,Benign,BKL,0,65.0,male,,train
ISIC_7325787,IL_6498417,clinical,clinical: close-up,Malignant,BCC,1,75.0,female,,train
ISIC_5836740,IL_6498417,dermoscopic,dermoscopic,Malignant,BCC,1,75.0,female,,train
ISIC_6943109,IL_6499920,clinical,clinical: close-up,Malignant,BCC,1,60.0,male,,train
ISIC_3526427,IL_6499920,dermoscopic,dermoscopic,Malignant,BCC,1,60.0,male,,train
ISIC_9046790,IL_6503105,clinical,clinical: close-up,Malignant,MEL,1,70.0,male,head/neck,train
ISIC_7308959,IL_6503105,dermoscopic,dermoscopic,Malignant,MEL,1,70.0,male,head/neck,train
ISIC_2689111,IL_6505724,clinical,clinical: close-up,Malignant,BCC,1,75.0,male,lower extremity,train
ISIC_4113429,IL_6505724,dermoscopic,dermoscopic,Malignant,BCC,1,75.0,male,lower extremity,train
ISIC_9342460,IL_6506756,clinical,clinical: close-up,Benign,NV,0,45.0,male,,train
ISIC_1991989,IL_6506756,dermoscopic,dermoscopic,Benign,NV,0,45.0,male,,train
ISIC_7960659,IL_6509109,clinical,clinical: close-up,Malignant,BCC,1,45.0,female,upper extremity,train
ISIC_0208357,IL_6509109,dermoscopic,dermoscopic,Malignant,BCC,1,45.0,female,upper extremity,train
ISIC_6055280,IL_6512054,clinical,clinical: close-up,Benign,BKL,0,40.0,female,,train
ISIC_5310763,IL_6512054,dermoscopic,dermoscopic,Benign,BKL,0,40.0,female,,train
ISIC_5612498,IL_6514387,clinical,clinical: close-up,Benign,NV,0,40.0,female,lower extremity,train
ISIC_4045574,IL_6514387,dermoscopic,dermoscopic,Benign,NV,0,40.0,female,lower extremity,train
ISIC_4991395,IL_6518522,clinical,clinical: close-up,Malignant,BCC,1,60.0,female,lower extremity,train
ISIC_3997102,IL_6518522,dermoscopic,dermoscopic,Malignant,BCC,1,60.0,female,lower extremity,train
ISIC_7082655,IL_6527343,clinical,clinical: close-up,Malignant,MEL,1,60.0,male,,train
ISIC_3779625,IL_6527343,dermoscopic,dermoscopic,Malignant,MEL,1,60.0,male,,train
ISIC_7535873,IL_6527542,clinical,clinical: close-up,Malignant,BCC,1,85.0,male,head/neck,train
ISIC_4343848,IL_6527542,dermoscopic,dermoscopic,Malignant,BCC,1,85.0,male,head/neck,train
ISIC_1807722,IL_6528074,clinical,clinical: close-up,Malignant,BCC,1,65.0,male,,train
ISIC_4577203,IL_6528074,dermoscopic,dermoscopic,Malignant,BCC,1,65.0,male,,train
ISIC_1733540,IL_6528772,clinical,clinical: close-up,Benign,NV,0,50.0,female,lower extremity,train
ISIC_1828562,IL_6528772,dermoscopic,dermoscopic,Benign,NV,0,50.0,female,lower extremity,train
ISIC_6538197,IL_6532631,clinical,clinical: close-up,Malignant,BCC,1,85.0,male,upper extremity,train
ISIC_6297733,IL_6532631,dermoscopic,dermoscopic,Malignant,BCC,1,85.0,male,upper extremity,train
ISIC_2226952,IL_6552855,clinical,clinical: close-up,Malignant,BCC,1,50.0,male,,train
ISIC_8621381,IL_6552855,dermoscopic,dermoscopic,Malignant,BCC,1,50.0,male,,train
ISIC_5930151,IL_6555203,clinical,clinical: close-up,Malignant,AKIEC,1,65.0,female,head/neck,train
ISIC_4347690,IL_6555203,dermoscopic,dermoscopic,Malignant,AKIEC,1,65.0,female,head/neck,train
ISIC_8022914,IL_6555655,clinical,clinical: close-up,Malignant,BCC,1,55.0,male,head/neck,train
ISIC_5213643,IL_6555655,dermoscopic,dermoscopic,Malignant,BCC,1,55.0,male,head/neck,train
ISIC_5499953,IL_6556593,clinical,clinical: close-up,Malignant,BCC,1,60.0,male,,train
ISIC_4820255,IL_6556593,dermoscopic,dermoscopic,Malignant,BCC,1,60.0,male,,train
ISIC_2481693,IL_6559871,clinical,clinical: close-up,Malignant,BCC,1,60.0,female,upper extremity,train
ISIC_4736865,IL_6559871,dermoscopic,dermoscopic,Malignant,BCC,1,60.0,female,upper extremity,train
ISIC_9026609,IL_6575450,clinical,clinical: close-up,Malignant,AKIEC,1,60.0,male,lower extremity,train
ISIC_4297812,IL_6575450,dermoscopic,dermoscopic,Malignant,AKIEC,1,60.0,male,lower extremity,train
ISIC_4925038,IL_6580318,clinical,clinical: close-up,Benign,BKL,0,55.0,female,,train
ISIC_1625882,IL_6580318,dermoscopic,dermoscopic,Benign,BKL,0,55.0,female,,train
ISIC_9258545,IL_6581276,clinical,clinical: close-up,Malignant,MEL,1,70.0,male,lower extremity,train
ISIC_6242110,IL_6581276,dermoscopic,dermoscopic,Malignant,MEL,1,70.0,male,lower extremity,train
ISIC_6175610,IL_6582258,clinical,clinical: close-up,Malignant,SCCKA,1,65.0,male,head/neck,train
ISIC_3659324,IL_6582258,dermoscopic,dermoscopic,Malignant,SCCKA,1,65.0,male,head/neck,train
ISIC_7672873,IL_6583801,clinical,clinical: close-up,Benign,BKL,0,60.0,female,,train
ISIC_3892538,IL_6583801,dermoscopic,dermoscopic,Benign,BKL,0,60.0,female,,train
ISIC_9720285,IL_6585247,clinical,clinical: close-up,Malignant,BCC,1,55.0,male,,train
ISIC_3302093,IL_6585247,dermoscopic,dermoscopic,Malignant,BCC,1,55.0,male,,train
ISIC_9810068,IL_6586182,clinical,clinical: close-up,Malignant,BCC,1,80.0,male,,train
ISIC_8127734,IL_6586182,dermoscopic,dermoscopic,Malignant,BCC,1,80.0,male,,train
ISIC_9441092,IL_6591521,clinical,clinical: close-up,Malignant,BCC,1,45.0,female,,train
ISIC_6138103,IL_6591521,dermoscopic,dermoscopic,Malignant,BCC,1,45.0,female,,train
ISIC_9950919,IL_6592756,clinical,clinical: close-up,Malignant,BCC,1,75.0,male,upper extremity,train
ISIC_5284704,IL_6592756,dermoscopic,dermoscopic,Malignant,BCC,1,75.0,male,upper extremity,train
ISIC_5649736,IL_6592976,clinical,clinical: close-up,Malignant,BCC,1,50.0,female,head/neck,train
ISIC_5793548,IL_6592976,dermoscopic,dermoscopic,Malignant,BCC,1,50.0,female,head/neck,train
ISIC_0504075,IL_6595342,clinical,clinical: close-up,Benign,NV,0,55.0,male,head/neck,train
ISIC_4458763,IL_6595342,dermoscopic,dermoscopic,Benign,NV,0,55.0,male,head/neck,train
ISIC_4797688,IL_6598167,clinical,clinical: close-up,Malignant,MAL_OTH,1,75.0,male,lower extremity,train
ISIC_1665727,IL_6598167,dermoscopic,dermoscopic,Malignant,MAL_OTH,1,75.0,male,lower extremity,train
ISIC_0189659,IL_6599749,clinical,clinical: close-up,Benign,NV,0,25.0,female,,train
ISIC_3360186,IL_6599749,dermoscopic,dermoscopic,Benign,NV,0,25.0,female,,train
ISIC_2977955,IL_6607350,clinical,clinical: close-up,Benign,NV,0,40.0,female,,train
ISIC_1712861,IL_6607350,dermoscopic,dermoscopic,Benign,NV,0,40.0,female,,train
ISIC_8680621,IL_6607832,clinical,clinical: close-up,Malignant,MEL,1,60.0,female,head/neck,train
ISIC_9171793,IL_6607832,dermoscopic,dermoscopic,Malignant,MEL,1,60.0,female,head/neck,train
ISIC_4037796,IL_6613281,clinical,clinical: close-up,Malignant,BCC,1,75.0,male,lower extremity,train
ISIC_7854881,IL_6613281,dermoscopic,dermoscopic,Malignant,BCC,1,75.0,male,lower extremity,train
ISIC_9547201,IL_6615985,clinical,clinical: close-up,Malignant,BCC,1,70.0,female,head/neck,train
ISIC_6603451,IL_6615985,dermoscopic,dermoscopic,Malignant,BCC,1,70.0,female,head/neck,train
ISIC_0928029,IL_6616097,clinical,clinical: close-up,Malignant,MEL,1,85.0,female,lower extremity,train
ISIC_8620236,IL_6616097,dermoscopic,dermoscopic,Malignant,MEL,1,85.0,female,lower extremity,train
ISIC_2956586,IL_6616661,clinical,clinical: close-up,Malignant,BCC,1,75.0,male,head/neck,train
ISIC_4943359,IL_6616661,dermoscopic,dermoscopic,Malignant,BCC,1,75.0,male,head/neck,train
ISIC_8038275,IL_6618073,clinical,clinical: close-up,Benign,NV,0,60.0,female,upper extremity,train
ISIC_4503581,IL_6618073,dermoscopic,dermoscopic,Benign,NV,0,60.0,female,upper extremity,train
ISIC_1562789,IL_6622231,clinical,clinical: close-up,Benign,NV,0,40.0,male,,train
ISIC_6442452,IL_6622231,dermoscopic,dermoscopic,Benign,NV,0,40.0,male,,train
ISIC_7434991,IL_6627876,clinical,clinical: close-up,Malignant,BCC,1,45.0,female,lower extremity,train
ISIC_4919280,IL_6627876,dermoscopic,dermoscopic,Malignant,BCC,1,45.0,female,lower extremity,train
ISIC_9761409,IL_6629928,clinical,clinical: close-up,Benign,NV,0,45.0,female,,train
ISIC_1283766,IL_6629928,dermoscopic,dermoscopic,Benign,NV,0,45.0,female,,train
ISIC_4513123,IL_6632725,clinical,clinical: close-up,Malignant,MEL,1,60.0,male,upper extremity,train
ISIC_7170025,IL_6632725,dermoscopic,dermoscopic,Malignant,MEL,1,60.0,male,upper extremity,train
ISIC_8171205,IL_6638180,clinical,clinical: close-up,Malignant,BCC,1,55.0,male,head/neck,train
ISIC_6508531,IL_6638180,dermoscopic,dermoscopic,Malignant,BCC,1,55.0,male,head/neck,train
ISIC_8403731,IL_6638218,clinical,clinical: close-up,Malignant,BCC,1,80.0,male,head/neck,train
ISIC_5822186,IL_6638218,dermoscopic,dermoscopic,Malignant,BCC,1,80.0,male,head/neck,train
ISIC_6685057,IL_6639519,clinical,clinical: close-up,Malignant,BCC,1,85.0,female,,train
ISIC_7115768,IL_6639519,dermoscopic,dermoscopic,Malignant,BCC,1,85.0,female,,train
ISIC_5101807,IL_6646437,clinical,clinical: close-up,Malignant,BCC,1,85.0,male,lower extremity,train
ISIC_4877646,IL_6646437,dermoscopic,dermoscopic,Malignant,BCC,1,85.0,male,lower extremity,train
ISIC_6751695,IL_6647837,clinical,clinical: close-up,Malignant,BCC,1,60.0,female,,train
ISIC_8649350,IL_6647837,dermoscopic,dermoscopic,Malignant,BCC,1,60.0,female,,train
ISIC_1000918,IL_6650596,clinical,clinical: close-up,Malignant,BCC,1,85.0,female,upper extremity,train
ISIC_4905525,IL_6650596,dermoscopic,dermoscopic,Malignant,BCC,1,85.0,female,upper extremity,train
ISIC_8124386,IL_6654419,clinical,clinical: close-up,Malignant,AKIEC,1,75.0,female,lower extremity,train
ISIC_1999632,IL_6654419,dermoscopic,dermoscopic,Malignant,AKIEC,1,75.0,female,lower extremity,train
ISIC_8949217,IL_6654739,clinical,clinical: close-up,Benign,BKL,0,60.0,male,,train
ISIC_8436376,IL_6654739,dermoscopic,dermoscopic,Benign,BKL,0,60.0,male,,train
ISIC_0258020,IL_6657702,clinical,clinical: close-up,Malignant,MEL,1,70.0,male,head/neck,train
ISIC_5068413,IL_6657702,dermoscopic,dermoscopic,Malignant,MEL,1,70.0,male,head/neck,train
ISIC_5494529,IL_6659828,clinical,clinical: close-up,Malignant,MEL,1,50.0,female,head/neck,train
ISIC_7801345,IL_6659828,dermoscopic,dermoscopic,Malignant,MEL,1,50.0,female,head/neck,train
ISIC_4018978,IL_6665105,clinical,clinical: close-up,Indeterminate,AKIEC,1,75.0,male,upper extremity,train
ISIC_4302597,IL_6665105,dermoscopic,dermoscopic,Indeterminate,AKIEC,1,75.0,male,upper extremity,train
ISIC_9114356,IL_6665809,clinical,clinical: close-up,Malignant,AKIEC,1,75.0,male,lower extremity,train
ISIC_0970615,IL_6665809,dermoscopic,dermoscopic,Malignant,AKIEC,1,75.0,male,lower extremity,train
ISIC_0121050,IL_6673700,clinical,clinical: close-up,Benign,NV,0,50.0,female,,train
ISIC_5171808,IL_6673700,dermoscopic,dermoscopic,Benign,NV,0,50.0,female,,train
ISIC_8429175,IL_6676284,clinical,clinical: close-up,Malignant,AKIEC,1,80.0,male,upper extremity,train
ISIC_8860235,IL_6676284,dermoscopic,dermoscopic,Malignant,AKIEC,1,80.0,male,upper extremity,train
ISIC_2243897,IL_6677993,clinical,clinical: close-up,Benign,NV,0,55.0,male,head/neck,train
ISIC_2961437,IL_6677993,dermoscopic,dermoscopic,Benign,NV,0,55.0,male,head/neck,train
ISIC_0426781,IL_6679773,clinical,clinical: close-up,Malignant,BCC,1,55.0,female,head/neck,train
ISIC_7196937,IL_6679773,dermoscopic,dermoscopic,Malignant,BCC,1,55.0,female,head/neck,train
ISIC_6007784,IL_6680109,clinical,clinical: close-up,Malignant,BCC,1,65.0,male,,train
ISIC_5079694,IL_6680109,dermoscopic,dermoscopic,Malignant,BCC,1,65.0,male,,train
ISIC_0507617,IL_6684084,clinical,clinical: close-up,Benign,BKL,0,65.0,male,upper extremity,train
ISIC_9640662,IL_6684084,dermoscopic,dermoscopic,Benign,BKL,0,65.0,male,upper extremity,train
ISIC_7335684,IL_6686200,clinical,clinical: close-up,Malignant,BCC,1,75.0,female,head/neck,train
ISIC_6569850,IL_6686200,dermoscopic,dermoscopic,Malignant,BCC,1,75.0,female,head/neck,train
ISIC_4229124,IL_6690716,clinical,clinical: close-up,Benign,BKL,0,75.0,male,lower extremity,train
ISIC_6825359,IL_6690716,dermoscopic,dermoscopic,Benign,BKL,0,75.0,male,lower extremity,train
ISIC_9369364,IL_6691534,clinical,clinical: close-up,Malignant,BCC,1,75.0,male,,train
ISIC_0190959,IL_6691534,dermoscopic,dermoscopic,Malignant,BCC,1,75.0,male,,train
ISIC_1242913,IL_6691831,clinical,clinical: close-up,Malignant,BCC,1,85.0,female,head/neck,train
ISIC_4133448,IL_6691831,dermoscopic,dermoscopic,Malignant,BCC,1,85.0,female,head/neck,train
ISIC_7835980,IL_6695406,clinical,clinical: close-up,Malignant,MEL,1,85.0,female,head/neck,train
ISIC_6259246,IL_6695406,dermoscopic,dermoscopic,Malignant,MEL,1,85.0,female,head/neck,train
ISIC_7168635,IL_6695946,clinical,clinical: close-up,Benign,BEN_OTH,0,50.0,female,head/neck,train
ISIC_6026183,IL_6695946,dermoscopic,dermoscopic,Benign,BEN_OTH,0,50.0,female,head/neck,train
ISIC_5176734,IL_6705491,clinical,clinical: close-up,Malignant,MEL,1,70.0,male,upper extremity,train
ISIC_9266057,IL_6705491,dermoscopic,dermoscopic,Malignant,MEL,1,70.0,male,upper extremity,train
ISIC_9784837,IL_6711797,clinical,clinical: close-up,Malignant,BCC,1,85.0,male,upper extremity,train
ISIC_9153141,IL_6711797,dermoscopic,dermoscopic,Malignant,BCC,1,85.0,male,upper extremity,train
ISIC_6110252,IL_6717785,clinical,clinical: close-up,Benign,NV,0,50.0,female,,train
ISIC_5239106,IL_6717785,dermoscopic,dermoscopic,Benign,NV,0,50.0,female,,train
ISIC_5836804,IL_6718051,clinical,clinical: close-up,Malignant,BCC,1,85.0,male,head/neck,train
ISIC_4185934,IL_6718051,dermoscopic,dermoscopic,Malignant,BCC,1,85.0,male,head/neck,train
ISIC_1066863,IL_6728054,clinical,clinical: close-up,Malignant,MEL,1,40.0,female,lower extremity,train
ISIC_7227677,IL_6728054,dermoscopic,dermoscopic,Malignant,MEL,1,40.0,female,lower extremity,train
ISIC_4583576,IL_6731689,clinical,clinical: close-up,Benign,BKL,0,80.0,male,upper extremity,train
ISIC_8373214,IL_6731689,dermoscopic,dermoscopic,Benign,BKL,0,80.0,male,upper extremity,train
ISIC_3078783,IL_6732051,clinical,clinical: close-up,Malignant,BCC,1,65.0,female,upper extremity,train
ISIC_2974995,IL_6732051,dermoscopic,dermoscopic,Malignant,BCC,1,65.0,female,upper extremity,train
ISIC_4155762,IL_6733818,clinical,clinical: close-up,Malignant,BCC,1,75.0,female,,train
ISIC_9472474,IL_6733818,dermoscopic,dermoscopic,Malignant,BCC,1,75.0,female,,train
ISIC_8722591,IL_6743301,clinical,clinical: close-up,Malignant,BCC,1,65.0,male,head/neck,train
ISIC_0499568,IL_6743301,dermoscopic,dermoscopic,Malignant,BCC,1,65.0,male,head/neck,train
ISIC_4297082,IL_6751385,clinical,clinical: close-up,Malignant,SCCKA,1,65.0,male,upper extremity,train
ISIC_7774559,IL_6751385,dermoscopic,dermoscopic,Malignant,SCCKA,1,65.0,male,upper extremity,train
ISIC_2752952,IL_6752385,clinical,clinical: close-up,Benign,NV,0,30.0,female,,train
ISIC_3224359,IL_6752385,dermoscopic,dermoscopic,Benign,NV,0,30.0,female,,train
ISIC_0230558,IL_6753634,clinical,clinical: close-up,Malignant,SCCKA,1,85.0,female,lower extremity,train
ISIC_9290748,IL_6753634,dermoscopic,dermoscopic,Malignant,SCCKA,1,85.0,female,lower extremity,train
ISIC_7902533,IL_6762452,clinical,clinical: close-up,Malignant,BCC,1,45.0,female,,train
ISIC_5022439,IL_6762452,dermoscopic,dermoscopic,Malignant,BCC,1,45.0,female,,train
ISIC_5260184,IL_6765370,clinical,clinical: close-up,Malignant,BCC,1,65.0,male,upper extremity,train
ISIC_7193606,IL_6765370,dermoscopic,dermoscopic,Malignant,BCC,1,65.0,male,upper extremity,train
ISIC_0924690,IL_6767312,clinical,clinical: close-up,Malignant,BCC,1,85.0,female,,train
ISIC_2288348,IL_6767312,dermoscopic,dermoscopic,Malignant,BCC,1,85.0,female,,train
ISIC_9587357,IL_6770376,clinical,clinical: close-up,Malignant,SCCKA,1,55.0,female,upper extremity,train
ISIC_4929247,IL_6770376,dermoscopic,dermoscopic,Malignant,SCCKA,1,55.0,female,upper extremity,train
ISIC_1119486,IL_6777208,clinical,clinical: close-up,Malignant,AKIEC,1,60.0,male,,train
ISIC_2268118,IL_6777208,dermoscopic,dermoscopic,Malignant,AKIEC,1,60.0,male,,train
ISIC_0125985,IL_6780614,clinical,clinical: close-up,Malignant,BCC,1,80.0,female,head/neck,train
ISIC_8407534,IL_6780614,dermoscopic,dermoscopic,Malignant,BCC,1,80.0,female,head/neck,train
ISIC_8225518,IL_6781250,clinical,clinical: close-up,Benign,BKL,0,70.0,male,head/neck,train
ISIC_9568577,IL_6781250,dermoscopic,dermoscopic,Benign,BKL,0,70.0,male,head/neck,train
ISIC_7919661,IL_6783043,clinical,clinical: close-up,Malignant,BCC,1,65.0,male,head/neck,train
ISIC_1012530,IL_6783043,dermoscopic,dermoscopic,Malignant,BCC,1,65.0,male,head/neck,train
ISIC_2882147,IL_6784777,clinical,clinical: close-up,Malignant,BCC,1,50.0,female,head/neck,train
ISIC_7706527,IL_6784777,dermoscopic,dermoscopic,Malignant,BCC,1,50.0,female,head/neck,train
ISIC_2222551,IL_6788244,clinical,clinical: close-up,Malignant,BCC,1,75.0,male,,train
ISIC_8112188,IL_6788244,dermoscopic,dermoscopic,Malignant,BCC,1,75.0,male,,train
ISIC_5281912,IL_6790433,clinical,clinical: close-up,Malignant,BCC,1,55.0,female,head/neck,train
ISIC_8612060,IL_6790433,dermoscopic,dermoscopic,Malignant,BCC,1,55.0,female,head/neck,train
ISIC_7336445,IL_6802570,clinical,clinical: close-up,Malignant,BCC,1,45.0,male,head/neck,train
ISIC_8900097,IL_6802570,dermoscopic,dermoscopic,Malignant,BCC,1,45.0,male,head/neck,train
ISIC_3431588,IL_6802806,clinical,clinical: close-up,Malignant,BCC,1,65.0,male,,train
ISIC_4236187,IL_6802806,dermoscopic,dermoscopic,Malignant,BCC,1,65.0,male,,train
ISIC_8383870,IL_6803383,clinical,clinical: close-up,Malignant,BCC,1,50.0,female,,train
ISIC_0907354,IL_6803383,dermoscopic,dermoscopic,Malignant,BCC,1,50.0,female,,train
ISIC_2766210,IL_6806231,clinical,clinical: close-up,Benign,NV,0,50.0,female,upper extremity,train
ISIC_2205187,IL_6806231,dermoscopic,dermoscopic,Benign,NV,0,50.0,female,upper extremity,train
ISIC_0159106,IL_6812828,clinical,clinical: close-up,Benign,BKL,0,60.0,male,,train
ISIC_6590580,IL_6812828,dermoscopic,dermoscopic,Benign,BKL,0,60.0,male,,train
ISIC_5076767,IL_6816104,clinical,clinical: close-up,Malignant,BCC,1,45.0,female,,train
ISIC_6402943,IL_6816104,dermoscopic,dermoscopic,Malignant,BCC,1,45.0,female,,train
ISIC_7386871,IL_6816811,clinical,clinical: close-up,Malignant,BCC,1,65.0,male,upper extremity,train
ISIC_3675396,IL_6816811,dermoscopic,dermoscopic,Malignant,BCC,1,65.0,male,upper extremity,train
ISIC_5785000,IL_6826946,clinical,clinical: close-up,Malignant,BCC,1,60.0,male,head/neck,train
ISIC_4485874,IL_6826946,dermoscopic,dermoscopic,Malignant,BCC,1,60.0,male,head/neck,train
ISIC_8786149,IL_6827791,clinical,clinical: close-up,Malignant,BCC,1,60.0,male,,train
ISIC_3050416,IL_6827791,dermoscopic,dermoscopic,Malignant,BCC,1,60.0,male,,train
ISIC_3033593,IL_6831423,clinical,clinical: close-up,Benign,BKL,0,75.0,male,upper extremity,train
ISIC_5602759,IL_6831423,dermoscopic,dermoscopic,Benign,BKL,0,75.0,male,upper extremity,train
ISIC_3933356,IL_6832488,clinical,clinical: close-up,Benign,BEN_OTH,0,70.0,male,head/neck,train
ISIC_7886084,IL_6832488,dermoscopic,dermoscopic,Benign,BEN_OTH,0,70.0,male,head/neck,train
ISIC_0895842,IL_6833958,clinical,clinical: close-up,Malignant,AKIEC,1,50.0,male,head/neck,train
ISIC_0605910,IL_6833958,dermoscopic,dermoscopic,Malignant,AKIEC,1,50.0,male,head/neck,train
ISIC_2508300,IL_6834343,clinical,clinical: close-up,Malignant,BCC,1,65.0,female,lower extremity,train
ISIC_1587160,IL_6834343,dermoscopic,dermoscopic,Malignant,BCC,1,65.0,female,lower extremity,train
ISIC_2276012,IL_6836295,clinical,clinical: close-up,Malignant,BCC,1,70.0,female,head/neck,train
ISIC_7042361,IL_6836295,dermoscopic,dermoscopic,Malignant,BCC,1,70.0,female,head/neck,train
ISIC_3560001,IL_6836938,clinical,clinical: close-up,Benign,NV,0,60.0,male,,train
ISIC_7139592,IL_6836938,dermoscopic,dermoscopic,Benign,NV,0,60.0,male,,train
ISIC_2886088,IL_6841105,clinical,clinical: close-up,Malignant,BCC,1,40.0,female,,train
ISIC_9390664,IL_6841105,dermoscopic,dermoscopic,Malignant,BCC,1,40.0,female,,train
ISIC_2099638,IL_6845657,clinical,clinical: close-up,Malignant,BCC,1,50.0,male,head/neck,train
ISIC_0472359,IL_6845657,dermoscopic,dermoscopic,Malignant,BCC,1,50.0,male,head/neck,train
ISIC_5308424,IL_6847142,clinical,clinical: close-up,Malignant,BCC,1,65.0,female,lower extremity,train
ISIC_7030907,IL_6847142,dermoscopic,dermoscopic,Malignant,BCC,1,65.0,female,lower extremity,train
ISIC_0230992,IL_6849118,clinical,clinical: close-up,Malignant,SCCKA,1,65.0,male,upper extremity,train
ISIC_8257388,IL_6849118,dermoscopic,dermoscopic,Malignant,SCCKA,1,65.0,male,upper extremity,train
ISIC_3535393,IL_6852784,clinical,clinical: close-up,Malignant,SCCKA,1,65.0,female,lower extremity,train
ISIC_8984180,IL_6852784,dermoscopic,dermoscopic,Malignant,SCCKA,1,65.0,female,lower extremity,train
ISIC_4821829,IL_6853458,clinical,clinical: close-up,Malignant,BCC,1,55.0,male,,train
ISIC_4490552,IL_6853458,dermoscopic,dermoscopic,Malignant,BCC,1,55.0,male,,train
ISIC_0635424,IL_6860509,clinical,clinical: close-up,Benign,NV,0,50.0,female,,train
ISIC_3587898,IL_6860509,dermoscopic,dermoscopic,Benign,NV,0,50.0,female,,train
ISIC_8044922,IL_6862607,clinical,clinical: close-up,Malignant,MEL,1,45.0,female,,train
ISIC_7143359,IL_6862607,dermoscopic,dermoscopic,Malignant,MEL,1,45.0,female,,train
ISIC_2659768,IL_6867211,clinical,clinical: close-up,Malignant,BCC,1,60.0,male,upper extremity,train
ISIC_6444211,IL_6867211,dermoscopic,dermoscopic,Malignant,BCC,1,60.0,male,upper extremity,train
ISIC_5904770,IL_6868637,clinical,clinical: close-up,Malignant,BCC,1,55.0,male,lower extremity,train
ISIC_8274052,IL_6868637,dermoscopic,dermoscopic,Malignant,BCC,1,55.0,male,lower extremity,train
ISIC_9172622,IL_6869608,clinical,clinical: close-up,Benign,NV,0,45.0,female,lower extremity,train
ISIC_0628522,IL_6869608,dermoscopic,dermoscopic,Benign,NV,0,45.0,female,lower extremity,train
ISIC_4082323,IL_6873122,clinical,clinical: close-up,Malignant,BCC,1,85.0,female,head/neck,train
ISIC_7451740,IL_6873122,dermoscopic,dermoscopic,Malignant,BCC,1,85.0,female,head/neck,train
ISIC_8853941,IL_6877500,clinical,clinical: close-up,Benign,NV,0,65.0,male,lower extremity,train
ISIC_8072870,IL_6877500,dermoscopic,dermoscopic,Benign,NV,0,65.0,male,lower extremity,train
ISIC_9586593,IL_6881549,clinical,clinical: close-up,Malignant,MEL,1,50.0,male,,train
ISIC_4444976,IL_6881549,dermoscopic,dermoscopic,Malignant,MEL,1,50.0,male,,train
ISIC_3636477,IL_6887782,clinical,clinical: close-up,Malignant,MEL,1,70.0,female,head/neck,train
ISIC_6801081,IL_6887782,dermoscopic,dermoscopic,Malignant,MEL,1,70.0,female,head/neck,train
ISIC_7648987,IL_6890613,clinical,clinical: close-up,Malignant,BCC,1,60.0,male,upper extremity,train
ISIC_1217127,IL_6890613,dermoscopic,dermoscopic,Malignant,BCC,1,60.0,male,upper extremity,train
ISIC_0441765,IL_6891715,clinical,clinical: close-up,Malignant,BCC,1,75.0,male,head/neck,train
ISIC_4316947,IL_6891715,dermoscopic,dermoscopic,Malignant,BCC,1,75.0,male,head/neck,train
ISIC_9309251,IL_6897591,clinical,clinical: close-up,Malignant,BCC,1,55.0,male,head/neck,train
ISIC_0783408,IL_6897591,dermoscopic,dermoscopic,Malignant,BCC,1,55.0,male,head/neck,train
ISIC_2736440,IL_6900005,clinical,clinical: close-up,Malignant,SCCKA,1,80.0,male,lower extremity,train
ISIC_1424240,IL_6900005,dermoscopic,dermoscopic,Malignant,SCCKA,1,80.0,male,lower extremity,train
ISIC_6412771,IL_6901137,clinical,clinical: close-up,Benign,NV,0,25.0,male,,train
ISIC_7105831,IL_6901137,dermoscopic,dermoscopic,Benign,NV,0,25.0,male,,train
ISIC_0637039,IL_6904251,clinical,clinical: close-up,Malignant,MEL,1,85.0,male,,train
ISIC_3667052,IL_6904251,dermoscopic,dermoscopic,Malignant,MEL,1,85.0,male,,train
ISIC_6194754,IL_6907035,clinical,clinical: close-up,Indeterminate,AKIEC,1,60.0,male,head/neck,train
ISIC_2039556,IL_6907035,dermoscopic,dermoscopic,Indeterminate,AKIEC,1,60.0,male,head/neck,train
ISIC_0497671,IL_6910887,clinical,clinical: close-up,Malignant,SCCKA,1,80.0,male,head/neck,train
ISIC_8657483,IL_6910887,dermoscopic,dermoscopic,Malignant,SCCKA,1,80.0,male,head/neck,train
ISIC_2648102,IL_6914353,clinical,clinical: close-up,Benign,BKL,0,80.0,male,,train
ISIC_5013822,IL_6914353,dermoscopic,dermoscopic,Benign,BKL,0,80.0,male,,train
ISIC_7466654,IL_6918825,clinical,clinical: close-up,Malignant,BCC,1,70.0,female,head/neck,train
ISIC_0308676,IL_6918825,dermoscopic,dermoscopic,Malignant,BCC,1,70.0,female,head/neck,train
ISIC_3645026,IL_6921814,clinical,clinical: close-up,Benign,INF,0,65.0,female,,train
ISIC_0939581,IL_6921814,dermoscopic,dermoscopic,Benign,INF,0,65.0,female,,train
ISIC_3830802,IL_6923101,clinical,clinical: close-up,Benign,BKL,0,65.0,male,head/neck,train
ISIC_6045266,IL_6923101,dermoscopic,dermoscopic,Benign,BKL,0,65.0,male,head/neck,train
ISIC_1293046,IL_6926663,clinical,clinical: close-up,Benign,BKL,0,80.0,male,head/neck,train
ISIC_6545015,IL_6926663,dermoscopic,dermoscopic,Benign,BKL,0,80.0,male,head/neck,train
ISIC_1141942,IL_6931875,clinical,clinical: close-up,Malignant,BCC,1,85.0,male,head/neck,train
ISIC_0386589,IL_6931875,dermoscopic,dermoscopic,Malignant,BCC,1,85.0,male,head/neck,train
ISIC_9339729,IL_6934051,clinical,clinical: close-up,Malignant,BCC,1,65.0,male,,train
ISIC_7806895,IL_6934051,dermoscopic,dermoscopic,Malignant,BCC,1,65.0,male,,train
ISIC_6303646,IL_6935621,clinical,clinical: close-up,Malignant,BCC,1,50.0,female,upper extremity,train
ISIC_5419605,IL_6935621,dermoscopic,dermoscopic,Malignant,BCC,1,50.0,female,upper extremity,train
ISIC_5842417,IL_6942277,clinical,clinical: close-up,Malignant,BCC,1,50.0,female,,train
ISIC_9255841,IL_6942277,dermoscopic,dermoscopic,Malignant,BCC,1,50.0,female,,train
ISIC_7096753,IL_6943696,clinical,clinical: close-up,Malignant,MEL,1,55.0,male,,train
ISIC_3511086,IL_6943696,dermoscopic,dermoscopic,Malignant,MEL,1,55.0,male,,train
ISIC_9261289,IL_6944538,clinical,clinical: close-up,Malignant,BCC,1,70.0,male,head/neck,train
ISIC_3799041,IL_6944538,dermoscopic,dermoscopic,Malignant,BCC,1,70.0,male,head/neck,train
ISIC_3761563,IL_6946441,clinical,clinical: close-up,Malignant,BCC,1,80.0,male,upper extremity,train
ISIC_9329600,IL_6946441,dermoscopic,dermoscopic,Malignant,BCC,1,80.0,male,upper extremity,train
ISIC_5212180,IL_6947307,clinical,clinical: close-up,Malignant,MEL,1,60.0,male,,train
ISIC_7501825,IL_6947307,dermoscopic,dermoscopic,Malignant,MEL,1,60.0,male,,train
ISIC_1868456,IL_6952283,clinical,clinical: close-up,Malignant,BCC,1,70.0,male,head/neck,train
ISIC_6759359,IL_6952283,dermoscopic,dermoscopic,Malignant,BCC,1,70.0,male,head/neck,train
ISIC_6595206,IL_6954282,clinical,clinical: close-up,Malignant,BCC,1,85.0,male,upper extremity,train
ISIC_2035169,IL_6954282,dermoscopic,dermoscopic,Malignant,BCC,1,85.0,male,upper extremity,train
ISIC_8326686,IL_6955894,clinical,clinical: close-up,Malignant,SCCKA,1,85.0,male,upper extremity,train
ISIC_2336235,IL_6955894,dermoscopic,dermoscopic,Malignant,SCCKA,1,85.0,male,upper extremity,train
ISIC_4441956,IL_6955950,clinical,clinical: close-up,Malignant,BCC,1,70.0,female,head/neck,train
ISIC_2731701,IL_6955950,dermoscopic,dermoscopic,Malignant,BCC,1,70.0,female,head/neck,train
ISIC_8596125,IL_6960759,clinical,clinical: close-up,Benign,NV,0,60.0,male,,train
ISIC_7053064,IL_6960759,dermoscopic,dermoscopic,Benign,NV,0,60.0,male,,train
ISIC_6419369,IL_6962518,clinical,clinical: close-up,Benign,BKL,0,85.0,female,head/neck,train
ISIC_1375994,IL_6962518,dermoscopic,dermoscopic,Benign,BKL,0,85.0,female,head/neck,train
ISIC_2458155,IL_6964615,clinical,clinical: close-up,Malignant,SCCKA,1,55.0,male,head/neck,train
ISIC_4146633,IL_6964615,dermoscopic,dermoscopic,Malignant,SCCKA,1,55.0,male,head/neck,train
ISIC_5031508,IL_6967466,clinical,clinical: close-up,Indeterminate,AKIEC,1,70.0,male,head/neck,train
ISIC_8058034,IL_6967466,dermoscopic,dermoscopic,Indeterminate,AKIEC,1,70.0,male,head/neck,train
ISIC_6966608,IL_6970839,clinical,clinical: close-up,Malignant,BCC,1,30.0,male,,train
ISIC_7308323,IL_6970839,dermoscopic,dermoscopic,Malignant,BCC,1,30.0,male,,train
ISIC_0965611,IL_6971040,clinical,clinical: close-up,Malignant,BCC,1,75.0,male,upper extremity,train
ISIC_5953259,IL_6971040,dermoscopic,dermoscopic,Malignant,BCC,1,75.0,male,upper extremity,train
ISIC_0988479,IL_6975771,clinical,clinical: close-up,Benign,BKL,0,80.0,female,,train
ISIC_7188767,IL_6975771,dermoscopic,dermoscopic,Benign,BKL,0,80.0,female,,train
ISIC_8898114,IL_6976997,clinical,clinical: close-up,Malignant,BCC,1,60.0,male,lower extremity,train
ISIC_8789412,IL_6976997,dermoscopic,dermoscopic,Malignant,BCC,1,60.0,male,lower extremity,train
ISIC_2070258,IL_6981677,clinical,clinical: close-up,Benign,BKL,0,50.0,female,upper extremity,train
ISIC_9566721,IL_6981677,dermoscopic,dermoscopic,Benign,BKL,0,50.0,female,upper extremity,train
ISIC_2313224,IL_6982257,clinical,clinical: close-up,Benign,BKL,0,50.0,male,head/neck,train
ISIC_7889425,IL_6982257,dermoscopic,dermoscopic,Benign,BKL,0,50.0,male,head/neck,train
ISIC_7495478,IL_6985784,clinical,clinical: close-up,Malignant,BCC,1,60.0,male,,train
ISIC_9814156,IL_6985784,dermoscopic,dermoscopic,Malignant,BCC,1,60.0,male,,train
ISIC_7905939,IL_6994946,clinical,clinical: close-up,Malignant,BCC,1,85.0,male,,train
ISIC_1099345,IL_6994946,dermoscopic,dermoscopic,Malignant,BCC,1,85.0,male,,train
ISIC_9690596,IL_6995611,clinical,clinical: close-up,Malignant,BCC,1,60.0,male,,train
ISIC_7126369,IL_6995611,dermoscopic,dermoscopic,Malignant,BCC,1,60.0,male,,train
ISIC_1858857,IL_7002218,clinical,clinical: close-up,Malignant,BCC,1,75.0,male,,train
ISIC_7101608,IL_7002218,dermoscopic,dermoscopic,Malignant,BCC,1,75.0,male,,train
ISIC_8172746,IL_7009317,clinical,clinical: close-up,Malignant,BCC,1,80.0,male,lower extremity,train
ISIC_6550575,IL_7009317,dermoscopic,dermoscopic,Malignant,BCC,1,80.0,male,lower extremity,train
ISIC_5398729,IL_7020464,clinical,clinical: close-up,Malignant,BCC,1,65.0,female,,train
ISIC_5978873,IL_7020464,dermoscopic,dermoscopic,Malignant,BCC,1,65.0,female,,train
ISIC_8224925,IL_7023776,clinical,clinical: close-up,Malignant,MEL,1,70.0,male,head/neck,train
ISIC_0303344,IL_7023776,dermoscopic,dermoscopic,Malignant,MEL,1,70.0,male,head/neck,train
ISIC_8375920,IL_7025715,clinical,clinical: close-up,Malignant,BCC,1,40.0,female,head/neck,train
ISIC_4891974,IL_7025715,dermoscopic,dermoscopic,Malignant,BCC,1,40.0,female,head/neck,train
ISIC_3782737,IL_7034228,clinical,clinical: close-up,Malignant,SCCKA,1,75.0,male,head/neck,train
ISIC_5980977,IL_7034228,dermoscopic,dermoscopic,Malignant,SCCKA,1,75.0,male,head/neck,train
ISIC_5908271,IL_7037144,clinical,clinical: close-up,Malignant,BCC,1,65.0,female,lower extremity,train
ISIC_0796884,IL_7037144,dermoscopic,dermoscopic,Malignant,BCC,1,65.0,female,lower extremity,train
ISIC_4718280,IL_7041328,clinical,clinical: close-up,Malignant,BCC,1,50.0,female,head/neck,train
ISIC_3023055,IL_7041328,dermoscopic,dermoscopic,Malignant,BCC,1,50.0,female,head/neck,train
ISIC_9208623,IL_7050947,clinical,clinical: close-up,Malignant,BCC,1,30.0,male,,train
ISIC_6757914,IL_7050947,dermoscopic,dermoscopic,Malignant,BCC,1,30.0,male,,train
ISIC_2611411,IL_7052424,clinical,clinical: close-up,Benign,NV,0,5.0,male,lower extremity,train
ISIC_1460132,IL_7052424,dermoscopic,dermoscopic,Benign,NV,0,5.0,male,lower extremity,train
ISIC_2426618,IL_7060630,clinical,clinical: close-up,Malignant,AKIEC,1,75.0,female,head/neck,train
ISIC_1917329,IL_7060630,dermoscopic,dermoscopic,Malignant,AKIEC,1,75.0,female,head/neck,train
ISIC_9933283,IL_7062666,clinical,clinical: close-up,Malignant,BCC,1,65.0,female,upper extremity,train
ISIC_7588660,IL_7062666,dermoscopic,dermoscopic,Malignant,BCC,1,65.0,female,upper extremity,train
ISIC_1936960,IL_7063855,clinical,clinical: close-up,Malignant,BCC,1,60.0,male,upper extremity,train
ISIC_2323901,IL_7063855,dermoscopic,dermoscopic,Malignant,BCC,1,60.0,male,upper extremity,train
ISIC_6932479,IL_7064564,clinical,clinical: close-up,Malignant,BCC,1,70.0,male,head/neck,train
ISIC_8240527,IL_7064564,dermoscopic,dermoscopic,Malignant,BCC,1,70.0,male,head/neck,train
ISIC_2062545,IL_7071169,clinical,clinical: close-up,Indeterminate,AKIEC,1,80.0,male,head/neck,train
ISIC_3513821,IL_7071169,dermoscopic,dermoscopic,Indeterminate,AKIEC,1,80.0,male,head/neck,train
ISIC_7286255,IL_7074375,clinical,clinical: close-up,Malignant,BCC,1,55.0,female,,train
ISIC_4583761,IL_7074375,dermoscopic,dermoscopic,Malignant,BCC,1,55.0,female,,train
ISIC_7550843,IL_7075634,clinical,clinical: close-up,Benign,BEN_OTH,0,30.0,female,lower extremity,train
ISIC_5221340,IL_7075634,dermoscopic,dermoscopic,Benign,BEN_OTH,0,30.0,female,lower extremity,train
ISIC_9778028,IL_7077656,clinical,clinical: close-up,Malignant,BCC,1,55.0,male,,train
ISIC_8229493,IL_7077656,dermoscopic,dermoscopic,Malignant,BCC,1,55.0,male,,train
ISIC_0325053,IL_7085147,clinical,clinical: close-up,Benign,NV,0,60.0,male,head/neck,train
ISIC_8905603,IL_7085147,dermoscopic,dermoscopic,Benign,NV,0,60.0,male,head/neck,train
ISIC_5395930,IL_7085786,clinical,clinical: close-up,Malignant,BCC,1,65.0,male,upper extremity,train
ISIC_0141332,IL_7085786,dermoscopic,dermoscopic,Malignant,BCC,1,65.0,male,upper extremity,train
ISIC_0217174,IL_7096412,clinical,clinical: close-up,Malignant,BCC,1,75.0,male,head/neck,train
ISIC_0720537,IL_7096412,dermoscopic,dermoscopic,Malignant,BCC,1,75.0,male,head/neck,train
ISIC_9072692,IL_7101016,clinical,clinical: close-up,Malignant,BCC,1,55.0,male,head/neck,train
ISIC_5064090,IL_7101016,dermoscopic,dermoscopic,Malignant,BCC,1,55.0,male,head/neck,train
ISIC_0350911,IL_7103139,clinical,clinical: close-up,Benign,NV,0,25.0,female,,train
ISIC_9688192,IL_7103139,dermoscopic,dermoscopic,Benign,NV,0,25.0,female,,train
ISIC_2233726,IL_7103424,clinical,clinical: close-up,Malignant,BCC,1,65.0,female,head/neck,train
ISIC_4807163,IL_7103424,dermoscopic,dermoscopic,Malignant,BCC,1,65.0,female,head/neck,train
ISIC_5943733,IL_7110951,clinical,clinical: close-up,Malignant,BCC,1,65.0,male,head/neck,train
ISIC_5352626,IL_7110951,dermoscopic,dermoscopic,Malignant,BCC,1,65.0,male,head/neck,train
ISIC_4004241,IL_7113968,clinical,clinical: close-up,Malignant,SCCKA,1,80.0,male,head/neck,train
ISIC_4552842,IL_7113968,dermoscopic,dermoscopic,Malignant,SCCKA,1,80.0,male,head/neck,train
ISIC_3432469,IL_7115746,clinical,clinical: close-up,Malignant,BCC,1,85.0,male,head/neck,train
ISIC_2324920,IL_7115746,dermoscopic,dermoscopic,Malignant,BCC,1,85.0,male,head/neck,train
ISIC_0987929,IL_7117274,clinical,clinical: close-up,Malignant,BCC,1,80.0,male,,train
ISIC_0319894,IL_7117274,dermoscopic,dermoscopic,Malignant,BCC,1,80.0,male,,train
ISIC_2240444,IL_7117904,clinical,clinical: close-up,Benign,BKL,0,45.0,female,,train
ISIC_8627295,IL_7117904,dermoscopic,dermoscopic,Benign,BKL,0,45.0,female,,train
ISIC_6070696,IL_7119358,clinical,clinical: close-up,Benign,NV,0,65.0,male,,train
ISIC_4363100,IL_7119358,dermoscopic,dermoscopic,Benign,NV,0,65.0,male,,train
ISIC_1468532,IL_7131133,clinical,clinical: close-up,Malignant,BCC,1,50.0,male,,train
ISIC_7882504,IL_7131133,dermoscopic,dermoscopic,Malignant,BCC,1,50.0,male,,train
ISIC_3037740,IL_7133935,clinical,clinical: close-up,Benign,NV,0,20.0,male,lower extremity,train
ISIC_0095743,IL_7133935,dermoscopic,dermoscopic,Benign,NV,0,20.0,male,lower extremity,train
ISIC_8878792,IL_7135513,clinical,clinical: close-up,Benign,BKL,0,75.0,female,lower extremity,train
ISIC_5217075,IL_7135513,dermoscopic,dermoscopic,Benign,BKL,0,75.0,female,lower extremity,train
ISIC_7821426,IL_7136184,clinical,clinical: close-up,Benign,NV,0,25.0,male,,train
ISIC_2604782,IL_7136184,dermoscopic,dermoscopic,Benign,NV,0,25.0,male,,train
ISIC_5425472,IL_7140483,clinical,clinical: close-up,Malignant,BCC,1,55.0,female,,train
ISIC_2880667,IL_7140483,dermoscopic,dermoscopic,Malignant,BCC,1,55.0,female,,train
ISIC_8078817,IL_7141559,clinical,clinical: close-up,Benign,VASC,0,45.0,male,,train
ISIC_4881815,IL_7141559,dermoscopic,dermoscopic,Benign,VASC,0,45.0,male,,train
ISIC_5992256,IL_7144691,clinical,clinical: close-up,Malignant,BCC,1,60.0,male,,train
ISIC_5901264,IL_7144691,dermoscopic,dermoscopic,Malignant,BCC,1,60.0,male,,train
ISIC_9562167,IL_7145393,clinical,clinical: close-up,Malignant,MEL,1,65.0,male,head/neck,train
ISIC_8815594,IL_7145393,dermoscopic,dermoscopic,Malignant,MEL,1,65.0,male,head/neck,train
ISIC_2617383,IL_7147688,clinical,clinical: close-up,Indeterminate,AKIEC,1,85.0,female,lower extremity,train
ISIC_3009842,IL_7147688,dermoscopic,dermoscopic,Indeterminate,AKIEC,1,85.0,female,lower extremity,train
ISIC_6966227,IL_7148705,clinical,clinical: close-up,Benign,NV,0,60.0,female,lower extremity,train
ISIC_9477090,IL_7148705,dermoscopic,dermoscopic,Benign,NV,0,60.0,female,lower extremity,train
ISIC_7138482,IL_7148774,clinical,clinical: close-up,Malignant,BCC,1,85.0,male,head/neck,train
ISIC_1344587,IL_7148774,dermoscopic,dermoscopic,Malignant,BCC,1,85.0,male,head/neck,train
ISIC_1784132,IL_7151010,clinical,clinical: close-up,Benign,BKL,0,45.0,female,head/neck,train
ISIC_6959082,IL_7151010,dermoscopic,dermoscopic,Benign,BKL,0,45.0,female,head/neck,train
ISIC_7645695,IL_7154137,clinical,clinical: close-up,Malignant,SCCKA,1,50.0,male,head/neck,train
ISIC_3203799,IL_7154137,dermoscopic,dermoscopic,Malignant,SCCKA,1,50.0,male,head/neck,train
ISIC_5519093,IL_7159942,clinical,clinical: close-up,Benign,NV,0,40.0,male,lower extremity,train
ISIC_6550801,IL_7159942,dermoscopic,dermoscopic,Benign,NV,0,40.0,male,lower extremity,train
ISIC_9730737,IL_7165616,clinical,clinical: close-up,Indeterminate,AKIEC,1,75.0,male,head/neck,train
ISIC_7356122,IL_7165616,dermoscopic,dermoscopic,Indeterminate,AKIEC,1,75.0,male,head/neck,train
ISIC_6503857,IL_7168178,clinical,clinical: close-up,Malignant,BCC,1,65.0,male,head/neck,train
ISIC_5597408,IL_7168178,dermoscopic,dermoscopic,Malignant,BCC,1,65.0,male,head/neck,train
ISIC_0148805,IL_7170892,clinical,clinical: close-up,Malignant,BCC,1,75.0,male,upper extremity,train
ISIC_9218783,IL_7170892,dermoscopic,dermoscopic,Malignant,BCC,1,75.0,male,upper extremity,train
ISIC_0989126,IL_7173573,clinical,clinical: close-up,Benign,NV,0,35.0,female,,train
ISIC_3362091,IL_7173573,dermoscopic,dermoscopic,Benign,NV,0,35.0,female,,train
ISIC_9318888,IL_7181510,clinical,clinical: close-up,Malignant,BCC,1,65.0,male,lower extremity,train
ISIC_3774225,IL_7181510,dermoscopic,dermoscopic,Malignant,BCC,1,65.0,male,lower extremity,train
ISIC_5753091,IL_7182568,clinical,clinical: close-up,Malignant,BCC,1,45.0,female,,train
ISIC_9688065,IL_7182568,dermoscopic,dermoscopic,Malignant,BCC,1,45.0,female,,train
ISIC_4494081,IL_7186549,clinical,clinical: close-up,Malignant,BCC,1,65.0,male,upper extremity,train
ISIC_0197527,IL_7186549,dermoscopic,dermoscopic,Malignant,BCC,1,65.0,male,upper extremity,train
ISIC_4491147,IL_7193768,clinical,clinical: close-up,Benign,NV,0,45.0,male,lower extremity,train
ISIC_5767646,IL_7193768,dermoscopic,dermoscopic,Benign,NV,0,45.0,male,lower extremity,train
ISIC_7957331,IL_7198144,clinical,clinical: close-up,Malignant,BCC,1,50.0,male,,train
ISIC_4080973,IL_7198144,dermoscopic,dermoscopic,Malignant,BCC,1,50.0,male,,train
ISIC_1386079,IL_7199069,clinical,clinical: close-up,Malignant,BCC,1,60.0,male,head/neck,train
ISIC_4051799,IL_7199069,dermoscopic,dermoscopic,Malignant,BCC,1,60.0,male,head/neck,train
ISIC_4135378,IL_7206184,clinical,clinical: close-up,Malignant,AKIEC,1,60.0,male,lower extremity,train
ISIC_5056247,IL_7206184,dermoscopic,dermoscopic,Malignant,AKIEC,1,60.0,male,lower extremity,train
ISIC_9660882,IL_7206391,clinical,clinical: close-up,Malignant,BCC,1,50.0,male,head/neck,train
ISIC_7668414,IL_7206391,dermoscopic,dermoscopic,Malignant,BCC,1,50.0,male,head/neck,train
ISIC_5317598,IL_7208264,clinical,clinical: close-up,Malignant,SCCKA,1,50.0,male,head/neck,train
ISIC_9686538,IL_7208264,dermoscopic,dermoscopic,Malignant,SCCKA,1,50.0,male,head/neck,train
ISIC_5706903,IL_7210800,clinical,clinical: close-up,Malignant,MEL,1,50.0,female,,train
ISIC_6048752,IL_7210800,dermoscopic,dermoscopic,Malignant,MEL,1,50.0,female,,train
ISIC_0855130,IL_7210952,clinical,clinical: close-up,Malignant,BCC,1,65.0,male,head/neck,train
ISIC_7116804,IL_7210952,dermoscopic,dermoscopic,Malignant,BCC,1,65.0,male,head/neck,train
ISIC_6481562,IL_7213774,clinical,clinical: close-up,Malignant,BCC,1,55.0,female,upper extremity,train
ISIC_7858765,IL_7213774,dermoscopic,dermoscopic,Malignant,BCC,1,55.0,female,upper extremity,train
ISIC_5719893,IL_7215009,clinical,clinical: close-up,Malignant,SCCKA,1,85.0,male,lower extremity,train
ISIC_9419736,IL_7215009,dermoscopic,dermoscopic,Malignant,SCCKA,1,85.0,male,lower extremity,train
ISIC_1424951,IL_7216660,clinical,clinical: close-up,Benign,NV,0,50.0,male,,train
ISIC_1430481,IL_7216660,dermoscopic,dermoscopic,Benign,NV,0,50.0,male,,train
ISIC_3672834,IL_7217453,clinical,clinical: close-up,Benign,NV,0,45.0,male,,train
ISIC_7391014,IL_7217453,dermoscopic,dermoscopic,Benign,NV,0,45.0,male,,train
ISIC_2414931,IL_7224392,clinical,clinical: close-up,Malignant,BCC,1,65.0,male,,train
ISIC_1182747,IL_7224392,dermoscopic,dermoscopic,Malignant,BCC,1,65.0,male,,train
ISIC_0831021,IL_7227279,clinical,clinical: close-up,Malignant,AKIEC,1,65.0,female,head/neck,train
ISIC_9824186,IL_7227279,dermoscopic,dermoscopic,Malignant,AKIEC,1,65.0,female,head/neck,train
ISIC_5110194,IL_7229080,clinical,clinical: close-up,Benign,BKL,0,70.0,male,,train
ISIC_8508207,IL_7229080,dermoscopic,dermoscopic,Benign,BKL,0,70.0,male,,train
ISIC_0286860,IL_7230788,clinical,clinical: close-up,Benign,DF,0,65.0,male,upper extremity,train
ISIC_1954444,IL_7230788,dermoscopic,dermoscopic,Benign,DF,0,65.0,male,upper extremity,train
ISIC_5301687,IL_7232316,clinical,clinical: close-up,Malignant,BCC,1,70.0,male,head/neck,train
ISIC_6366384,IL_7232316,dermoscopic,dermoscopic,Malignant,BCC,1,70.0,male,head/neck,train
ISIC_4158420,IL_7237834,clinical,clinical: close-up,Malignant,BCC,1,55.0,male,lower extremity,train
ISIC_2857248,IL_7237834,dermoscopic,dermoscopic,Malignant,BCC,1,55.0,male,lower extremity,train
ISIC_4138560,IL_7239273,clinical,clinical: close-up,Malignant,BCC,1,55.0,female,,train
ISIC_7788766,IL_7239273,dermoscopic,dermoscopic,Malignant,BCC,1,55.0,female,,train
ISIC_0863711,IL_7240190,clinical,clinical: close-up,Malignant,BCC,1,45.0,female,upper extremity,train
ISIC_9447530,IL_7240190,dermoscopic,dermoscopic,Malignant,BCC,1,45.0,female,upper extremity,train
ISIC_0127934,IL_7240345,clinical,clinical: close-up,Benign,NV,0,5.0,female,lower extremity,train
ISIC_7973098,IL_7240345,dermoscopic,dermoscopic,Benign,NV,0,5.0,female,lower extremity,train
ISIC_5280186,IL_7242669,clinical,clinical: close-up,Benign,NV,0,60.0,female,,train
ISIC_4204876,IL_7242669,dermoscopic,dermoscopic,Benign,NV,0,60.0,female,,train
ISIC_8884437,IL_7243389,clinical,clinical: close-up,Benign,NV,0,65.0,female,lower extremity,train
ISIC_7615308,IL_7243389,dermoscopic,dermoscopic,Benign,NV,0,65.0,female,lower extremity,train
ISIC_7032433,IL_7244270,clinical,clinical: close-up,Malignant,BCC,1,65.0,female,,train
ISIC_9774801,IL_7244270,dermoscopic,dermoscopic,Malignant,BCC,1,65.0,female,,train
ISIC_3159993,IL_7252139,clinical,clinical: close-up,Benign,BKL,0,65.0,male,upper extremity,train
ISIC_1607224,IL_7252139,dermoscopic,dermoscopic,Benign,BKL,0,65.0,male,upper extremity,train
ISIC_5967951,IL_7253924,clinical,clinical: close-up,Malignant,BCC,1,70.0,male,lower extremity,train
ISIC_0746908,IL_7253924,dermoscopic,dermoscopic,Malignant,BCC,1,70.0,male,lower extremity,train
ISIC_7479360,IL_7257549,clinical,clinical: close-up,Malignant,BCC,1,60.0,female,,train
ISIC_3888868,IL_7257549,dermoscopic,dermoscopic,Malignant,BCC,1,60.0,female,,train
ISIC_9973095,IL_7263910,clinical,clinical: close-up,Malignant,AKIEC,1,65.0,female,head/neck,train
ISIC_9428829,IL_7263910,dermoscopic,dermoscopic,Malignant,AKIEC,1,65.0,female,head/neck,train
ISIC_2006791,IL_7270407,clinical,clinical: close-up,Malignant,BCC,1,75.0,male,,train
ISIC_0143535,IL_7270407,dermoscopic,dermoscopic,Malignant,BCC,1,75.0,male,,train
ISIC_3974637,IL_7273243,clinical,clinical: close-up,Benign,NV,0,40.0,female,head/neck,train
ISIC_9287993,IL_7273243,dermoscopic,dermoscopic,Benign,NV,0,40.0,female,head/neck,train
ISIC_0307392,IL_7278606,clinical,clinical: close-up,Malignant,BCC,1,85.0,female,upper extremity,train
ISIC_3395616,IL_7278606,dermoscopic,dermoscopic,Malignant,BCC,1,85.0,female,upper extremity,train
ISIC_8531625,IL_7288279,clinical,clinical: close-up,Malignant,BCC,1,65.0,female,upper extremity,train
ISIC_2062148,IL_7288279,dermoscopic,dermoscopic,Malignant,BCC,1,65.0,female,upper extremity,train
ISIC_0798109,IL_7288845,clinical,clinical: close-up,Malignant,BCC,1,50.0,male,head/neck,train
ISIC_8551756,IL_7288845,dermoscopic,dermoscopic,Malignant,BCC,1,50.0,male,head/neck,train
ISIC_6724521,IL_7289099,clinical,clinical: close-up,Benign,BKL,0,70.0,male,head/neck,train
ISIC_6254065,IL_7289099,dermoscopic,dermoscopic,Benign,BKL,0,70.0,male,head/neck,train
ISIC_1801884,IL_7292405,clinical,clinical: close-up,Malignant,SCCKA,1,65.0,male,head/neck,train
ISIC_9145770,IL_7292405,dermoscopic,dermoscopic,Malignant,SCCKA,1,65.0,male,head/neck,train
ISIC_2664046,IL_7294930,clinical,clinical: close-up,Malignant,BCC,1,80.0,male,,train
ISIC_9611388,IL_7294930,dermoscopic,dermoscopic,Malignant,BCC,1,80.0,male,,train
ISIC_8375466,IL_7295306,clinical,clinical: close-up,Malignant,BCC,1,80.0,male,head/neck,train
ISIC_9543842,IL_7295306,dermoscopic,dermoscopic,Malignant,BCC,1,80.0,male,head/neck,train
ISIC_5967560,IL_7296591,clinical,clinical: close-up,Malignant,BCC,1,70.0,female,upper extremity,train
ISIC_1207350,IL_7296591,dermoscopic,dermoscopic,Malignant,BCC,1,70.0,female,upper extremity,train
ISIC_4689149,IL_7304734,clinical,clinical: close-up,Malignant,SCCKA,1,60.0,male,upper extremity,train
ISIC_6044250,IL_7304734,dermoscopic,dermoscopic,Malignant,SCCKA,1,60.0,male,upper extremity,train
ISIC_6679416,IL_7319157,clinical,clinical: close-up,Malignant,BCC,1,55.0,female,,train
ISIC_2020122,IL_7319157,dermoscopic,dermoscopic,Malignant,BCC,1,55.0,female,,train
ISIC_1359419,IL_7320172,clinical,clinical: close-up,Malignant,MEL,1,85.0,male,,train
ISIC_4282860,IL_7320172,dermoscopic,dermoscopic,Malignant,MEL,1,85.0,male,,train
ISIC_4520270,IL_7331550,clinical,clinical: close-up,Indeterminate,AKIEC,1,80.0,male,head/neck,train
ISIC_5335240,IL_7331550,dermoscopic,dermoscopic,Indeterminate,AKIEC,1,80.0,male,head/neck,train
ISIC_1869252,IL_7331633,clinical,clinical: close-up,Benign,INF,0,10.0,male,head/neck,train
ISIC_6119847,IL_7331633,dermoscopic,dermoscopic,Benign,INF,0,10.0,male,head/neck,train
ISIC_5083751,IL_7332620,clinical,clinical: close-up,Malignant,BCC,1,45.0,male,lower extremity,train
ISIC_9263753,IL_7332620,dermoscopic,dermoscopic,Malignant,BCC,1,45.0,male,lower extremity,train
ISIC_2972264,IL_7333978,clinical,clinical: close-up,Malignant,MEL,1,85.0,male,,train
ISIC_5602394,IL_7333978,dermoscopic,dermoscopic,Malignant,MEL,1,85.0,male,,train
ISIC_7747685,IL_7335735,clinical,clinical: close-up,Malignant,BCC,1,55.0,male,,train
ISIC_8776361,IL_7335735,dermoscopic,dermoscopic,Malignant,BCC,1,55.0,male,,train
ISIC_4987986,IL_7336420,clinical,clinical: close-up,Benign,NV,0,50.0,male,,train
ISIC_8718627,IL_7336420,dermoscopic,dermoscopic,Benign,NV,0,50.0,male,,train
ISIC_3610123,IL_7336538,clinical,clinical: close-up,Malignant,BCC,1,85.0,male,,train
ISIC_8483907,IL_7336538,dermoscopic,dermoscopic,Malignant,BCC,1,85.0,male,,train
ISIC_1389612,IL_7337548,clinical,clinical: close-up,Malignant,MEL,1,45.0,female,,train
ISIC_0529050,IL_7337548,dermoscopic,dermoscopic,Malignant,MEL,1,45.0,female,,train
ISIC_5406917,IL_7340279,clinical,clinical: close-up,Malignant,SCCKA,1,85.0,male,lower extremity,train
ISIC_2199762,IL_7340279,dermoscopic,dermoscopic,Malignant,SCCKA,1,85.0,male,lower extremity,train
ISIC_0391153,IL_7343687,clinical,clinical: close-up,Malignant,MEL,1,65.0,male,,train
ISIC_6508737,IL_7343687,dermoscopic,dermoscopic,Malignant,MEL,1,65.0,male,,train
ISIC_5058400,IL_7348200,clinical,clinical: close-up,Malignant,BCC,1,70.0,male,head/neck,train
ISIC_4591575,IL_7348200,dermoscopic,dermoscopic,Malignant,BCC,1,70.0,male,head/neck,train
ISIC_1950578,IL_7348404,clinical,clinical: close-up,Malignant,BCC,1,70.0,female,upper extremity,train
ISIC_5274972,IL_7348404,dermoscopic,dermoscopic,Malignant,BCC,1,70.0,female,upper extremity,train
ISIC_1711017,IL_7353062,clinical,clinical: close-up,Benign,BKL,0,80.0,male,,train
ISIC_0738113,IL_7353062,dermoscopic,dermoscopic,Benign,BKL,0,80.0,male,,train
ISIC_4894144,IL_7356109,clinical,clinical: close-up,Malignant,SCCKA,1,85.0,male,head/neck,train
ISIC_4977351,IL_7356109,dermoscopic,dermoscopic,Malignant,SCCKA,1,85.0,male,head/neck,train
ISIC_0829445,IL_7356292,clinical,clinical: close-up,Malignant,BCC,1,80.0,male,,train
ISIC_0153376,IL_7356292,dermoscopic,dermoscopic,Malignant,BCC,1,80.0,male,,train
ISIC_2998511,IL_7360885,clinical,clinical: close-up,Malignant,SCCKA,1,80.0,female,lower extremity,train
ISIC_7742545,IL_7360885,dermoscopic,dermoscopic,Malignant,SCCKA,1,80.0,female,lower extremity,train
ISIC_3640695,IL_7361065,clinical,clinical: close-up,Malignant,BCC,1,80.0,male,head/neck,train
ISIC_2288726,IL_7361065,dermoscopic,dermoscopic,Malignant,BCC,1,80.0,male,head/neck,train
ISIC_3716373,IL_7361410,clinical,clinical: close-up,Benign,NV,0,40.0,male,,train
ISIC_8361955,IL_7361410,dermoscopic,dermoscopic,Benign,NV,0,40.0,male,,train
ISIC_6706263,IL_7363229,clinical,clinical: close-up,Malignant,BCC,1,80.0,male,upper extremity,train
ISIC_7517022,IL_7363229,dermoscopic,dermoscopic,Malignant,BCC,1,80.0,male,upper extremity,train
ISIC_7775105,IL_7363444,clinical,clinical: close-up,Malignant,BCC,1,75.0,female,upper extremity,train
ISIC_4662348,IL_7363444,dermoscopic,dermoscopic,Malignant,BCC,1,75.0,female,upper extremity,train
ISIC_5804154,IL_7363602,clinical,clinical: close-up,Malignant,BCC,1,55.0,male,head/neck,train
ISIC_2282699,IL_7363602,dermoscopic,dermoscopic,Malignant,BCC,1,55.0,male,head/neck,train
ISIC_0629020,IL_7367397,clinical,clinical: close-up,Malignant,BCC,1,50.0,female,head/neck,train
ISIC_1124994,IL_7367397,dermoscopic,dermoscopic,Malignant,BCC,1,50.0,female,head/neck,train
ISIC_0966559,IL_7368324,clinical,clinical: close-up,Malignant,BCC,1,65.0,female,lower extremity,train
ISIC_8391328,IL_7368324,dermoscopic,dermoscopic,Malignant,BCC,1,65.0,female,lower extremity,train
ISIC_4560761,IL_7369841,clinical,clinical: close-up,Malignant,MEL,1,75.0,male,lower extremity,train
ISIC_7978498,IL_7369841,dermoscopic,dermoscopic,Malignant,MEL,1,75.0,male,lower extremity,train
ISIC_0169534,IL_7376173,clinical,clinical: close-up,Benign,BKL,0,70.0,male,,train
ISIC_7716315,IL_7376173,dermoscopic,dermoscopic,Benign,BKL,0,70.0,male,,train
ISIC_8478651,IL_7376850,clinical,clinical: close-up,Malignant,BCC,1,70.0,male,upper extremity,train
ISIC_6248808,IL_7376850,dermoscopic,dermoscopic,Malignant,BCC,1,70.0,male,upper extremity,train
ISIC_1415038,IL_7382399,clinical,clinical: close-up,Benign,NV,0,40.0,female,,train
ISIC_8566440,IL_7382399,dermoscopic,dermoscopic,Benign,NV,0,40.0,female,,train
ISIC_3100261,IL_7385851,clinical,clinical: close-up,Malignant,AKIEC,1,45.0,male,head/neck,train
ISIC_7326842,IL_7385851,dermoscopic,dermoscopic,Malignant,AKIEC,1,45.0,male,head/neck,train
ISIC_1245273,IL_7389782,clinical,clinical: close-up,Malignant,BCC,1,80.0,male,,train
ISIC_4158219,IL_7389782,dermoscopic,dermoscopic,Malignant,BCC,1,80.0,male,,train
ISIC_8745622,IL_7390451,clinical,clinical: close-up,Malignant,BCC,1,70.0,male,,train
ISIC_7372306,IL_7390451,dermoscopic,dermoscopic,Malignant,BCC,1,70.0,male,,train
ISIC_5759990,IL_7394402,clinical,clinical: close-up,Malignant,BCC,1,65.0,female,lower extremity,train
ISIC_6664237,IL_7394402,dermoscopic,dermoscopic,Malignant,BCC,1,65.0,female,lower extremity,train
ISIC_7626679,IL_7397466,clinical,clinical: close-up,Benign,NV,0,30.0,male,lower extremity,train
ISIC_9759173,IL_7397466,dermoscopic,dermoscopic,Benign,NV,0,30.0,male,lower extremity,train
ISIC_4635975,IL_7400064,clinical,clinical: close-up,Benign,BKL,0,60.0,female,head/neck,train
ISIC_5149324,IL_7400064,dermoscopic,dermoscopic,Benign,BKL,0,60.0,female,head/neck,train
ISIC_5763649,IL_7402046,clinical,clinical: close-up,Malignant,SCCKA,1,55.0,male,,train
ISIC_2611469,IL_7402046,dermoscopic,dermoscopic,Malignant,SCCKA,1,55.0,male,,train
ISIC_6939444,IL_7402183,clinical,clinical: close-up,Benign,NV,0,75.0,male,,train
ISIC_4626097,IL_7402183,dermoscopic,dermoscopic,Benign,NV,0,75.0,male,,train
ISIC_1506683,IL_7402756,clinical,clinical: close-up,Malignant,BCC,1,85.0,female,upper extremity,train
ISIC_5469285,IL_7402756,dermoscopic,dermoscopic,Malignant,BCC,1,85.0,female,upper extremity,train
ISIC_0327776,IL_7402808,clinical,clinical: close-up,Malignant,BCC,1,70.0,male,lower extremity,train
ISIC_4581953,IL_7402808,dermoscopic,dermoscopic,Malignant,BCC,1,70.0,male,lower extremity,train
ISIC_8363273,IL_7416189,clinical,clinical: close-up,Malignant,BCC,1,65.0,male,head/neck,train
ISIC_8854712,IL_7416189,dermoscopic,dermoscopic,Malignant,BCC,1,65.0,male,head/neck,train
ISIC_3973393,IL_7417538,clinical,clinical: close-up,Malignant,MEL,1,70.0,male,,train
ISIC_8285122,IL_7417538,dermoscopic,dermoscopic,Malignant,MEL,1,70.0,male,,train
ISIC_7936930,IL_7418665,clinical,clinical: close-up,Malignant,BCC,1,65.0,male,,train
ISIC_9736851,IL_7418665,dermoscopic,dermoscopic,Malignant,BCC,1,65.0,male,,train
ISIC_5957176,IL_7425145,clinical,clinical: close-up,Malignant,BCC,1,55.0,male,,train
ISIC_9460959,IL_7425145,dermoscopic,dermoscopic,Malignant,BCC,1,55.0,male,,train
ISIC_1623626,IL_7426204,clinical,clinical: close-up,Malignant,BCC,1,65.0,male,head/neck,train
ISIC_7734472,IL_7426204,dermoscopic,dermoscopic,Malignant,BCC,1,65.0,male,head/neck,train
ISIC_7569602,IL_7428104,clinical,clinical: close-up,Benign,BKL,0,50.0,male,,train
ISIC_6488682,IL_7428104,dermoscopic,dermoscopic,Benign,BKL,0,50.0,male,,train
ISIC_8274729,IL_7437076,clinical,clinical: close-up,Malignant,BCC,1,70.0,female,head/neck,train
ISIC_6241374,IL_7437076,dermoscopic,dermoscopic,Malignant,BCC,1,70.0,female,head/neck,train
ISIC_6581346,IL_7438148,clinical,clinical: close-up,Malignant,BCC,1,50.0,male,,train
ISIC_3302562,IL_7438148,dermoscopic,dermoscopic,Malignant,BCC,1,50.0,male,,train
ISIC_6365827,IL_7439967,clinical,clinical: close-up,Malignant,BCC,1,85.0,female,upper extremity,train
ISIC_4232474,IL_7439967,dermoscopic,dermoscopic,Malignant,BCC,1,85.0,female,upper extremity,train
ISIC_3306550,IL_7440371,clinical,clinical: close-up,Benign,NV,0,40.0,female,head/neck,train
ISIC_5879011,IL_7440371,dermoscopic,dermoscopic,Benign,NV,0,40.0,female,head/neck,train
ISIC_4042084,IL_7443834,clinical,clinical: close-up,Malignant,BCC,1,50.0,male,,train
ISIC_3483103,IL_7443834,dermoscopic,dermoscopic,Malignant,BCC,1,50.0,male,,train
ISIC_2360770,IL_7444377,clinical,clinical: close-up,Malignant,BCC,1,75.0,male,upper extremity,train
ISIC_2490728,IL_7444377,dermoscopic,dermoscopic,Malignant,BCC,1,75.0,male,upper extremity,train
ISIC_9976872,IL_7447582,clinical,clinical: close-up,Malignant,BCC,1,60.0,male,,train
ISIC_4353551,IL_7447582,dermoscopic,dermoscopic,Malignant,BCC,1,60.0,male,,train
ISIC_6613152,IL_7452533,clinical,clinical: close-up,Malignant,BCC,1,70.0,female,lower extremity,train
ISIC_1818416,IL_7452533,dermoscopic,dermoscopic,Malignant,BCC,1,70.0,female,lower extremity,train
ISIC_0904295,IL_7453995,clinical,clinical: close-up,Malignant,BCC,1,60.0,male,lower extremity,train
ISIC_6760541,IL_7453995,dermoscopic,dermoscopic,Malignant,BCC,1,60.0,male,lower extremity,train
ISIC_0211830,IL_7459473,clinical,clinical: close-up,Benign,BKL,0,40.0,male,,train
ISIC_3101169,IL_7459473,dermoscopic,dermoscopic,Benign,BKL,0,40.0,male,,train
ISIC_4612891,IL_7464523,clinical,clinical: close-up,Malignant,SCCKA,1,80.0,male,upper extremity,train
ISIC_1056095,IL_7464523,dermoscopic,dermoscopic,Malignant,SCCKA,1,80.0,male,upper extremity,train
ISIC_2787372,IL_7464874,clinical,clinical: close-up,Malignant,SCCKA,1,65.0,male,head/neck,train
ISIC_8723086,IL_7464874,dermoscopic,dermoscopic,Malignant,SCCKA,1,65.0,male,head/neck,train
ISIC_1500076,IL_7466506,clinical,clinical: close-up,Malignant,BCC,1,70.0,female,head/neck,train
ISIC_5116668,IL_7466506,dermoscopic,dermoscopic,Malignant,BCC,1,70.0,female,head/neck,train
ISIC_5731785,IL_7474908,clinical,clinical: close-up,Malignant,BCC,1,80.0,male,lower extremity,train
ISIC_5129863,IL_7474908,dermoscopic,dermoscopic,Malignant,BCC,1,80.0,male,lower extremity,train
ISIC_9173490,IL_7478633,clinical,clinical: close-up,Benign,INF,0,60.0,female,head/neck,train
ISIC_0202283,IL_7478633,dermoscopic,dermoscopic,Benign,INF,0,60.0,female,head/neck,train
ISIC_4516929,IL_7478637,clinical,clinical: close-up,Benign,NV,0,40.0,female,lower extremity,train
ISIC_1636355,IL_7478637,dermoscopic,dermoscopic,Benign,NV,0,40.0,female,lower extremity,train
ISIC_4091147,IL_7480471,clinical,clinical: close-up,Indeterminate,AKIEC,1,35.0,male,,train
ISIC_3675883,IL_7480471,dermoscopic,dermoscopic,Indeterminate,AKIEC,1,35.0,male,,train
ISIC_7780780,IL_7483628,clinical,clinical: close-up,Malignant,BCC,1,40.0,female,,train
ISIC_7292116,IL_7483628,dermoscopic,dermoscopic,Malignant,BCC,1,40.0,female,,train
ISIC_2350590,IL_7488705,clinical,clinical: close-up,Malignant,MAL_OTH,1,75.0,male,head/neck,train
ISIC_2126637,IL_7488705,dermoscopic,dermoscopic,Malignant,MAL_OTH,1,75.0,male,head/neck,train
ISIC_3206478,IL_7490546,clinical,clinical: close-up,Malignant,BCC,1,65.0,male,head/neck,train
ISIC_0964556,IL_7490546,dermoscopic,dermoscopic,Malignant,BCC,1,65.0,male,head/neck,train
ISIC_0807781,IL_7494236,clinical,clinical: close-up,Malignant,BCC,1,50.0,male,upper extremity,train
ISIC_5987390,IL_7494236,dermoscopic,dermoscopic,Malignant,BCC,1,50.0,male,upper extremity,train
ISIC_5433961,IL_7496538,clinical,clinical: close-up,Malignant,BCC,1,55.0,male,upper extremity,train
ISIC_5232516,IL_7496538,dermoscopic,dermoscopic,Malignant,BCC,1,55.0,male,upper extremity,train
ISIC_8709148,IL_7502658,clinical,clinical: close-up,Malignant,SCCKA,1,70.0,male,head/neck,train
ISIC_1384590,IL_7502658,dermoscopic,dermoscopic,Malignant,SCCKA,1,70.0,male,head/neck,train
ISIC_3475953,IL_7508882,clinical,clinical: close-up,Benign,NV,0,60.0,female,head/neck,train
ISIC_5778552,IL_7508882,dermoscopic,dermoscopic,Benign,NV,0,60.0,female,head/neck,train
ISIC_4103277,IL_7509121,clinical,clinical: close-up,Malignant,BCC,1,40.0,male,,train
ISIC_3236056,IL_7509121,dermoscopic,dermoscopic,Malignant,BCC,1,40.0,male,,train
ISIC_3748838,IL_7510888,clinical,clinical: close-up,Malignant,BCC,1,50.0,female,,train
ISIC_3688805,IL_7510888,dermoscopic,dermoscopic,Malignant,BCC,1,50.0,female,,train
ISIC_3370385,IL_7514466,clinical,clinical: close-up,Malignant,BCC,1,70.0,male,head/neck,train
ISIC_1327315,IL_7514466,dermoscopic,dermoscopic,Malignant,BCC,1,70.0,male,head/neck,train
ISIC_0683612,IL_7518108,clinical,clinical: close-up,Benign,BKL,0,75.0,male,,train
ISIC_9945680,IL_7518108,dermoscopic,dermoscopic,Benign,BKL,0,75.0,male,,train
ISIC_2628160,IL_7523835,clinical,clinical: close-up,Benign,NV,0,50.0,male,,train
ISIC_2641644,IL_7523835,dermoscopic,dermoscopic,Benign,NV,0,50.0,male,,train
ISIC_3581058,IL_7528128,clinical,clinical: close-up,Benign,DF,0,65.0,female,,train
ISIC_6622403,IL_7528128,dermoscopic,dermoscopic,Benign,DF,0,65.0,female,,train
ISIC_0278827,IL_7528709,clinical,clinical: close-up,Malignant,BCC,1,75.0,male,head/neck,train
ISIC_1581919,IL_7528709,dermoscopic,dermoscopic,Malignant,BCC,1,75.0,male,head/neck,train
ISIC_3125449,IL_7532219,clinical,clinical: close-up,Malignant,BCC,1,85.0,male,,train
ISIC_9408905,IL_7532219,dermoscopic,dermoscopic,Malignant,BCC,1,85.0,male,,train
ISIC_0912606,IL_7533213,clinical,clinical: close-up,Malignant,SCCKA,1,80.0,male,lower extremity,train
ISIC_3933736,IL_7533213,dermoscopic,dermoscopic,Malignant,SCCKA,1,80.0,male,lower extremity,train
ISIC_7248341,IL_7534180,clinical,clinical: close-up,Malignant,BCC,1,75.0,male,head/neck,train
ISIC_2334810,IL_7534180,dermoscopic,dermoscopic,Malignant,BCC,1,75.0,male,head/neck,train
ISIC_4186049,IL_7535294,clinical,clinical: close-up,Benign,NV,0,,male,lower extremity,train
ISIC_7307945,IL_7535294,dermoscopic,dermoscopic,Benign,NV,0,,male,lower extremity,train
ISIC_6097869,IL_7539443,clinical,clinical: close-up,Benign,BKL,0,75.0,female,,train
ISIC_4281048,IL_7539443,dermoscopic,dermoscopic,Benign,BKL,0,75.0,female,,train
ISIC_8499730,IL_7540497,clinical,clinical: close-up,Malignant,BCC,1,60.0,male,upper extremity,train
ISIC_8038497,IL_7540497,dermoscopic,dermoscopic,Malignant,BCC,1,60.0,male,upper extremity,train
ISIC_5435390,IL_7549554,clinical,clinical: close-up,Malignant,BCC,1,70.0,male,lower extremity,train
ISIC_2216126,IL_7549554,dermoscopic,dermoscopic,Malignant,BCC,1,70.0,male,lower extremity,train
ISIC_0888295,IL_7550838,clinical,clinical: close-up,Malignant,BCC,1,65.0,female,head/neck,train
ISIC_0818540,IL_7550838,dermoscopic,dermoscopic,Malignant,BCC,1,65.0,female,head/neck,train
ISIC_9346486,IL_7553488,clinical,clinical: close-up,Benign,NV,0,30.0,female,,train
ISIC_4509108,IL_7553488,dermoscopic,dermoscopic,Benign,NV,0,30.0,female,,train
ISIC_8383673,IL_7560390,clinical,clinical: close-up,Benign,BKL,0,65.0,female,head/neck,train
ISIC_4391368,IL_7560390,dermoscopic,dermoscopic,Benign,BKL,0,65.0,female,head/neck,train
ISIC_7849821,IL_7564566,clinical,clinical: close-up,Malignant,BCC,1,55.0,female,upper extremity,train
ISIC_4983893,IL_7564566,dermoscopic,dermoscopic,Malignant,BCC,1,55.0,female,upper extremity,train
ISIC_4834358,IL_7565291,clinical,clinical: close-up,Malignant,BCC,1,80.0,male,,train
ISIC_1738383,IL_7565291,dermoscopic,dermoscopic,Malignant,BCC,1,80.0,male,,train
ISIC_4767902,IL_7566377,clinical,clinical: close-up,Indeterminate,AKIEC,1,75.0,female,head/neck,train
ISIC_8639708,IL_7566377,dermoscopic,dermoscopic,Indeterminate,AKIEC,1,75.0,female,head/neck,train
ISIC_7209186,IL_7571099,clinical,clinical: close-up,Malignant,BCC,1,70.0,male,upper extremity,train
ISIC_0855454,IL_7571099,dermoscopic,dermoscopic,Malignant,BCC,1,70.0,male,upper extremity,train
ISIC_0820547,IL_7571308,clinical,clinical: close-up,Malignant,BCC,1,40.0,female,lower extremity,train
ISIC_6202224,IL_7571308,dermoscopic,dermoscopic,Malignant,BCC,1,40.0,female,lower extremity,train
ISIC_1290781,IL_7573989,clinical,clinical: close-up,Malignant,BCC,1,65.0,female,,train
ISIC_6934396,IL_7573989,dermoscopic,dermoscopic,Malignant,BCC,1,65.0,female,,train
ISIC_8951979,IL_7577530,clinical,clinical: close-up,Benign,NV,0,65.0,male,,train
ISIC_1029957,IL_7577530,dermoscopic,dermoscopic,Benign,NV,0,65.0,male,,train
ISIC_5037023,IL_7591530,clinical,clinical: close-up,Benign,BKL,0,60.0,male,,train
ISIC_5745809,IL_7591530,dermoscopic,dermoscopic,Benign,BKL,0,60.0,male,,train
ISIC_6954599,IL_7595050,clinical,clinical: close-up,Malignant,BCC,1,65.0,female,lower extremity,train
ISIC_9178763,IL_7595050,dermoscopic,dermoscopic,Malignant,BCC,1,65.0,female,lower extremity,train
ISIC_9804365,IL_7601833,clinical,clinical: close-up,Malignant,SCCKA,1,85.0,male,lower extremity,train
ISIC_6351671,IL_7601833,dermoscopic,dermoscopic,Malignant,SCCKA,1,85.0,male,lower extremity,train
ISIC_1739677,IL_7602662,clinical,clinical: close-up,Malignant,BCC,1,75.0,female,,train
ISIC_3151108,IL_7602662,dermoscopic,dermoscopic,Malignant,BCC,1,75.0,female,,train
ISIC_9725159,IL_7604860,clinical,clinical: close-up,Benign,BKL,0,45.0,female,upper extremity,train
ISIC_2907125,IL_7604860,dermoscopic,dermoscopic,Benign,BKL,0,45.0,female,upper extremity,train
ISIC_6969322,IL_7613691,clinical,clinical: close-up,Benign,BKL,0,60.0,female,upper extremity,train
ISIC_1272616,IL_7613691,dermoscopic,dermoscopic,Benign,BKL,0,60.0,female,upper extremity,train
ISIC_4391247,IL_7616901,clinical,clinical: close-up,Malignant,BCC,1,55.0,female,upper extremity,train
ISIC_1639468,IL_7616901,dermoscopic,dermoscopic,Malignant,BCC,1,55.0,female,upper extremity,train
ISIC_6854833,IL_7619884,clinical,clinical: close-up,Benign,BKL,0,70.0,female,,train
ISIC_5378143,IL_7619884,dermoscopic,dermoscopic,Benign,BKL,0,70.0,female,,train
ISIC_3603310,IL_7620308,clinical,clinical: close-up,Benign,NV,0,40.0,male,,train
ISIC_8894147,IL_7620308,dermoscopic,dermoscopic,Benign,NV,0,40.0,male,,train
ISIC_1167183,IL_7621728,clinical,clinical: close-up,Malignant,MEL,1,60.0,male,upper extremity,train
ISIC_7640631,IL_7621728,dermoscopic,dermoscopic,Malignant,MEL,1,60.0,male,upper extremity,train
ISIC_3093760,IL_7627926,clinical,clinical: close-up,Malignant,AKIEC,1,65.0,male,lower extremity,train
ISIC_7274523,IL_7627926,dermoscopic,dermoscopic,Malignant,AKIEC,1,65.0,male,lower extremity,train
ISIC_7449425,IL_7628990,clinical,clinical: close-up,Malignant,AKIEC,1,85.0,male,,train
ISIC_8731413,IL_7628990,dermoscopic,dermoscopic,Malignant,AKIEC,1,85.0,male,,train
ISIC_8546677,IL_7629358,clinical,clinical: close-up,Benign,NV,0,35.0,female,,train
ISIC_7799008,IL_7629358,dermoscopic,dermoscopic,Benign,NV,0,35.0,female,,train
ISIC_3961758,IL_7631753,clinical,clinical: close-up,Malignant,BCC,1,70.0,male,,train
ISIC_1663532,IL_7631753,dermoscopic,dermoscopic,Malignant,BCC,1,70.0,male,,train
ISIC_9788437,IL_7635168,clinical,clinical: close-up,Malignant,BCC,1,60.0,female,upper extremity,train
ISIC_0681143,IL_7635168,dermoscopic,dermoscopic,Malignant,BCC,1,60.0,female,upper extremity,train
ISIC_4992936,IL_7635257,clinical,clinical: close-up,Malignant,MEL,1,65.0,male,,train
ISIC_6212007,IL_7635257,dermoscopic,dermoscopic,Malignant,MEL,1,65.0,male,,train
ISIC_2957330,IL_7636266,clinical,clinical: close-up,Malignant,BCC,1,85.0,male,upper extremity,train
ISIC_0696597,IL_7636266,dermoscopic,dermoscopic,Malignant,BCC,1,85.0,male,upper extremity,train
ISIC_1594200,IL_7642375,clinical,clinical: close-up,Benign,VASC,0,35.0,female,lower extremity,train
ISIC_7646924,IL_7642375,dermoscopic,dermoscopic,Benign,VASC,0,35.0,female,lower extremity,train
ISIC_8119943,IL_7642470,clinical,clinical: close-up,Malignant,BCC,1,55.0,female,,train
ISIC_8372465,IL_7642470,dermoscopic,dermoscopic,Malignant,BCC,1,55.0,female,,train
ISIC_6862838,IL_7643316,clinical,clinical: close-up,Malignant,MEL,1,65.0,male,head/neck,train
ISIC_4254772,IL_7643316,dermoscopic,dermoscopic,Malignant,MEL,1,65.0,male,head/neck,train
ISIC_9314032,IL_7644986,clinical,clinical: close-up,Malignant,BCC,1,55.0,male,lower extremity,train
ISIC_3032522,IL_7644986,dermoscopic,dermoscopic,Malignant,BCC,1,55.0,male,lower extremity,train
ISIC_5800499,IL_7647524,clinical,clinical: close-up,Benign,NV,0,10.0,female,upper extremity,train
ISIC_9175575,IL_7647524,dermoscopic,dermoscopic,Benign,NV,0,10.0,female,upper extremity,train
ISIC_8851382,IL_7648994,clinical,clinical: close-up,Malignant,BCC,1,65.0,female,upper extremity,train
ISIC_8268192,IL_7648994,dermoscopic,dermoscopic,Malignant,BCC,1,65.0,female,upper extremity,train
ISIC_3646755,IL_7650602,clinical,clinical: close-up,Malignant,BCC,1,60.0,female,head/neck,train
ISIC_3934885,IL_7650602,dermoscopic,dermoscopic,Malignant,BCC,1,60.0,female,head/neck,train
ISIC_5778156,IL_7653394,clinical,clinical: close-up,Malignant,BCC,1,45.0,female,upper extremity,train
ISIC_4721060,IL_7653394,dermoscopic,dermoscopic,Malignant,BCC,1,45.0,female,upper extremity,train
ISIC_5305591,IL_7653541,clinical,clinical: close-up,Malignant,BCC,1,70.0,female,upper extremity,train
ISIC_5819591,IL_7653541,dermoscopic,dermoscopic,Malignant,BCC,1,70.0,female,upper extremity,train
ISIC_9221083,IL_7657501,clinical,clinical: close-up,Malignant,BCC,1,65.0,male,lower extremity,train
ISIC_1997951,IL_7657501,dermoscopic,dermoscopic,Malignant,BCC,1,65.0,male,lower extremity,train
ISIC_1722763,IL_7660724,clinical,clinical: close-up,Malignant,BCC,1,65.0,male,,train
ISIC_3317755,IL_7660724,dermoscopic,dermoscopic,Malignant,BCC,1,65.0,male,,train
ISIC_2414850,IL_7663588,clinical,clinical: close-up,Malignant,BCC,1,65.0,male,head/neck,train
ISIC_9204844,IL_7663588,dermoscopic,dermoscopic,Malignant,BCC,1,65.0,male,head/neck,train
ISIC_6193755,IL_7671160,clinical,clinical: close-up,Benign,NV,0,50.0,female,,train
ISIC_3454940,IL_7671160,dermoscopic,dermoscopic,Benign,NV,0,50.0,female,,train
ISIC_9991793,IL_7672692,clinical,clinical: close-up,Malignant,BCC,1,75.0,female,upper extremity,train
ISIC_3606192,IL_7672692,dermoscopic,dermoscopic,Malignant,BCC,1,75.0,female,upper extremity,train
ISIC_9679564,IL_7675373,clinical,clinical: close-up,Benign,NV,0,40.0,male,,train
ISIC_1649554,IL_7675373,dermoscopic,dermoscopic,Benign,NV,0,40.0,male,,train
ISIC_7503610,IL_7687091,clinical,clinical: close-up,Malignant,AKIEC,1,80.0,male,upper extremity,train
ISIC_1558061,IL_7687091,dermoscopic,dermoscopic,Malignant,AKIEC,1,80.0,male,upper extremity,train
ISIC_6551157,IL_7687935,clinical,clinical: close-up,Benign,VASC,0,80.0,male,,train
ISIC_6141128,IL_7687935,dermoscopic,dermoscopic,Benign,VASC,0,80.0,male,,train
ISIC_1145018,IL_7687991,clinical,clinical: close-up,Malignant,SCCKA,1,85.0,male,head/neck,train
ISIC_7242927,IL_7687991,dermoscopic,dermoscopic,Malignant,SCCKA,1,85.0,male,head/neck,train
ISIC_3331894,IL_7689829,clinical,clinical: close-up,Malignant,BCC,1,60.0,male,head/neck,train
ISIC_5923153,IL_7689829,dermoscopic,dermoscopic,Malignant,BCC,1,60.0,male,head/neck,train
ISIC_6883494,IL_7705011,clinical,clinical: close-up,Malignant,BCC,1,60.0,male,lower extremity,train
ISIC_3392397,IL_7705011,dermoscopic,dermoscopic,Malignant,BCC,1,60.0,male,lower extremity,train
ISIC_1894495,IL_7707991,clinical,clinical: close-up,Malignant,SCCKA,1,75.0,female,head/neck,train
ISIC_6908533,IL_7707991,dermoscopic,dermoscopic,Malignant,SCCKA,1,75.0,female,head/neck,train
ISIC_3142156,IL_7709757,clinical,clinical: close-up,Malignant,BCC,1,80.0,male,,train
ISIC_2533333,IL_7709757,dermoscopic,dermoscopic,Malignant,BCC,1,80.0,male,,train
ISIC_4849294,IL_7711358,clinical,clinical: close-up,Malignant,BCC,1,85.0,male,head/neck,train
ISIC_1814482,IL_7711358,dermoscopic,dermoscopic,Malignant,BCC,1,85.0,male,head/neck,train
ISIC_6620223,IL_7712318,clinical,clinical: close-up,Benign,NV,0,30.0,female,lower extremity,train
ISIC_0811266,IL_7712318,dermoscopic,dermoscopic,Benign,NV,0,30.0,female,lower extremity,train
ISIC_4541978,IL_7713888,clinical,clinical: close-up,Malignant,BCC,1,55.0,male,upper extremity,train
ISIC_7646698,IL_7713888,dermoscopic,dermoscopic,Malignant,BCC,1,55.0,male,upper extremity,train
ISIC_8623479,IL_7716473,clinical,clinical: close-up,Malignant,BCC,1,80.0,female,,train
ISIC_5350286,IL_7716473,dermoscopic,dermoscopic,Malignant,BCC,1,80.0,female,,train
ISIC_6983648,IL_7717192,clinical,clinical: close-up,Malignant,BCC,1,60.0,male,,train
ISIC_3122147,IL_7717192,dermoscopic,dermoscopic,Malignant,BCC,1,60.0,male,,train
ISIC_0338405,IL_7718572,clinical,clinical: close-up,Malignant,BCC,1,75.0,male,lower extremity,train
ISIC_9710618,IL_7718572,dermoscopic,dermoscopic,Malignant,BCC,1,75.0,male,lower extremity,train
ISIC_2005939,IL_7719893,clinical,clinical: close-up,Malignant,BCC,1,65.0,male,,train
ISIC_2567983,IL_7719893,dermoscopic,dermoscopic,Malignant,BCC,1,65.0,male,,train
ISIC_3179593,IL_7724286,clinical,clinical: close-up,Benign,BKL,0,40.0,male,,train
ISIC_4191448,IL_7724286,dermoscopic,dermoscopic,Benign,BKL,0,40.0,male,,train
ISIC_4424010,IL_7726867,clinical,clinical: close-up,Indeterminate,AKIEC,1,75.0,female,lower extremity,train
ISIC_5909840,IL_7726867,dermoscopic,dermoscopic,Indeterminate,AKIEC,1,75.0,female,lower extremity,train
ISIC_9560522,IL_7727406,clinical,clinical: close-up,Benign,NV,0,25.0,female,head/neck,train
ISIC_4345273,IL_7727406,dermoscopic,dermoscopic,Benign,NV,0,25.0,female,head/neck,train
ISIC_3503789,IL_7727420,clinical,clinical: close-up,Malignant,SCCKA,1,65.0,male,,train
ISIC_1066229,IL_7727420,dermoscopic,dermoscopic,Malignant,SCCKA,1,65.0,male,,train
ISIC_4426986,IL_7727942,clinical,clinical: close-up,Malignant,BCC,1,80.0,female,,train
ISIC_3741929,IL_7727942,dermoscopic,dermoscopic,Malignant,BCC,1,80.0,female,,train
ISIC_7406916,IL_7728515,clinical,clinical: close-up,Malignant,MEL,1,55.0,male,,train
ISIC_0450405,IL_7728515,dermoscopic,dermoscopic,Malignant,MEL,1,55.0,male,,train
ISIC_7110078,IL_7735449,clinical,clinical: close-up,Benign,NV,0,45.0,female,,train
ISIC_7702191,IL_7735449,dermoscopic,dermoscopic,Benign,NV,0,45.0,female,,train
ISIC_8376392,IL_7741201,clinical,clinical: close-up,Malignant,BCC,1,50.0,female,,train
ISIC_8159052,IL_7741201,dermoscopic,dermoscopic,Malignant,BCC,1,50.0,female,,train
ISIC_5305490,IL_7743352,clinical,clinical: close-up,Benign,BEN_OTH,0,50.0,female,head/neck,train
ISIC_2501558,IL_7743352,dermoscopic,dermoscopic,Benign,BEN_OTH,0,50.0,female,head/neck,train
ISIC_4264456,IL_7743393,clinical,clinical: close-up,Malignant,AKIEC,1,50.0,male,upper extremity,train
ISIC_2156383,IL_7743393,dermoscopic,dermoscopic,Malignant,AKIEC,1,50.0,male,upper extremity,train
ISIC_2936914,IL_7744787,clinical,clinical: close-up,Malignant,MEL,1,40.0,female,lower extremity,train
ISIC_8488027,IL_7744787,dermoscopic,dermoscopic,Malignant,MEL,1,40.0,female,lower extremity,train
ISIC_3203845,IL_7744965,clinical,clinical: close-up,Malignant,BCC,1,50.0,male,,train
ISIC_3427526,IL_7744965,dermoscopic,dermoscopic,Malignant,BCC,1,50.0,male,,train
ISIC_8424804,IL_7746701,clinical,clinical: close-up,Malignant,BCC,1,70.0,male,head/neck,train
ISIC_2683795,IL_7746701,dermoscopic,dermoscopic,Malignant,BCC,1,70.0,male,head/neck,train
ISIC_7844519,IL_7748792,clinical,clinical: close-up,Benign,NV,0,25.0,male,,train
ISIC_8040056,IL_7748792,dermoscopic,dermoscopic,Benign,NV,0,25.0,male,,train
ISIC_8745861,IL_7749269,clinical,clinical: close-up,Malignant,BCC,1,50.0,male,lower extremity,train
ISIC_3392380,IL_7749269,dermoscopic,dermoscopic,Malignant,BCC,1,50.0,male,lower extremity,train
ISIC_4316216,IL_7750546,clinical,clinical: close-up,Benign,NV,0,55.0,female,lower extremity,train
ISIC_7704554,IL_7750546,dermoscopic,dermoscopic,Benign,NV,0,55.0,female,lower extremity,train
ISIC_8470753,IL_7755452,clinical,clinical: close-up,Malignant,SCCKA,1,75.0,male,upper extremity,train
ISIC_7236730,IL_7755452,dermoscopic,dermoscopic,Malignant,SCCKA,1,75.0,male,upper extremity,train
ISIC_3719395,IL_7759035,clinical,clinical: close-up,Malignant,BCC,1,70.0,female,head/neck,train
ISIC_7003219,IL_7759035,dermoscopic,dermoscopic,Malignant,BCC,1,70.0,female,head/neck,train
ISIC_9831775,IL_7760064,clinical,clinical: close-up,Indeterminate,AKIEC,1,60.0,male,head/neck,train
ISIC_4534460,IL_7760064,dermoscopic,dermoscopic,Indeterminate,AKIEC,1,60.0,male,head/neck,train
ISIC_6914336,IL_7760285,clinical,clinical: close-up,Malignant,BCC,1,60.0,male,,train
ISIC_1346867,IL_7760285,dermoscopic,dermoscopic,Malignant,BCC,1,60.0,male,,train
ISIC_0790292,IL_7760506,clinical,clinical: close-up,Malignant,BCC,1,60.0,male,lower extremity,train
ISIC_0738994,IL_7760506,dermoscopic,dermoscopic,Malignant,BCC,1,60.0,male,lower extremity,train
ISIC_3386852,IL_7764430,clinical,clinical: close-up,Malignant,MEL,1,45.0,male,head/neck,train
ISIC_6993040,IL_7764430,dermoscopic,dermoscopic,Malignant,MEL,1,45.0,male,head/neck,train
ISIC_2970872,IL_7768823,clinical,clinical: close-up,Benign,NV,0,80.0,male,,train
ISIC_1513850,IL_7768823,dermoscopic,dermoscopic,Benign,NV,0,80.0,male,,train
ISIC_5086729,IL_7769100,clinical,clinical: close-up,Malignant,BCC,1,80.0,male,,train
ISIC_9721840,IL_7769100,dermoscopic,dermoscopic,Malignant,BCC,1,80.0,male,,train
ISIC_0418807,IL_7770574,clinical,clinical: close-up,Benign,NV,0,30.0,female,,train
ISIC_2996843,IL_7770574,dermoscopic,dermoscopic,Benign,NV,0,30.0,female,,train
ISIC_9846956,IL_7775733,clinical,clinical: close-up,Benign,BKL,0,50.0,male,head/neck,train
ISIC_5386166,IL_7775733,dermoscopic,dermoscopic,Benign,BKL,0,50.0,male,head/neck,train
ISIC_9776738,IL_7776023,clinical,clinical: close-up,Malignant,MEL,1,80.0,male,head/neck,train
ISIC_9314988,IL_7776023,dermoscopic,dermoscopic,Malignant,MEL,1,80.0,male,head/neck,train
ISIC_2196622,IL_7780651,clinical,clinical: close-up,Benign,BKL,0,65.0,female,head/neck,train
ISIC_8291456,IL_7780651,dermoscopic,dermoscopic,Benign,BKL,0,65.0,female,head/neck,train
ISIC_6191034,IL_7784987,clinical,clinical: close-up,Benign,NV,0,70.0,male,,train
ISIC_5863516,IL_7784987,dermoscopic,dermoscopic,Benign,NV,0,70.0,male,,train
ISIC_0800437,IL_7785689,clinical,clinical: close-up,Malignant,BCC,1,60.0,female,upper extremity,train
ISIC_4626190,IL_7785689,dermoscopic,dermoscopic,Malignant,BCC,1,60.0,female,upper extremity,train
ISIC_1330675,IL_7789479,clinical,clinical: close-up,Malignant,BCC,1,50.0,female,head/neck,train
ISIC_4482208,IL_7789479,dermoscopic,dermoscopic,Malignant,BCC,1,50.0,female,head/neck,train
ISIC_9096776,IL_7792502,clinical,clinical: close-up,Malignant,BCC,1,65.0,female,upper extremity,train
ISIC_6168277,IL_7792502,dermoscopic,dermoscopic,Malignant,BCC,1,65.0,female,upper extremity,train
ISIC_5780905,IL_7795758,clinical,clinical: close-up,Benign,NV,0,75.0,female,,train
ISIC_2048857,IL_7795758,dermoscopic,dermoscopic,Benign,NV,0,75.0,female,,train
ISIC_4021072,IL_7798447,clinical,clinical: close-up,Malignant,BCC,1,60.0,male,upper extremity,train
ISIC_5795871,IL_7798447,dermoscopic,dermoscopic,Malignant,BCC,1,60.0,male,upper extremity,train
ISIC_0800961,IL_7800799,clinical,clinical: close-up,Malignant,BCC,1,70.0,male,,train
ISIC_8710450,IL_7800799,dermoscopic,dermoscopic,Malignant,BCC,1,70.0,male,,train
ISIC_9198253,IL_7803371,clinical,clinical: close-up,Malignant,SCCKA,1,45.0,male,,train
ISIC_5584967,IL_7803371,dermoscopic,dermoscopic,Malignant,SCCKA,1,45.0,male,,train
ISIC_8139051,IL_7806060,clinical,clinical: close-up,Malignant,BCC,1,75.0,female,,train
ISIC_6176256,IL_7806060,dermoscopic,dermoscopic,Malignant,BCC,1,75.0,female,,train
ISIC_5620416,IL_7817244,clinical,clinical: close-up,Malignant,BCC,1,65.0,male,lower extremity,train
ISIC_3277305,IL_7817244,dermoscopic,dermoscopic,Malignant,BCC,1,65.0,male,lower extremity,train
ISIC_9098536,IL_7820661,clinical,clinical: close-up,Malignant,MEL,1,65.0,male,lower extremity,train
ISIC_0184224,IL_7820661,dermoscopic,dermoscopic,Malignant,MEL,1,65.0,male,lower extremity,train
ISIC_3248460,IL_7825676,clinical,clinical: close-up,Malignant,SCCKA,1,65.0,male,head/neck,train
ISIC_7381608,IL_7825676,dermoscopic,dermoscopic,Malignant,SCCKA,1,65.0,male,head/neck,train
ISIC_0671005,IL_7825697,clinical,clinical: close-up,Malignant,MEL,1,55.0,male,,train
ISIC_3396463,IL_7825697,dermoscopic,dermoscopic,Malignant,MEL,1,55.0,male,,train
ISIC_4940435,IL_7825787,clinical,clinical: close-up,Malignant,BCC,1,75.0,male,head/neck,train
ISIC_7072857,IL_7825787,dermoscopic,dermoscopic,Malignant,BCC,1,75.0,male,head/neck,train
ISIC_7956828,IL_7828194,clinical,clinical: close-up,Malignant,BCC,1,75.0,female,lower extremity,train
ISIC_7939427,IL_7828194,dermoscopic,dermoscopic,Malignant,BCC,1,75.0,female,lower extremity,train
ISIC_7889192,IL_7833782,clinical,clinical: close-up,Malignant,BCC,1,85.0,male,head/neck,train
ISIC_0772256,IL_7833782,dermoscopic,dermoscopic,Malignant,BCC,1,85.0,male,head/neck,train
ISIC_7117747,IL_7834176,clinical,clinical: close-up,Malignant,BCC,1,80.0,female,lower extremity,train
ISIC_8843537,IL_7834176,dermoscopic,dermoscopic,Malignant,BCC,1,80.0,female,lower extremity,train
ISIC_7368145,IL_7834539,clinical,clinical: close-up,Malignant,BCC,1,70.0,female,lower extremity,train
ISIC_9669577,IL_7834539,dermoscopic,dermoscopic,Malignant,BCC,1,70.0,female,lower extremity,train
ISIC_2345535,IL_7842588,clinical,clinical: close-up,Benign,BKL,0,60.0,male,head/neck,train
ISIC_7629948,IL_7842588,dermoscopic,dermoscopic,Benign,BKL,0,60.0,male,head/neck,train
ISIC_6934066,IL_7853523,clinical,clinical: close-up,Benign,NV,0,35.0,male,head/neck,train
ISIC_0575130,IL_7853523,dermoscopic,dermoscopic,Benign,NV,0,35.0,male,head/neck,train
ISIC_6919900,IL_7855473,clinical,clinical: close-up,Benign,NV,0,15.0,female,lower extremity,train
ISIC_4051514,IL_7855473,dermoscopic,dermoscopic,Benign,NV,0,15.0,female,lower extremity,train
ISIC_3532225,IL_7864220,clinical,clinical: close-up,Malignant,AKIEC,1,85.0,female,lower extremity,train
ISIC_0644098,IL_7864220,dermoscopic,dermoscopic,Malignant,AKIEC,1,85.0,female,lower extremity,train
ISIC_3439175,IL_7865284,clinical,clinical: close-up,Malignant,BCC,1,85.0,male,head/neck,train
ISIC_4869343,IL_7865284,dermoscopic,dermoscopic,Malignant,BCC,1,85.0,male,head/neck,train
ISIC_3220453,IL_7867833,clinical,clinical: close-up,Indeterminate,AKIEC,1,75.0,male,head/neck,train
ISIC_9268987,IL_7867833,dermoscopic,dermoscopic,Indeterminate,AKIEC,1,75.0,male,head/neck,train
ISIC_5632058,IL_7869579,clinical,clinical: close-up,Malignant,BCC,1,80.0,male,,train
ISIC_3473807,IL_7869579,dermoscopic,dermoscopic,Malignant,BCC,1,80.0,male,,train
ISIC_1536147,IL_7871549,clinical,clinical: close-up,Malignant,SCCKA,1,75.0,male,lower extremity,train
ISIC_0195374,IL_7871549,dermoscopic,dermoscopic,Malignant,SCCKA,1,75.0,male,lower extremity,train
ISIC_1226932,IL_7884218,clinical,clinical: close-up,Malignant,BCC,1,65.0,male,lower extremity,train
ISIC_6190757,IL_7884218,dermoscopic,dermoscopic,Malignant,BCC,1,65.0,male,lower extremity,train
ISIC_4860954,IL_7884893,clinical,clinical: close-up,Malignant,AKIEC,1,50.0,male,,train
ISIC_8183159,IL_7884893,dermoscopic,dermoscopic,Malignant,AKIEC,1,50.0,male,,train
ISIC_8292731,IL_7885027,clinical,clinical: close-up,Malignant,BCC,1,65.0,male,head/neck,train
ISIC_6486784,IL_7885027,dermoscopic,dermoscopic,Malignant,BCC,1,65.0,male,head/neck,train
ISIC_2458475,IL_7885037,clinical,clinical: close-up,Malignant,BCC,1,70.0,male,lower extremity,train
ISIC_8774868,IL_7885037,dermoscopic,dermoscopic,Malignant,BCC,1,70.0,male,lower extremity,train
ISIC_6587157,IL_7896547,clinical,clinical: close-up,Benign,INF,0,50.0,male,head/neck,train
ISIC_7859130,IL_7896547,dermoscopic,dermoscopic,Benign,INF,0,50.0,male,head/neck,train
ISIC_3584546,IL_7898098,clinical,clinical: close-up,Malignant,BCC,1,65.0,female,,train
ISIC_6368798,IL_7898098,dermoscopic,dermoscopic,Malignant,BCC,1,65.0,female,,train
ISIC_7268085,IL_7900127,clinical,clinical: close-up,Malignant,BCC,1,70.0,female,head/neck,train
ISIC_9216609,IL_7900127,dermoscopic,dermoscopic,Malignant,BCC,1,70.0,female,head/neck,train
ISIC_6521283,IL_7908482,clinical,clinical: close-up,Benign,BKL,0,80.0,male,head/neck,train
ISIC_5798737,IL_7908482,dermoscopic,dermoscopic,Benign,BKL,0,80.0,male,head/neck,train
ISIC_5620717,IL_7912330,clinical,clinical: close-up,Malignant,BCC,1,65.0,male,head/neck,train
ISIC_7241253,IL_7912330,dermoscopic,dermoscopic,Malignant,BCC,1,65.0,male,head/neck,train
ISIC_4226769,IL_7913171,clinical,clinical: close-up,Malignant,BCC,1,45.0,male,lower extremity,train
ISIC_3877513,IL_7913171,dermoscopic,dermoscopic,Malignant,BCC,1,45.0,male,lower extremity,train
ISIC_8366620,IL_7913818,clinical,clinical: close-up,Malignant,SCCKA,1,55.0,female,lower extremity,train
ISIC_2601688,IL_7913818,dermoscopic,dermoscopic,Malignant,SCCKA,1,55.0,female,lower extremity,train
ISIC_7155383,IL_7914458,clinical,clinical: close-up,Malignant,BCC,1,65.0,female,lower extremity,train
ISIC_8776679,IL_7914458,dermoscopic,dermoscopic,Malignant,BCC,1,65.0,female,lower extremity,train
ISIC_6544356,IL_7917334,clinical,clinical: close-up,Malignant,SCCKA,1,70.0,male,head/neck,train
ISIC_6383214,IL_7917334,dermoscopic,dermoscopic,Malignant,SCCKA,1,70.0,male,head/neck,train
ISIC_0703597,IL_7917895,clinical,clinical: close-up,Benign,DF,0,50.0,male,lower extremity,train
ISIC_6545294,IL_7917895,dermoscopic,dermoscopic,Benign,DF,0,50.0,male,lower extremity,train
ISIC_7005364,IL_7926291,clinical,clinical: close-up,Malignant,BCC,1,80.0,female,head/neck,train
ISIC_0858555,IL_7926291,dermoscopic,dermoscopic,Malignant,BCC,1,80.0,female,head/neck,train
ISIC_9240332,IL_7929942,clinical,clinical: close-up,Malignant,SCCKA,1,80.0,female,head/neck,train
ISIC_3412303,IL_7929942,dermoscopic,dermoscopic,Malignant,SCCKA,1,80.0,female,head/neck,train
ISIC_5197529,IL_7930944,clinical,clinical: close-up,Malignant,BCC,1,70.0,male,,train
ISIC_8981300,IL_7930944,dermoscopic,dermoscopic,Malignant,BCC,1,70.0,male,,train
ISIC_8000477,IL_7931283,clinical,clinical: close-up,Malignant,BCC,1,70.0,female,,train
ISIC_3360235,IL_7931283,dermoscopic,dermoscopic,Malignant,BCC,1,70.0,female,,train
ISIC_3269390,IL_7933617,clinical,clinical: close-up,Malignant,SCCKA,1,55.0,male,head/neck,train
ISIC_6662978,IL_7933617,dermoscopic,dermoscopic,Malignant,SCCKA,1,55.0,male,head/neck,train
ISIC_9206416,IL_7940585,clinical,clinical: close-up,Benign,NV,0,20.0,female,lower extremity,train
ISIC_8766762,IL_7940585,dermoscopic,dermoscopic,Benign,NV,0,20.0,female,lower extremity,train
ISIC_5466262,IL_7940673,clinical,clinical: close-up,Malignant,MEL,1,45.0,male,,train
ISIC_2926418,IL_7940673,dermoscopic,dermoscopic,Malignant,MEL,1,45.0,male,,train
ISIC_7876146,IL_7943219,clinical,clinical: close-up,Benign,BKL,0,55.0,male,head/neck,train
ISIC_8356317,IL_7943219,dermoscopic,dermoscopic,Benign,BKL,0,55.0,male,head/neck,train
ISIC_0501244,IL_7948272,clinical,clinical: close-up,Malignant,BCC,1,70.0,female,lower extremity,train
ISIC_3501503,IL_7948272,dermoscopic,dermoscopic,Malignant,BCC,1,70.0,female,lower extremity,train
ISIC_7325830,IL_7948300,clinical,clinical: close-up,Malignant,BCC,1,65.0,female,head/neck,train
ISIC_7953190,IL_7948300,dermoscopic,dermoscopic,Malignant,BCC,1,65.0,female,head/neck,train
ISIC_7304569,IL_7948883,clinical,clinical: close-up,Benign,INF,0,40.0,female,,train
ISIC_5933645,IL_7948883,dermoscopic,dermoscopic,Benign,INF,0,40.0,female,,train
ISIC_0784305,IL_7954262,clinical,clinical: close-up,Malignant,BCC,1,65.0,male,,train
ISIC_8154669,IL_7954262,dermoscopic,dermoscopic,Malignant,BCC,1,65.0,male,,train
ISIC_7775899,IL_7956522,clinical,clinical: close-up,Benign,BKL,0,60.0,female,lower extremity,train
ISIC_0242383,IL_7956522,dermoscopic,dermoscopic,Benign,BKL,0,60.0,female,lower extremity,train
ISIC_3573709,IL_7959059,clinical,clinical: close-up,Malignant,BCC,1,60.0,female,upper extremity,train
ISIC_3917948,IL_7959059,dermoscopic,dermoscopic,Malignant,BCC,1,60.0,female,upper extremity,train
ISIC_2897696,IL_7964998,clinical,clinical: close-up,Benign,NV,0,35.0,female,,train
ISIC_3943135,IL_7964998,dermoscopic,dermoscopic,Benign,NV,0,35.0,female,,train
ISIC_2134793,IL_7965758,clinical,clinical: close-up,Malignant,BCC,1,55.0,male,,train
ISIC_3487034,IL_7965758,dermoscopic,dermoscopic,Malignant,BCC,1,55.0,male,,train
ISIC_0336951,IL_7971648,clinical,clinical: close-up,Benign,BKL,0,55.0,female,lower extremity,train
ISIC_4859866,IL_7971648,dermoscopic,dermoscopic,Benign,BKL,0,55.0,female,lower extremity,train
ISIC_4752546,IL_7972003,clinical,clinical: close-up,Malignant,BCC,1,35.0,female,,train
ISIC_9710909,IL_7972003,dermoscopic,dermoscopic,Malignant,BCC,1,35.0,female,,train
ISIC_7216047,IL_7974565,clinical,clinical: close-up,Benign,BKL,0,50.0,female,upper extremity,train
ISIC_2354975,IL_7974565,dermoscopic,dermoscopic,Benign,BKL,0,50.0,female,upper extremity,train
ISIC_2094159,IL_7974648,clinical,clinical: close-up,Benign,NV,0,10.0,female,lower extremity,train
ISIC_6990939,IL_7974648,dermoscopic,dermoscopic,Benign,NV,0,10.0,female,lower extremity,train
ISIC_7767729,IL_7975365,clinical,clinical: close-up,Benign,BKL,0,70.0,male,upper extremity,train
ISIC_3140203,IL_7975365,dermoscopic,dermoscopic,Benign,BKL,0,70.0,male,upper extremity,train
ISIC_7423057,IL_7977795,clinical,clinical: close-up,Benign,NV,0,45.0,male,lower extremity,train
ISIC_1502836,IL_7977795,dermoscopic,dermoscopic,Benign,NV,0,45.0,male,lower extremity,train
ISIC_2533190,IL_7980891,clinical,clinical: close-up,Malignant,BCC,1,70.0,male,upper extremity,train
ISIC_2748624,IL_7980891,dermoscopic,dermoscopic,Malignant,BCC,1,70.0,male,upper extremity,train
ISIC_2415211,IL_7982097,clinical,clinical: close-up,Malignant,BCC,1,40.0,female,head/neck,train
ISIC_2078396,IL_7982097,dermoscopic,dermoscopic,Malignant,BCC,1,40.0,female,head/neck,train
ISIC_9890732,IL_7985046,clinical,clinical: close-up,Malignant,BCC,1,45.0,female,lower extremity,train
ISIC_1276558,IL_7985046,dermoscopic,dermoscopic,Malignant,BCC,1,45.0,female,lower extremity,train
ISIC_9105996,IL_7991885,clinical,clinical: close-up,Benign,DF,0,70.0,male,lower extremity,train
ISIC_0546402,IL_7991885,dermoscopic,dermoscopic,Benign,DF,0,70.0,male,lower extremity,train
ISIC_4712387,IL_7998645,clinical,clinical: close-up,Malignant,SCCKA,1,70.0,male,upper extremity,train
ISIC_8223761,IL_7998645,dermoscopic,dermoscopic,Malignant,SCCKA,1,70.0,male,upper extremity,train
ISIC_7650091,IL_8001896,clinical,clinical: close-up,Malignant,BCC,1,65.0,female,,train
ISIC_1242474,IL_8001896,dermoscopic,dermoscopic,Malignant,BCC,1,65.0,female,,train
ISIC_3914025,IL_8003176,clinical,clinical: close-up,Malignant,SCCKA,1,70.0,male,upper extremity,train
ISIC_5399167,IL_8003176,dermoscopic,dermoscopic,Malignant,SCCKA,1,70.0,male,upper extremity,train
ISIC_1286685,IL_8007348,clinical,clinical: close-up,Malignant,BCC,1,50.0,male,,train
ISIC_3762115,IL_8007348,dermoscopic,dermoscopic,Malignant,BCC,1,50.0,male,,train
ISIC_6571694,IL_8010976,clinical,clinical: close-up,Malignant,BCC,1,80.0,male,lower extremity,train
ISIC_7409855,IL_8010976,dermoscopic,dermoscopic,Malignant,BCC,1,80.0,male,lower extremity,train
ISIC_9139162,IL_8019185,clinical,clinical: close-up,Malignant,BCC,1,50.0,female,,train
ISIC_3187803,IL_8019185,dermoscopic,dermoscopic,Malignant,BCC,1,50.0,female,,train
ISIC_8782993,IL_8022084,clinical,clinical: close-up,Benign,BKL,0,40.0,female,,train
ISIC_8356432,IL_8022084,dermoscopic,dermoscopic,Benign,BKL,0,40.0,female,,train
ISIC_1367228,IL_8022515,clinical,clinical: close-up,Malignant,BCC,1,70.0,male,,train
ISIC_5362779,IL_8022515,dermoscopic,dermoscopic,Malignant,BCC,1,70.0,male,,train
ISIC_1672301,IL_8026752,clinical,clinical: close-up,Benign,NV,0,35.0,male,,train
ISIC_8314749,IL_8026752,dermoscopic,dermoscopic,Benign,NV,0,35.0,male,,train
ISIC_8917612,IL_8031669,clinical,clinical: close-up,Malignant,BCC,1,80.0,male,,train
ISIC_1239264,IL_8031669,dermoscopic,dermoscopic,Malignant,BCC,1,80.0,male,,train
ISIC_5440216,IL_8037743,clinical,clinical: close-up,Malignant,MEL,1,40.0,female,,train
ISIC_7560933,IL_8037743,dermoscopic,dermoscopic,Malignant,MEL,1,40.0,female,,train
ISIC_4652327,IL_8038373,clinical,clinical: close-up,Malignant,BCC,1,60.0,male,,train
ISIC_6290458,IL_8038373,dermoscopic,dermoscopic,Malignant,BCC,1,60.0,male,,train
ISIC_1091183,IL_8040999,clinical,clinical: close-up,Malignant,MEL,1,70.0,male,,train
ISIC_6551749,IL_8040999,dermoscopic,dermoscopic,Malignant,MEL,1,70.0,male,,train
ISIC_9276741,IL_8050939,clinical,clinical: close-up,Malignant,BCC,1,45.0,male,,train
ISIC_6287939,IL_8050939,dermoscopic,dermoscopic,Malignant,BCC,1,45.0,male,,train
ISIC_7925027,IL_8053107,clinical,clinical: close-up,Malignant,BCC,1,70.0,male,,train
ISIC_1420953,IL_8053107,dermoscopic,dermoscopic,Malignant,BCC,1,70.0,male,,train
ISIC_2118898,IL_8057179,clinical,clinical: close-up,Malignant,SCCKA,1,75.0,male,head/neck,train
ISIC_5451038,IL_8057179,dermoscopic,dermoscopic,Malignant,SCCKA,1,75.0,male,head/neck,train
ISIC_6136291,IL_8057950,clinical,clinical: close-up,Benign,NV,0,35.0,male,lower extremity,train
ISIC_7776586,IL_8057950,dermoscopic,dermoscopic,Benign,NV,0,35.0,male,lower extremity,train
ISIC_4007259,IL_8058486,clinical,clinical: close-up,Malignant,AKIEC,1,65.0,male,head/neck,train
ISIC_4980196,IL_8058486,dermoscopic,dermoscopic,Malignant,AKIEC,1,65.0,male,head/neck,train
ISIC_1772212,IL_8058935,clinical,clinical: close-up,Malignant,SCCKA,1,70.0,female,upper extremity,train
ISIC_4315425,IL_8058935,dermoscopic,dermoscopic,Malignant,SCCKA,1,70.0,female,upper extremity,train
ISIC_5841367,IL_8066973,clinical,clinical: close-up,Malignant,BCC,1,65.0,female,lower extremity,train
ISIC_9132204,IL_8066973,dermoscopic,dermoscopic,Malignant,BCC,1,65.0,female,lower extremity,train
ISIC_1262493,IL_8067499,clinical,clinical: close-up,Malignant,BCC,1,60.0,female,,train
ISIC_4901933,IL_8067499,dermoscopic,dermoscopic,Malignant,BCC,1,60.0,female,,train
ISIC_1348618,IL_8073547,clinical,clinical: close-up,Benign,BKL,0,70.0,male,lower extremity,train
ISIC_2655730,IL_8073547,dermoscopic,dermoscopic,Benign,BKL,0,70.0,male,lower extremity,train
ISIC_6598962,IL_8074133,clinical,clinical: close-up,Malignant,BCC,1,75.0,female,head/neck,train
ISIC_5634823,IL_8074133,dermoscopic,dermoscopic,Malignant,BCC,1,75.0,female,head/neck,train
ISIC_9756261,IL_8077047,clinical,clinical: close-up,Benign,BKL,0,55.0,female,head/neck,train
ISIC_9491707,IL_8077047,dermoscopic,dermoscopic,Benign,BKL,0,55.0,female,head/neck,train
ISIC_2224879,IL_8079402,clinical,clinical: close-up,Malignant,MEL,1,70.0,male,,train
ISIC_9599992,IL_8079402,dermoscopic,dermoscopic,Malignant,MEL,1,70.0,male,,train
ISIC_6465943,IL_8089688,clinical,clinical: close-up,Malignant,BCC,1,50.0,female,head/neck,train
ISIC_0076255,IL_8089688,dermoscopic,dermoscopic,Malignant,BCC,1,50.0,female,head/neck,train
ISIC_4841357,IL_8091560,clinical,clinical: close-up,Malignant,SCCKA,1,85.0,female,upper extremity,train
ISIC_8367084,IL_8091560,dermoscopic,dermoscopic,Malignant,SCCKA,1,85.0,female,upper extremity,train
ISIC_3198901,IL_8093153,clinical,clinical: close-up,Malignant,BCC,1,70.0,male,,train
ISIC_1305247,IL_8093153,dermoscopic,dermoscopic,Malignant,BCC,1,70.0,male,,train
ISIC_0153470,IL_8095126,clinical,clinical: close-up,Benign,BKL,0,65.0,female,,train
ISIC_6634769,IL_8095126,dermoscopic,dermoscopic,Benign,BKL,0,65.0,female,,train
ISIC_9261403,IL_8102879,clinical,clinical: close-up,Benign,INF,0,50.0,male,head/neck,train
ISIC_3434316,IL_8102879,dermoscopic,dermoscopic,Benign,INF,0,50.0,male,head/neck,train
ISIC_0333650,IL_8106703,clinical,clinical: close-up,Malignant,MEL,1,40.0,male,,train
ISIC_6833525,IL_8106703,dermoscopic,dermoscopic,Malignant,MEL,1,40.0,male,,train
ISIC_3461504,IL_8108938,clinical,clinical: close-up,Malignant,BCC,1,50.0,male,lower extremity,train
ISIC_7351010,IL_8108938,dermoscopic,dermoscopic,Malignant,BCC,1,50.0,male,lower extremity,train
ISIC_6597735,IL_8109861,clinical,clinical: close-up,Malignant,BCC,1,55.0,female,lower extremity,train
ISIC_7480455,IL_8109861,dermoscopic,dermoscopic,Malignant,BCC,1,55.0,female,lower extremity,train
ISIC_3962666,IL_8111694,clinical,clinical: close-up,Benign,BKL,0,55.0,male,head/neck,train
ISIC_9206516,IL_8111694,dermoscopic,dermoscopic,Benign,BKL,0,55.0,male,head/neck,train
ISIC_2167765,IL_8116058,clinical,clinical: close-up,Indeterminate,AKIEC,1,70.0,female,head/neck,train
ISIC_4194168,IL_8116058,dermoscopic,dermoscopic,Indeterminate,AKIEC,1,70.0,female,head/neck,train
ISIC_5574831,IL_8118311,clinical,clinical: close-up,Benign,NV,0,45.0,female,upper extremity,train
ISIC_0376931,IL_8118311,dermoscopic,dermoscopic,Benign,NV,0,45.0,female,upper extremity,train
ISIC_6469131,IL_8122429,clinical,clinical: close-up,Benign,BKL,0,70.0,male,head/neck,train
ISIC_3464724,IL_8122429,dermoscopic,dermoscopic,Benign,BKL,0,70.0,male,head/neck,train
ISIC_2489023,IL_8124178,clinical,clinical: close-up,Benign,NV,0,45.0,female,upper extremity,train
ISIC_5380715,IL_8124178,dermoscopic,dermoscopic,Benign,NV,0,45.0,female,upper extremity,train
ISIC_2184033,IL_8124925,clinical,clinical: close-up,Benign,INF,0,20.0,male,,train
ISIC_9483103,IL_8124925,dermoscopic,dermoscopic,Benign,INF,0,20.0,male,,train
ISIC_8441087,IL_8142013,clinical,clinical: close-up,Benign,NV,0,70.0,male,upper extremity,train
ISIC_7917060,IL_8142013,dermoscopic,dermoscopic,Benign,NV,0,70.0,male,upper extremity,train
ISIC_4058425,IL_8142572,clinical,clinical: close-up,Benign,NV,0,40.0,male,,train
ISIC_5294377,IL_8142572,dermoscopic,dermoscopic,Benign,NV,0,40.0,male,,train
ISIC_1728615,IL_8145813,clinical,clinical: close-up,Benign,BEN_OTH,0,50.0,female,head/neck,train
ISIC_4956012,IL_8145813,dermoscopic,dermoscopic,Benign,BEN_OTH,0,50.0,female,head/neck,train
ISIC_7396327,IL_8147513,clinical,clinical: close-up,Benign,NV,0,40.0,female,head/neck,train
ISIC_5754710,IL_8147513,dermoscopic,dermoscopic,Benign,NV,0,40.0,female,head/neck,train
ISIC_6608996,IL_8154885,clinical,clinical: close-up,Malignant,BCC,1,60.0,female,,train
ISIC_4554471,IL_8154885,dermoscopic,dermoscopic,Malignant,BCC,1,60.0,female,,train
ISIC_2439277,IL_8157640,clinical,clinical: close-up,Malignant,BCC,1,85.0,male,upper extremity,train
ISIC_3147082,IL_8157640,dermoscopic,dermoscopic,Malignant,BCC,1,85.0,male,upper extremity,train
ISIC_8350291,IL_8158343,clinical,clinical: close-up,Malignant,BCC,1,75.0,female,upper extremity,train
ISIC_6690222,IL_8158343,dermoscopic,dermoscopic,Malignant,BCC,1,75.0,female,upper extremity,train
ISIC_9735329,IL_8160773,clinical,clinical: close-up,Benign,BEN_OTH,0,65.0,female,lower extremity,train
ISIC_5381632,IL_8160773,dermoscopic,dermoscopic,Benign,BEN_OTH,0,65.0,female,lower extremity,train
ISIC_9177146,IL_8162391,clinical,clinical: close-up,Indeterminate,AKIEC,1,65.0,male,lower extremity,train
ISIC_2718301,IL_8162391,dermoscopic,dermoscopic,Indeterminate,AKIEC,1,65.0,male,lower extremity,train
ISIC_5246163,IL_8165717,clinical,clinical: close-up,Benign,NV,0,40.0,male,,train
ISIC_3685267,IL_8165717,dermoscopic,dermoscopic,Benign,NV,0,40.0,male,,train
ISIC_9546496,IL_8166826,clinical,clinical: close-up,Malignant,MEL,1,65.0,male,head/neck,train
ISIC_0416055,IL_8166826,dermoscopic,dermoscopic,Malignant,MEL,1,65.0,male,head/neck,train
ISIC_5579782,IL_8170554,clinical,clinical: close-up,Malignant,BCC,1,60.0,male,,train
ISIC_4527478,IL_8170554,dermoscopic,dermoscopic,Malignant,BCC,1,60.0,male,,train
ISIC_7090643,IL_8171092,clinical,clinical: close-up,Benign,NV,0,80.0,female,lower extremity,train
ISIC_7116818,IL_8171092,dermoscopic,dermoscopic,Benign,NV,0,80.0,female,lower extremity,train
ISIC_4971911,IL_8173942,clinical,clinical: close-up,Malignant,MAL_OTH,1,35.0,female,,train
ISIC_9890480,IL_8173942,dermoscopic,dermoscopic,Malignant,MAL_OTH,1,35.0,female,,train
ISIC_1948930,IL_8177538,clinical,clinical: close-up,Malignant,SCCKA,1,70.0,male,lower extremity,train
ISIC_2027374,IL_8177538,dermoscopic,dermoscopic,Malignant,SCCKA,1,70.0,male,lower extremity,train
ISIC_1411639,IL_8186190,clinical,clinical: close-up,Malignant,BCC,1,75.0,female,lower extremity,train
ISIC_4093606,IL_8186190,dermoscopic,dermoscopic,Malignant,BCC,1,75.0,female,lower extremity,train
ISIC_4206533,IL_8187329,clinical,clinical: close-up,Malignant,BCC,1,60.0,male,lower extremity,train
ISIC_7826908,IL_8187329,dermoscopic,dermoscopic,Malignant,BCC,1,60.0,male,lower extremity,train
ISIC_3318403,IL_8188380,clinical,clinical: close-up,Malignant,BCC,1,70.0,female,head/neck,train
ISIC_1816917,IL_8188380,dermoscopic,dermoscopic,Malignant,BCC,1,70.0,female,head/neck,train
ISIC_4254329,IL_8193590,clinical,clinical: close-up,Malignant,MEL,1,70.0,male,head/neck,train
ISIC_3396860,IL_8193590,dermoscopic,dermoscopic,Malignant,MEL,1,70.0,male,head/neck,train
ISIC_1025034,IL_8193835,clinical,clinical: close-up,Malignant,SCCKA,1,85.0,female,lower extremity,train
ISIC_0921779,IL_8193835,dermoscopic,dermoscopic,Malignant,SCCKA,1,85.0,female,lower extremity,train
ISIC_1442874,IL_8194145,clinical,clinical: close-up,Benign,BKL,0,70.0,male,upper extremity,train
ISIC_9541448,IL_8194145,dermoscopic,dermoscopic,Benign,BKL,0,70.0,male,upper extremity,train
ISIC_8563004,IL_8194852,clinical,clinical: close-up,Malignant,MEL,1,60.0,male,,train
ISIC_2161394,IL_8194852,dermoscopic,dermoscopic,Malignant,MEL,1,60.0,male,,train
ISIC_1503289,IL_8205824,clinical,clinical: close-up,Malignant,MEL,1,55.0,male,,train
ISIC_5785135,IL_8205824,dermoscopic,dermoscopic,Malignant,MEL,1,55.0,male,,train
ISIC_7920017,IL_8208194,clinical,clinical: close-up,Malignant,SCCKA,1,80.0,female,lower extremity,train
ISIC_8863147,IL_8208194,dermoscopic,dermoscopic,Malignant,SCCKA,1,80.0,female,lower extremity,train
ISIC_9134607,IL_8209280,clinical,clinical: close-up,Malignant,SCCKA,1,55.0,female,,train
ISIC_3705057,IL_8209280,dermoscopic,dermoscopic,Malignant,SCCKA,1,55.0,female,,train
ISIC_1534516,IL_8211957,clinical,clinical: close-up,Malignant,BCC,1,70.0,male,lower extremity,train
ISIC_4605939,IL_8211957,dermoscopic,dermoscopic,Malignant,BCC,1,70.0,male,lower extremity,train
ISIC_9871721,IL_8212938,clinical,clinical: close-up,Malignant,MEL,1,50.0,female,,train
ISIC_1121645,IL_8212938,dermoscopic,dermoscopic,Malignant,MEL,1,50.0,female,,train
ISIC_1428662,IL_8224521,clinical,clinical: close-up,Malignant,SCCKA,1,65.0,male,upper extremity,train
ISIC_3265655,IL_8224521,dermoscopic,dermoscopic,Malignant,SCCKA,1,65.0,male,upper extremity,train
ISIC_8668469,IL_8225766,clinical,clinical: close-up,Benign,NV,0,5.0,male,lower extremity,train
ISIC_6940478,IL_8225766,dermoscopic,dermoscopic,Benign,NV,0,5.0,male,lower extremity,train
ISIC_7914809,IL_8225974,clinical,clinical: close-up,Malignant,SCCKA,1,65.0,male,,train
ISIC_8793565,IL_8225974,dermoscopic,dermoscopic,Malignant,SCCKA,1,65.0,male,,train
ISIC_4162103,IL_8229749,clinical,clinical: close-up,Malignant,BCC,1,80.0,male,upper extremity,train
ISIC_6538645,IL_8229749,dermoscopic,dermoscopic,Malignant,BCC,1,80.0,male,upper extremity,train
ISIC_5580645,IL_8231920,clinical,clinical: close-up,Malignant,AKIEC,1,40.0,male,head/neck,train
ISIC_1693712,IL_8231920,dermoscopic,dermoscopic,Malignant,AKIEC,1,40.0,male,head/neck,train
ISIC_6391608,IL_8240105,clinical,clinical: close-up,Malignant,BCC,1,70.0,male,,train
ISIC_7902747,IL_8240105,dermoscopic,dermoscopic,Malignant,BCC,1,70.0,male,,train
ISIC_1035863,IL_8247723,clinical,clinical: close-up,Malignant,SCCKA,1,85.0,female,lower extremity,train
ISIC_0846856,IL_8247723,dermoscopic,dermoscopic,Malignant,SCCKA,1,85.0,female,lower extremity,train
ISIC_6795403,IL_8248912,clinical,clinical: close-up,Malignant,BCC,1,60.0,female,upper extremity,train
ISIC_5446350,IL_8248912,dermoscopic,dermoscopic,Malignant,BCC,1,60.0,female,upper extremity,train
ISIC_4471978,IL_8249685,clinical,clinical: close-up,Malignant,BCC,1,70.0,female,lower extremity,train
ISIC_4389754,IL_8249685,dermoscopic,dermoscopic,Malignant,BCC,1,70.0,female,lower extremity,train
ISIC_0957094,IL_8252843,clinical,clinical: close-up,Malignant,SCCKA,1,70.0,female,upper extremity,train
ISIC_5398396,IL_8252843,dermoscopic,dermoscopic,Malignant,SCCKA,1,70.0,female,upper extremity,train
ISIC_5043276,IL_8255338,clinical,clinical: close-up,Malignant,AKIEC,1,40.0,male,head/neck,train
ISIC_9488743,IL_8255338,dermoscopic,dermoscopic,Malignant,AKIEC,1,40.0,male,head/neck,train
ISIC_2346672,IL_8258563,clinical,clinical: close-up,Benign,BKL,0,75.0,male,head/neck,train
ISIC_8472745,IL_8258563,dermoscopic,dermoscopic,Benign,BKL,0,75.0,male,head/neck,train
ISIC_0388843,IL_8259171,clinical,clinical: close-up,Malignant,BCC,1,85.0,male,head/neck,train
ISIC_3911179,IL_8259171,dermoscopic,dermoscopic,Malignant,BCC,1,85.0,male,head/neck,train
ISIC_2785273,IL_8262115,clinical,clinical: close-up,Malignant,BCC,1,75.0,female,,train
ISIC_5804522,IL_8262115,dermoscopic,dermoscopic,Malignant,BCC,1,75.0,female,,train
ISIC_5152130,IL_8266229,clinical,clinical: close-up,Benign,BKL,0,60.0,female,lower extremity,train
ISIC_1894633,IL_8266229,dermoscopic,dermoscopic,Benign,BKL,0,60.0,female,lower extremity,train
ISIC_4022680,IL_8266554,clinical,clinical: close-up,Benign,NV,0,70.0,male,,train
ISIC_0660859,IL_8266554,dermoscopic,dermoscopic,Benign,NV,0,70.0,male,,train
ISIC_7733749,IL_8268920,clinical,clinical: close-up,Malignant,BCC,1,65.0,male,head/neck,train
ISIC_7869346,IL_8268920,dermoscopic,dermoscopic,Malignant,BCC,1,65.0,male,head/neck,train
ISIC_6477645,IL_8270220,clinical,clinical: close-up,Malignant,BCC,1,60.0,female,upper extremity,train
ISIC_3312778,IL_8270220,dermoscopic,dermoscopic,Malignant,BCC,1,60.0,female,upper extremity,train
ISIC_3844756,IL_8270942,clinical,clinical: close-up,Indeterminate,AKIEC,1,80.0,male,head/neck,train
ISIC_0546389,IL_8270942,dermoscopic,dermoscopic,Indeterminate,AKIEC,1,80.0,male,head/neck,train
ISIC_3140817,IL_8273782,clinical,clinical: close-up,Malignant,MEL,1,75.0,male,,train
ISIC_9540789,IL_8273782,dermoscopic,dermoscopic,Malignant,MEL,1,75.0,male,,train
ISIC_7546528,IL_8277688,clinical,clinical: close-up,Benign,BKL,0,50.0,female,head/neck,train
ISIC_1222561,IL_8277688,dermoscopic,dermoscopic,Benign,BKL,0,50.0,female,head/neck,train
ISIC_1659815,IL_8280517,clinical,clinical: close-up,Malignant,BCC,1,65.0,female,head/neck,train
ISIC_4951972,IL_8280517,dermoscopic,dermoscopic,Malignant,BCC,1,65.0,female,head/neck,train
ISIC_0411343,IL_8282831,clinical,clinical: close-up,Malignant,BCC,1,65.0,male,,train
ISIC_6252442,IL_8282831,dermoscopic,dermoscopic,Malignant,BCC,1,65.0,male,,train
ISIC_3884851,IL_8293673,clinical,clinical: close-up,Benign,NV,0,55.0,male,,train
ISIC_5818083,IL_8293673,dermoscopic,dermoscopic,Benign,NV,0,55.0,male,,train
ISIC_4741777,IL_8297781,clinical,clinical: close-up,Malignant,BCC,1,65.0,female,,train
ISIC_9017680,IL_8297781,dermoscopic,dermoscopic,Malignant,BCC,1,65.0,female,,train
ISIC_0108357,IL_8299978,clinical,clinical: close-up,Benign,NV,0,30.0,male,,train
ISIC_8873365,IL_8299978,dermoscopic,dermoscopic,Benign,NV,0,30.0,male,,train
ISIC_5330823,IL_8301867,clinical,clinical: close-up,Malignant,AKIEC,1,65.0,male,upper extremity,train
ISIC_9390488,IL_8301867,dermoscopic,dermoscopic,Malignant,AKIEC,1,65.0,male,upper extremity,train
ISIC_8563013,IL_8312366,clinical,clinical: close-up,Malignant,BCC,1,50.0,female,upper extremity,train
ISIC_4955912,IL_8312366,dermoscopic,dermoscopic,Malignant,BCC,1,50.0,female,upper extremity,train
ISIC_3656292,IL_8312438,clinical,clinical: close-up,Malignant,MEL,1,25.0,male,lower extremity,train
ISIC_8244439,IL_8312438,dermoscopic,dermoscopic,Malignant,MEL,1,25.0,male,lower extremity,train
ISIC_1784261,IL_8312956,clinical,clinical: close-up,Malignant,BCC,1,70.0,male,,train
ISIC_4426257,IL_8312956,dermoscopic,dermoscopic,Malignant,BCC,1,70.0,male,,train
ISIC_7127801,IL_8319102,clinical,clinical: close-up,Malignant,BCC,1,70.0,male,,train
ISIC_1135697,IL_8319102,dermoscopic,dermoscopic,Malignant,BCC,1,70.0,male,,train
ISIC_2526585,IL_8322596,clinical,clinical: close-up,Malignant,BCC,1,60.0,female,head/neck,train
ISIC_1230479,IL_8322596,dermoscopic,dermoscopic,Malignant,BCC,1,60.0,female,head/neck,train
ISIC_9574838,IL_8323588,clinical,clinical: close-up,Malignant,BCC,1,85.0,male,head/neck,train
ISIC_0289881,IL_8323588,dermoscopic,dermoscopic,Malignant,BCC,1,85.0,male,head/neck,train
ISIC_3906498,IL_8324569,clinical,clinical: close-up,Benign,BKL,0,40.0,male,,train
ISIC_0783369,IL_8324569,dermoscopic,dermoscopic,Benign,BKL,0,40.0,male,,train
ISIC_0666574,IL_8326567,clinical,clinical: close-up,Malignant,SCCKA,1,85.0,male,upper extremity,train
ISIC_1518748,IL_8326567,dermoscopic,dermoscopic,Malignant,SCCKA,1,85.0,male,upper extremity,train
ISIC_5483404,IL_8326868,clinical,clinical: close-up,Indeterminate,AKIEC,1,70.0,male,head/neck,train
ISIC_7314033,IL_8326868,dermoscopic,dermoscopic,Indeterminate,AKIEC,1,70.0,male,head/neck,train
ISIC_3507270,IL_8337226,clinical,clinical: close-up,Benign,BKL,0,80.0,male,,train
ISIC_1501988,IL_8337226,dermoscopic,dermoscopic,Benign,BKL,0,80.0,male,,train
ISIC_2547869,IL_8339117,clinical,clinical: close-up,Malignant,BCC,1,45.0,female,upper extremity,train
ISIC_3401124,IL_8339117,dermoscopic,dermoscopic,Malignant,BCC,1,45.0,female,upper extremity,train
ISIC_9961928,IL_8345128,clinical,clinical: close-up,Malignant,BCC,1,85.0,male,,train
ISIC_1623104,IL_8345128,dermoscopic,dermoscopic,Malignant,BCC,1,85.0,male,,train
ISIC_6699542,IL_8356407,clinical,clinical: close-up,Malignant,BCC,1,85.0,male,lower extremity,train
ISIC_0657679,IL_8356407,dermoscopic,dermoscopic,Malignant,BCC,1,85.0,male,lower extremity,train
ISIC_7904190,IL_8357154,clinical,clinical: close-up,Benign,BKL,0,65.0,male,,train
ISIC_3715127,IL_8357154,dermoscopic,dermoscopic,Benign,BKL,0,65.0,male,,train
ISIC_6262662,IL_8357719,clinical,clinical: close-up,Malignant,BCC,1,70.0,male,,train
ISIC_1635697,IL_8357719,dermoscopic,dermoscopic,Malignant,BCC,1,70.0,male,,train
ISIC_0981634,IL_8359695,clinical,clinical: close-up,Benign,NV,0,40.0,female,,train
ISIC_6378396,IL_8359695,dermoscopic,dermoscopic,Benign,NV,0,40.0,female,,train
ISIC_6890394,IL_8364095,clinical,clinical: close-up,Benign,VASC,0,50.0,female,upper extremity,train
ISIC_2181342,IL_8364095,dermoscopic,dermoscopic,Benign,VASC,0,50.0,female,upper extremity,train
ISIC_7669551,IL_8366708,clinical,clinical: close-up,Malignant,MEL,1,85.0,male,,train
ISIC_1762147,IL_8366708,dermoscopic,dermoscopic,Malignant,MEL,1,85.0,male,,train
ISIC_4952639,IL_8368045,clinical,clinical: close-up,Malignant,BCC,1,70.0,male,,train
ISIC_4378485,IL_8368045,dermoscopic,dermoscopic,Malignant,BCC,1,70.0,male,,train
ISIC_4342648,IL_8374443,clinical,clinical: close-up,Malignant,BCC,1,85.0,male,head/neck,train
ISIC_4597054,IL_8374443,dermoscopic,dermoscopic,Malignant,BCC,1,85.0,male,head/neck,train
ISIC_1287935,IL_8375718,clinical,clinical: close-up,Malignant,BCC,1,70.0,female,,train
ISIC_5681371,IL_8375718,dermoscopic,dermoscopic,Malignant,BCC,1,70.0,female,,train
ISIC_3587587,IL_8376298,clinical,clinical: close-up,Benign,DF,0,45.0,male,,train
ISIC_3418096,IL_8376298,dermoscopic,dermoscopic,Benign,DF,0,45.0,male,,train
ISIC_8703747,IL_8379111,clinical,clinical: close-up,Malignant,SCCKA,1,65.0,male,upper extremity,train
ISIC_6688178,IL_8379111,dermoscopic,dermoscopic,Malignant,SCCKA,1,65.0,male,upper extremity,train
ISIC_6650890,IL_8380351,clinical,clinical: close-up,Malignant,AKIEC,1,50.0,male,head/neck,train
ISIC_9181159,IL_8380351,dermoscopic,dermoscopic,Malignant,AKIEC,1,50.0,male,head/neck,train
ISIC_5701696,IL_8386286,clinical,clinical: close-up,Benign,BKL,0,75.0,male,head/neck,train
ISIC_8263244,IL_8386286,dermoscopic,dermoscopic,Benign,BKL,0,75.0,male,head/neck,train
ISIC_4898312,IL_8387787,clinical,clinical: close-up,Malignant,BCC,1,85.0,female,head/neck,train
ISIC_6866299,IL_8387787,dermoscopic,dermoscopic,Malignant,BCC,1,85.0,female,head/neck,train
ISIC_7256474,IL_8389564,clinical,clinical: close-up,Malignant,BCC,1,65.0,male,,train
ISIC_6615782,IL_8389564,dermoscopic,dermoscopic,Malignant,BCC,1,65.0,male,,train
ISIC_1099492,IL_8391202,clinical,clinical: close-up,Malignant,BCC,1,80.0,male,,train
ISIC_9594918,IL_8391202,dermoscopic,dermoscopic,Malignant,BCC,1,80.0,male,,train
ISIC_6362619,IL_8401238,clinical,clinical: close-up,Malignant,SCCKA,1,85.0,male,lower extremity,train
ISIC_9931617,IL_8401238,dermoscopic,dermoscopic,Malignant,SCCKA,1,85.0,male,lower extremity,train
ISIC_7434803,IL_8401362,clinical,clinical: close-up,Benign,NV,0,40.0,male,,train
ISIC_2925746,IL_8401362,dermoscopic,dermoscopic,Benign,NV,0,40.0,male,,train
ISIC_6941286,IL_8402366,clinical,clinical: close-up,Malignant,SCCKA,1,65.0,male,upper extremity,train
ISIC_9842192,IL_8402366,dermoscopic,dermoscopic,Malignant,SCCKA,1,65.0,male,upper extremity,train
ISIC_5896651,IL_8403780,clinical,clinical: close-up,Malignant,BCC,1,60.0,female,,train
ISIC_7838537,IL_8403780,dermoscopic,dermoscopic,Malignant,BCC,1,60.0,female,,train
ISIC_7185513,IL_8421292,clinical,clinical: close-up,Malignant,BCC,1,45.0,male,,train
ISIC_8310935,IL_8421292,dermoscopic,dermoscopic,Malignant,BCC,1,45.0,male,,train
ISIC_8144790,IL_8423018,clinical,clinical: close-up,Malignant,BCC,1,75.0,female,head/neck,train
ISIC_9824409,IL_8423018,dermoscopic,dermoscopic,Malignant,BCC,1,75.0,female,head/neck,train
ISIC_5899712,IL_8428753,clinical,clinical: close-up,Benign,NV,0,65.0,male,,train
ISIC_9816160,IL_8428753,dermoscopic,dermoscopic,Benign,NV,0,65.0,male,,train
ISIC_8862763,IL_8434747,clinical,clinical: close-up,Malignant,BCC,1,70.0,male,lower extremity,train
ISIC_1550198,IL_8434747,dermoscopic,dermoscopic,Malignant,BCC,1,70.0,male,lower extremity,train
ISIC_8826493,IL_8444586,clinical,clinical: close-up,Malignant,BCC,1,60.0,male,,train
ISIC_8334297,IL_8444586,dermoscopic,dermoscopic,Malignant,BCC,1,60.0,male,,train
ISIC_7079105,IL_8448417,clinical,clinical: close-up,Malignant,BCC,1,80.0,male,head/neck,train
ISIC_0885674,IL_8448417,dermoscopic,dermoscopic,Malignant,BCC,1,80.0,male,head/neck,train
ISIC_0387034,IL_8448627,clinical,clinical: close-up,Malignant,BCC,1,85.0,male,head/neck,train
ISIC_8308325,IL_8448627,dermoscopic,dermoscopic,Malignant,BCC,1,85.0,male,head/neck,train
ISIC_8372539,IL_8449378,clinical,clinical: close-up,Benign,NV,0,30.0,female,lower extremity,train
ISIC_7110687,IL_8449378,dermoscopic,dermoscopic,Benign,NV,0,30.0,female,lower extremity,train
ISIC_4080936,IL_8449966,clinical,clinical: close-up,Benign,NV,0,40.0,male,head/neck,train
ISIC_2372470,IL_8449966,dermoscopic,dermoscopic,Benign,NV,0,40.0,male,head/neck,train
ISIC_6433757,IL_8454574,clinical,clinical: close-up,Malignant,MEL,1,75.0,female,head/neck,train
ISIC_1220536,IL_8454574,dermoscopic,dermoscopic,Malignant,MEL,1,75.0,female,head/neck,train
ISIC_4872000,IL_8455587,clinical,clinical: close-up,Malignant,BCC,1,55.0,female,head/neck,train
ISIC_6522135,IL_8455587,dermoscopic,dermoscopic,Malignant,BCC,1,55.0,female,head/neck,train
ISIC_1690729,IL_8459572,clinical,clinical: close-up,Malignant,BCC,1,60.0,female,upper extremity,train
ISIC_5093195,IL_8459572,dermoscopic,dermoscopic,Malignant,BCC,1,60.0,female,upper extremity,train
ISIC_0084958,IL_8460509,clinical,clinical: close-up,Malignant,MEL,1,60.0,male,head/neck,train
ISIC_4082328,IL_8460509,dermoscopic,dermoscopic,Malignant,MEL,1,60.0,male,head/neck,train
ISIC_4845673,IL_8461423,clinical,clinical: close-up,Malignant,BCC,1,70.0,male,head/neck,train
ISIC_5493908,IL_8461423,dermoscopic,dermoscopic,Malignant,BCC,1,70.0,male,head/neck,train
ISIC_0553752,IL_8462731,clinical,clinical: close-up,Indeterminate,AKIEC,1,75.0,male,upper extremity,train
ISIC_3428486,IL_8462731,dermoscopic,dermoscopic,Indeterminate,AKIEC,1,75.0,male,upper extremity,train
ISIC_6193525,IL_8465058,clinical,clinical: close-up,Malignant,BCC,1,60.0,female,head/neck,train
ISIC_7621482,IL_8465058,dermoscopic,dermoscopic,Malignant,BCC,1,60.0,female,head/neck,train
ISIC_8339912,IL_8472677,clinical,clinical: close-up,Malignant,AKIEC,1,45.0,male,head/neck,train
ISIC_0680433,IL_8472677,dermoscopic,dermoscopic,Malignant,AKIEC,1,45.0,male,head/neck,train
ISIC_2424286,IL_8480988,clinical,clinical: close-up,Malignant,AKIEC,1,80.0,male,,train
ISIC_0416329,IL_8480988,dermoscopic,dermoscopic,Malignant,AKIEC,1,80.0,male,,train
ISIC_7029585,IL_8482913,clinical,clinical: close-up,Malignant,SCCKA,1,80.0,male,lower extremity,train
ISIC_0920424,IL_8482913,dermoscopic,dermoscopic,Malignant,SCCKA,1,80.0,male,lower extremity,train
ISIC_0689386,IL_8484491,clinical,clinical: close-up,Malignant,BCC,1,55.0,male,head/neck,train
ISIC_4589630,IL_8484491,dermoscopic,dermoscopic,Malignant,BCC,1,55.0,male,head/neck,train
ISIC_3759305,IL_8487012,clinical,clinical: close-up,Malignant,BCC,1,65.0,male,,train
ISIC_3799953,IL_8487012,dermoscopic,dermoscopic,Malignant,BCC,1,65.0,male,,train
ISIC_0378928,IL_8491993,clinical,clinical: close-up,Benign,VASC,0,35.0,female,lower extremity,train
ISIC_1627498,IL_8491993,dermoscopic,dermoscopic,Benign,VASC,0,35.0,female,lower extremity,train
ISIC_7457508,IL_8497763,clinical,clinical: close-up,Malignant,SCCKA,1,50.0,female,,train
ISIC_2465614,IL_8497763,dermoscopic,dermoscopic,Malignant,SCCKA,1,50.0,female,,train
ISIC_3042149,IL_8500079,clinical,clinical: close-up,Malignant,BCC,1,50.0,male,,train
ISIC_5772488,IL_8500079,dermoscopic,dermoscopic,Malignant,BCC,1,50.0,male,,train
ISIC_0470080,IL_8500465,clinical,clinical: close-up,Malignant,BCC,1,55.0,male,,train
ISIC_1416314,IL_8500465,dermoscopic,dermoscopic,Malignant,BCC,1,55.0,male,,train
ISIC_6505724,IL_8505577,clinical,clinical: close-up,Benign,NV,0,55.0,female,,train
ISIC_6327728,IL_8505577,dermoscopic,dermoscopic,Benign,NV,0,55.0,female,,train
ISIC_4639978,IL_8507702,clinical,clinical: close-up,Benign,BKL,0,50.0,male,lower extremity,train
ISIC_7241294,IL_8507702,dermoscopic,dermoscopic,Benign,BKL,0,50.0,male,lower extremity,train
ISIC_8561129,IL_8507909,clinical,clinical: close-up,Malignant,BCC,1,75.0,male,,train
ISIC_6405078,IL_8507909,dermoscopic,dermoscopic,Malignant,BCC,1,75.0,male,,train
ISIC_3326999,IL_8508107,clinical,clinical: close-up,Malignant,BCC,1,85.0,male,head/neck,train
ISIC_8368960,IL_8508107,dermoscopic,dermoscopic,Malignant,BCC,1,85.0,male,head/neck,train
ISIC_2033119,IL_8511602,clinical,clinical: close-up,Benign,BEN_OTH,0,70.0,male,head/neck,train
ISIC_2260901,IL_8511602,dermoscopic,dermoscopic,Benign,BEN_OTH,0,70.0,male,head/neck,train
ISIC_8649670,IL_8515603,clinical,clinical: close-up,Malignant,SCCKA,1,65.0,male,head/neck,train
ISIC_8946719,IL_8515603,dermoscopic,dermoscopic,Malignant,SCCKA,1,65.0,male,head/neck,train
ISIC_0579366,IL_8529152,clinical,clinical: close-up,Malignant,MEL,1,50.0,male,,train
ISIC_8525826,IL_8529152,dermoscopic,dermoscopic,Malignant,MEL,1,50.0,male,,train
ISIC_2745631,IL_8535419,clinical,clinical: close-up,Malignant,BCC,1,55.0,female,upper extremity,train
ISIC_7880723,IL_8535419,dermoscopic,dermoscopic,Malignant,BCC,1,55.0,female,upper extremity,train
ISIC_4500149,IL_8538407,clinical,clinical: close-up,Malignant,BCC,1,75.0,male,head/neck,train
ISIC_7208610,IL_8538407,dermoscopic,dermoscopic,Malignant,BCC,1,75.0,male,head/neck,train
ISIC_1298204,IL_8538421,clinical,clinical: close-up,Malignant,BCC,1,70.0,male,,train
ISIC_9215935,IL_8538421,dermoscopic,dermoscopic,Malignant,BCC,1,70.0,male,,train
ISIC_7888608,IL_8540879,clinical,clinical: close-up,Benign,NV,0,80.0,female,upper extremity,train
ISIC_7987908,IL_8540879,dermoscopic,dermoscopic,Benign,NV,0,80.0,female,upper extremity,train
ISIC_8730307,IL_8544201,clinical,clinical: close-up,Malignant,BCC,1,55.0,male,upper extremity,train
ISIC_0146278,IL_8544201,dermoscopic,dermoscopic,Malignant,BCC,1,55.0,male,upper extremity,train
ISIC_9708941,IL_8548746,clinical,clinical: close-up,Malignant,BCC,1,50.0,male,,train
ISIC_2306278,IL_8548746,dermoscopic,dermoscopic,Malignant,BCC,1,50.0,male,,train
ISIC_2336223,IL_8550472,clinical,clinical: close-up,Malignant,BCC,1,60.0,male,,train
ISIC_5935086,IL_8550472,dermoscopic,dermoscopic,Malignant,BCC,1,60.0,male,,train
ISIC_9925039,IL_8553966,clinical,clinical: close-up,Malignant,AKIEC,1,45.0,male,head/neck,train
ISIC_7038723,IL_8553966,dermoscopic,dermoscopic,Malignant,AKIEC,1,45.0,male,head/neck,train
ISIC_4237789,IL_8557195,clinical,clinical: close-up,Benign,BEN_OTH,0,25.0,female,head/neck,train
ISIC_4923934,IL_8557195,dermoscopic,dermoscopic,Benign,BEN_OTH,0,25.0,female,head/neck,train
ISIC_2132224,IL_8562069,clinical,clinical: close-up,Malignant,BCC,1,60.0,male,upper extremity,train
ISIC_4609417,IL_8562069,dermoscopic,dermoscopic,Malignant,BCC,1,60.0,male,upper extremity,train
ISIC_0528026,IL_8562262,clinical,clinical: close-up,Malignant,BCC,1,85.0,male,head/neck,train
ISIC_8790878,IL_8562262,dermoscopic,dermoscopic,Malignant,BCC,1,85.0,male,head/neck,train
ISIC_3723692,IL_8562914,clinical,clinical: close-up,Malignant,BCC,1,80.0,male,head/neck,train
ISIC_5923228,IL_8562914,dermoscopic,dermoscopic,Malignant,BCC,1,80.0,male,head/neck,train
ISIC_7916990,IL_8568128,clinical,clinical: close-up,Malignant,BCC,1,60.0,male,head/neck,train
ISIC_9512388,IL_8568128,dermoscopic,dermoscopic,Malignant,BCC,1,60.0,male,head/neck,train
ISIC_3974863,IL_8569852,clinical,clinical: close-up,Malignant,BCC,1,70.0,male,upper extremity,train
ISIC_3331148,IL_8569852,dermoscopic,dermoscopic,Malignant,BCC,1,70.0,male,upper extremity,train
ISIC_9316561,IL_8570577,clinical,clinical: close-up,Benign,NV,0,35.0,male,head/neck,train
ISIC_7974869,IL_8570577,dermoscopic,dermoscopic,Benign,NV,0,35.0,male,head/neck,train
ISIC_4730750,IL_8572700,clinical,clinical: close-up,Malignant,BCC,1,80.0,male,head/neck,train
ISIC_2839614,IL_8572700,dermoscopic,dermoscopic,Malignant,BCC,1,80.0,male,head/neck,train
ISIC_9118975,IL_8577352,clinical,clinical: close-up,Malignant,BCC,1,60.0,male,lower extremity,train
ISIC_5036259,IL_8577352,dermoscopic,dermoscopic,Malignant,BCC,1,60.0,male,lower extremity,train
ISIC_3793299,IL_8578083,clinical,clinical: close-up,Malignant,BCC,1,85.0,male,head/neck,train
ISIC_6553055,IL_8578083,dermoscopic,dermoscopic,Malignant,BCC,1,85.0,male,head/neck,train
ISIC_2614335,IL_8581204,clinical,clinical: close-up,Malignant,BCC,1,70.0,male,lower extremity,train
ISIC_0161474,IL_8581204,dermoscopic,dermoscopic,Malignant,BCC,1,70.0,male,lower extremity,train
ISIC_3102604,IL_8581964,clinical,clinical: close-up,Malignant,BCC,1,60.0,female,lower extremity,train
ISIC_6678187,IL_8581964,dermoscopic,dermoscopic,Malignant,BCC,1,60.0,female,lower extremity,train
ISIC_8570261,IL_8583674,clinical,clinical: close-up,Malignant,MEL,1,75.0,male,head/neck,train
ISIC_7454892,IL_8583674,dermoscopic,dermoscopic,Malignant,MEL,1,75.0,male,head/neck,train
ISIC_7124407,IL_8585271,clinical,clinical: close-up,Benign,NV,0,35.0,female,upper extremity,train
ISIC_7962171,IL_8585271,dermoscopic,dermoscopic,Benign,NV,0,35.0,female,upper extremity,train
ISIC_6078911,IL_8588152,clinical,clinical: close-up,Malignant,MEL,1,45.0,male,,train
ISIC_9041525,IL_8588152,dermoscopic,dermoscopic,Malignant,MEL,1,45.0,male,,train
ISIC_7246920,IL_8590734,clinical,clinical: close-up,Benign,BKL,0,70.0,female,lower extremity,train
ISIC_8513973,IL_8590734,dermoscopic,dermoscopic,Benign,BKL,0,70.0,female,lower extremity,train
ISIC_8846211,IL_8591988,clinical,clinical: close-up,Malignant,BCC,1,50.0,male,,train
ISIC_7472301,IL_8591988,dermoscopic,dermoscopic,Malignant,BCC,1,50.0,male,,train
ISIC_3748464,IL_8595325,clinical,clinical: close-up,Benign,NV,0,60.0,male,,train
ISIC_5270147,IL_8595325,dermoscopic,dermoscopic,Benign,NV,0,60.0,male,,train
ISIC_0862809,IL_8601267,clinical,clinical: close-up,Malignant,BCC,1,50.0,female,,train
ISIC_6940173,IL_8601267,dermoscopic,dermoscopic,Malignant,BCC,1,50.0,female,,train
ISIC_3629047,IL_8602483,clinical,clinical: close-up,Malignant,BCC,1,65.0,male,,train
ISIC_0204389,IL_8602483,dermoscopic,dermoscopic,Malignant,BCC,1,65.0,male,,train
ISIC_2964593,IL_8602598,clinical,clinical: close-up,Malignant,BCC,1,60.0,female,,train
ISIC_1073412,IL_8602598,dermoscopic,dermoscopic,Malignant,BCC,1,60.0,female,,train
ISIC_1176359,IL_8604749,clinical,clinical: close-up,Malignant,AKIEC,1,50.0,male,upper extremity,train
ISIC_4654586,IL_8604749,dermoscopic,dermoscopic,Malignant,AKIEC,1,50.0,male,upper extremity,train
ISIC_7017469,IL_8606392,clinical,clinical: close-up,Benign,BEN_OTH,0,65.0,male,head/neck,train
ISIC_4235697,IL_8606392,dermoscopic,dermoscopic,Benign,BEN_OTH,0,65.0,male,head/neck,train
ISIC_9882842,IL_8610229,clinical,clinical: close-up,Malignant,SCCKA,1,70.0,female,,train
ISIC_0204717,IL_8610229,dermoscopic,dermoscopic,Malignant,SCCKA,1,70.0,female,,train
ISIC_9974916,IL_8610456,clinical,clinical: close-up,Malignant,BCC,1,55.0,male,head/neck,train
ISIC_5070126,IL_8610456,dermoscopic,dermoscopic,Malignant,BCC,1,55.0,male,head/neck,train
ISIC_6806797,IL_8611519,clinical,clinical: close-up,Benign,NV,0,75.0,male,head/neck,train
ISIC_4733269,IL_8611519,dermoscopic,dermoscopic,Benign,NV,0,75.0,male,head/neck,train
ISIC_8330638,IL_8611712,clinical,clinical: close-up,Malignant,SCCKA,1,80.0,male,,train
ISIC_9586991,IL_8611712,dermoscopic,dermoscopic,Malignant,SCCKA,1,80.0,male,,train
ISIC_4907310,IL_8618325,clinical,clinical: close-up,Malignant,BCC,1,40.0,female,head/neck,train
ISIC_5018463,IL_8618325,dermoscopic,dermoscopic,Malignant,BCC,1,40.0,female,head/neck,train
ISIC_2756867,IL_8619767,clinical,clinical: close-up,Malignant,BCC,1,75.0,male,,train
ISIC_2550058,IL_8619767,dermoscopic,dermoscopic,Malignant,BCC,1,75.0,male,,train
ISIC_4909682,IL_8620816,clinical,clinical: close-up,Benign,BKL,0,80.0,male,head/neck,train
ISIC_2928924,IL_8620816,dermoscopic,dermoscopic,Benign,BKL,0,80.0,male,head/neck,train
ISIC_4358555,IL_8621198,clinical,clinical: close-up,Malignant,MEL,1,65.0,female,lower extremity,train
ISIC_0651228,IL_8621198,dermoscopic,dermoscopic,Malignant,MEL,1,65.0,female,lower extremity,train
ISIC_9389123,IL_8622725,clinical,clinical: close-up,Benign,NV,0,50.0,female,lower extremity,train
ISIC_8186630,IL_8622725,dermoscopic,dermoscopic,Benign,NV,0,50.0,female,lower extremity,train
ISIC_9510334,IL_8625871,clinical,clinical: close-up,Malignant,BCC,1,75.0,male,head/neck,train
ISIC_1986655,IL_8625871,dermoscopic,dermoscopic,Malignant,BCC,1,75.0,male,head/neck,train
ISIC_1492844,IL_8626747,clinical,clinical: close-up,Benign,NV,0,20.0,female,,train
ISIC_2298923,IL_8626747,dermoscopic,dermoscopic,Benign,NV,0,20.0,female,,train
ISIC_8039873,IL_8631628,clinical,clinical: close-up,Indeterminate,AKIEC,1,70.0,male,head/neck,train
ISIC_7547900,IL_8631628,dermoscopic,dermoscopic,Indeterminate,AKIEC,1,70.0,male,head/neck,train
ISIC_4072785,IL_8638873,clinical,clinical: close-up,Benign,NV,0,65.0,male,,train
ISIC_3436668,IL_8638873,dermoscopic,dermoscopic,Benign,NV,0,65.0,male,,train
ISIC_2332805,IL_8642808,clinical,clinical: close-up,Malignant,BCC,1,65.0,female,upper extremity,train
ISIC_2046323,IL_8642808,dermoscopic,dermoscopic,Malignant,BCC,1,65.0,female,upper extremity,train
ISIC_0889674,IL_8642891,clinical,clinical: close-up,Malignant,BCC,1,55.0,male,upper extremity,train
ISIC_5607139,IL_8642891,dermoscopic,dermoscopic,Malignant,BCC,1,55.0,male,upper extremity,train
ISIC_3401455,IL_8643718,clinical,clinical: close-up,Malignant,MEL,1,85.0,male,head/neck,train
ISIC_5126567,IL_8643718,dermoscopic,dermoscopic,Malignant,MEL,1,85.0,male,head/neck,train
ISIC_3881302,IL_8644938,clinical,clinical: close-up,Malignant,SCCKA,1,65.0,male,upper extremity,train
ISIC_1329438,IL_8644938,dermoscopic,dermoscopic,Malignant,SCCKA,1,65.0,male,upper extremity,train
ISIC_7822239,IL_8646739,clinical,clinical: close-up,Malignant,BCC,1,65.0,male,upper extremity,train
ISIC_7473131,IL_8646739,dermoscopic,dermoscopic,Malignant,BCC,1,65.0,male,upper extremity,train
ISIC_7793370,IL_8653374,clinical,clinical: close-up,Malignant,BCC,1,75.0,male,,train
ISIC_7401818,IL_8653374,dermoscopic,dermoscopic,Malignant,BCC,1,75.0,male,,train
ISIC_2133291,IL_8657794,clinical,clinical: close-up,Malignant,SCCKA,1,60.0,male,upper extremity,train
ISIC_2927179,IL_8657794,dermoscopic,dermoscopic,Malignant,SCCKA,1,60.0,male,upper extremity,train
ISIC_3485059,IL_8658177,clinical,clinical: close-up,Benign,BKL,0,80.0,female,head/neck,train
ISIC_3405243,IL_8658177,dermoscopic,dermoscopic,Benign,BKL,0,80.0,female,head/neck,train
ISIC_2120680,IL_8659124,clinical,clinical: close-up,Malignant,MEL,1,60.0,female,lower extremity,train
ISIC_1909053,IL_8659124,dermoscopic,dermoscopic,Malignant,MEL,1,60.0,female,lower extremity,train
ISIC_4352757,IL_8662195,clinical,clinical: close-up,Malignant,BCC,1,70.0,male,upper extremity,train
ISIC_8035327,IL_8662195,dermoscopic,dermoscopic,Malignant,BCC,1,70.0,male,upper extremity,train
ISIC_7739032,IL_8663536,clinical,clinical: close-up,Malignant,MEL,1,50.0,male,,train
ISIC_1074795,IL_8663536,dermoscopic,dermoscopic,Malignant,MEL,1,50.0,male,,train
ISIC_6048736,IL_8666651,clinical,clinical: close-up,Benign,NV,0,30.0,male,,train
ISIC_1607500,IL_8666651,dermoscopic,dermoscopic,Benign,NV,0,30.0,male,,train
ISIC_3119815,IL_8671827,clinical,clinical: close-up,Malignant,SCCKA,1,60.0,male,lower extremity,train
ISIC_6906027,IL_8671827,dermoscopic,dermoscopic,Malignant,SCCKA,1,60.0,male,lower extremity,train
ISIC_3359951,IL_8674399,clinical,clinical: close-up,Malignant,BCC,1,65.0,female,,train
ISIC_4444955,IL_8674399,dermoscopic,dermoscopic,Malignant,BCC,1,65.0,female,,train
ISIC_4504390,IL_8679455,clinical,clinical: close-up,Malignant,BCC,1,60.0,male,upper extremity,train
ISIC_4481385,IL_8679455,dermoscopic,dermoscopic,Malignant,BCC,1,60.0,male,upper extremity,train
ISIC_5794441,IL_8679586,clinical,clinical: close-up,Indeterminate,AKIEC,1,60.0,female,head/neck,train
ISIC_7929528,IL_8679586,dermoscopic,dermoscopic,Indeterminate,AKIEC,1,60.0,female,head/neck,train
ISIC_7844119,IL_8683855,clinical,clinical: close-up,Malignant,BCC,1,85.0,male,upper extremity,train
ISIC_5427398,IL_8683855,dermoscopic,dermoscopic,Malignant,BCC,1,85.0,male,upper extremity,train
ISIC_2818434,IL_8684310,clinical,clinical: close-up,Malignant,BCC,1,50.0,male,,train
ISIC_1967830,IL_8684310,dermoscopic,dermoscopic,Malignant,BCC,1,50.0,male,,train
ISIC_4952289,IL_8692782,clinical,clinical: close-up,Malignant,BCC,1,45.0,male,lower extremity,train
ISIC_7918518,IL_8692782,dermoscopic,dermoscopic,Malignant,BCC,1,45.0,male,lower extremity,train
ISIC_0643281,IL_8702046,clinical,clinical: close-up,Malignant,SCCKA,1,70.0,male,head/neck,train
ISIC_8642318,IL_8702046,dermoscopic,dermoscopic,Malignant,SCCKA,1,70.0,male,head/neck,train
ISIC_6191797,IL_8706105,clinical,clinical: close-up,Malignant,BCC,1,50.0,female,lower extremity,train
ISIC_0082638,IL_8706105,dermoscopic,dermoscopic,Malignant,BCC,1,50.0,female,lower extremity,train
ISIC_2030190,IL_8711548,clinical,clinical: close-up,Benign,BKL,0,60.0,female,,train
ISIC_1955962,IL_8711548,dermoscopic,dermoscopic,Benign,BKL,0,60.0,female,,train
ISIC_4139755,IL_8711838,clinical,clinical: close-up,Malignant,BCC,1,75.0,male,,train
ISIC_3735481,IL_8711838,dermoscopic,dermoscopic,Malignant,BCC,1,75.0,male,,train
ISIC_0542450,IL_8714765,clinical,clinical: close-up,Benign,BKL,0,75.0,female,upper extremity,train
ISIC_7675736,IL_8714765,dermoscopic,dermoscopic,Benign,BKL,0,75.0,female,upper extremity,train
ISIC_1285977,IL_8716299,clinical,clinical: close-up,Benign,BKL,0,45.0,male,upper extremity,train
ISIC_2568976,IL_8716299,dermoscopic,dermoscopic,Benign,BKL,0,45.0,male,upper extremity,train
ISIC_2223344,IL_8717569,clinical,clinical: close-up,Benign,NV,0,35.0,female,,train
ISIC_1861788,IL_8717569,dermoscopic,dermoscopic,Benign,NV,0,35.0,female,,train
ISIC_2167116,IL_8720951,clinical,clinical: close-up,Benign,BKL,0,85.0,female,head/neck,train
ISIC_4891216,IL_8720951,dermoscopic,dermoscopic,Benign,BKL,0,85.0,female,head/neck,train
ISIC_4028106,IL_8727543,clinical,clinical: close-up,Benign,BEN_OTH,0,55.0,female,,train
ISIC_1136271,IL_8727543,dermoscopic,dermoscopic,Benign,BEN_OTH,0,55.0,female,,train
ISIC_7708206,IL_8732835,clinical,clinical: close-up,Malignant,BCC,1,80.0,female,,train
ISIC_6854604,IL_8732835,dermoscopic,dermoscopic,Malignant,BCC,1,80.0,female,,train
ISIC_5076582,IL_8735984,clinical,clinical: close-up,Benign,NV,0,55.0,female,lower extremity,train
ISIC_3545744,IL_8735984,dermoscopic,dermoscopic,Benign,NV,0,55.0,female,lower extremity,train
ISIC_9915322,IL_8736766,clinical,clinical: close-up,Malignant,BCC,1,50.0,male,head/neck,train
ISIC_6955501,IL_8736766,dermoscopic,dermoscopic,Malignant,BCC,1,50.0,male,head/neck,train
ISIC_0236002,IL_8739695,clinical,clinical: close-up,Benign,NV,0,45.0,female,,train
ISIC_6958882,IL_8739695,dermoscopic,dermoscopic,Benign,NV,0,45.0,female,,train
ISIC_4421204,IL_8752697,clinical,clinical: close-up,Malignant,SCCKA,1,80.0,male,head/neck,train
ISIC_2209183,IL_8752697,dermoscopic,dermoscopic,Malignant,SCCKA,1,80.0,male,head/neck,train
ISIC_2444876,IL_8756948,clinical,clinical: close-up,Malignant,BCC,1,85.0,female,lower extremity,train
ISIC_2426257,IL_8756948,dermoscopic,dermoscopic,Malignant,BCC,1,85.0,female,lower extremity,train
ISIC_7031050,IL_8758907,clinical,clinical: close-up,Malignant,BCC,1,65.0,female,,train
ISIC_6272354,IL_8758907,dermoscopic,dermoscopic,Malignant,BCC,1,65.0,female,,train
ISIC_2953977,IL_8760239,clinical,clinical: close-up,Malignant,BCC,1,85.0,female,head/neck,train
ISIC_9826615,IL_8760239,dermoscopic,dermoscopic,Malignant,BCC,1,85.0,female,head/neck,train
ISIC_7670245,IL_8783042,clinical,clinical: close-up,Malignant,BCC,1,55.0,male,,train
ISIC_9597152,IL_8783042,dermoscopic,dermoscopic,Malignant,BCC,1,55.0,male,,train
ISIC_8518612,IL_8783670,clinical,clinical: close-up,Malignant,BCC,1,60.0,female,lower extremity,train
ISIC_3596524,IL_8783670,dermoscopic,dermoscopic,Malignant,BCC,1,60.0,female,lower extremity,train
ISIC_6981576,IL_8784300,clinical,clinical: close-up,Benign,BEN_OTH,0,80.0,female,head/neck,train
ISIC_0531382,IL_8784300,dermoscopic,dermoscopic,Benign,BEN_OTH,0,80.0,female,head/neck,train
ISIC_3536529,IL_8784837,clinical,clinical: close-up,Malignant,SCCKA,1,45.0,female,head/neck,train
ISIC_3178739,IL_8784837,dermoscopic,dermoscopic,Malignant,SCCKA,1,45.0,female,head/neck,train
ISIC_8588817,IL_8788883,clinical,clinical: close-up,Benign,BKL,0,35.0,female,,train
ISIC_1749046,IL_8788883,dermoscopic,dermoscopic,Benign,BKL,0,35.0,female,,train
ISIC_7110194,IL_8790863,clinical,clinical: close-up,Benign,BKL,0,45.0,male,upper extremity,train
ISIC_6769979,IL_8790863,dermoscopic,dermoscopic,Benign,BKL,0,45.0,male,upper extremity,train
ISIC_0547765,IL_8793301,clinical,clinical: close-up,Malignant,AKIEC,1,50.0,male,upper extremity,train
ISIC_8802957,IL_8793301,dermoscopic,dermoscopic,Malignant,AKIEC,1,50.0,male,upper extremity,train
ISIC_5217912,IL_8803152,clinical,clinical: close-up,Malignant,AKIEC,1,45.0,male,upper extremity,train
ISIC_4949237,IL_8803152,dermoscopic,dermoscopic,Malignant,AKIEC,1,45.0,male,upper extremity,train
ISIC_7399251,IL_8803533,clinical,clinical: close-up,Malignant,SCCKA,1,70.0,female,upper extremity,train
ISIC_5424675,IL_8803533,dermoscopic,dermoscopic,Malignant,SCCKA,1,70.0,female,upper extremity,train
ISIC_7381318,IL_8813361,clinical,clinical: close-up,Malignant,SCCKA,1,70.0,male,upper extremity,train
ISIC_3122081,IL_8813361,dermoscopic,dermoscopic,Malignant,SCCKA,1,70.0,male,upper extremity,train
ISIC_0250211,IL_8819924,clinical,clinical: close-up,Malignant,BCC,1,80.0,male,,train
ISIC_9281043,IL_8819924,dermoscopic,dermoscopic,Malignant,BCC,1,80.0,male,,train
ISIC_8239142,IL_8821899,clinical,clinical: close-up,Malignant,BCC,1,85.0,male,,train
ISIC_1664514,IL_8821899,dermoscopic,dermoscopic,Malignant,BCC,1,85.0,male,,train
ISIC_1721747,IL_8822249,clinical,clinical: close-up,Malignant,BCC,1,55.0,male,head/neck,train
ISIC_1642723,IL_8822249,dermoscopic,dermoscopic,Malignant,BCC,1,55.0,male,head/neck,train
ISIC_0881138,IL_8826018,clinical,clinical: close-up,Malignant,BCC,1,25.0,female,,train
ISIC_9250781,IL_8826018,dermoscopic,dermoscopic,Malignant,BCC,1,25.0,female,,train
ISIC_7878572,IL_8834020,clinical,clinical: close-up,Malignant,BCC,1,65.0,male,head/neck,train
ISIC_8168496,IL_8834020,dermoscopic,dermoscopic,Malignant,BCC,1,65.0,male,head/neck,train
ISIC_1492834,IL_8835996,clinical,clinical: close-up,Benign,NV,0,45.0,male,,train
ISIC_9931935,IL_8835996,dermoscopic,dermoscopic,Benign,NV,0,45.0,male,,train
ISIC_9430903,IL_8839163,clinical,clinical: close-up,Malignant,BCC,1,85.0,female,,train
ISIC_8433656,IL_8839163,dermoscopic,dermoscopic,Malignant,BCC,1,85.0,female,,train
ISIC_6625361,IL_8843384,clinical,clinical: close-up,Benign,NV,0,25.0,female,lower extremity,train
ISIC_0422017,IL_8843384,dermoscopic,dermoscopic,Benign,NV,0,25.0,female,lower extremity,train
ISIC_0552851,IL_8845564,clinical,clinical: close-up,Malignant,SCCKA,1,85.0,male,head/neck,train
ISIC_4235290,IL_8845564,dermoscopic,dermoscopic,Malignant,SCCKA,1,85.0,male,head/neck,train
ISIC_5379619,IL_8848308,clinical,clinical: close-up,Malignant,SCCKA,1,55.0,male,head/neck,train
ISIC_0251142,IL_8848308,dermoscopic,dermoscopic,Malignant,SCCKA,1,55.0,male,head/neck,train
ISIC_5201104,IL_8850331,clinical,clinical: close-up,Malignant,MEL,1,80.0,female,,train
ISIC_8874166,IL_8850331,dermoscopic,dermoscopic,Malignant,MEL,1,80.0,female,,train
ISIC_9865547,IL_8850639,clinical,clinical: close-up,Malignant,MEL,1,70.0,male,,train
ISIC_8437510,IL_8850639,dermoscopic,dermoscopic,Malignant,MEL,1,70.0,male,,train
ISIC_3177059,IL_8854327,clinical,clinical: close-up,Malignant,BCC,1,60.0,female,,train
ISIC_0645934,IL_8854327,dermoscopic,dermoscopic,Malignant,BCC,1,60.0,female,,train
ISIC_0093389,IL_8854625,clinical,clinical: close-up,Malignant,BCC,1,75.0,male,,train
ISIC_1649481,IL_8854625,dermoscopic,dermoscopic,Malignant,BCC,1,75.0,male,,train
ISIC_7147780,IL_8859314,clinical,clinical: close-up,Malignant,BCC,1,70.0,male,head/neck,train
ISIC_6795963,IL_8859314,dermoscopic,dermoscopic,Malignant,BCC,1,70.0,male,head/neck,train
ISIC_9579385,IL_8863654,clinical,clinical: close-up,Benign,BKL,0,55.0,female,,train
ISIC_8134181,IL_8863654,dermoscopic,dermoscopic,Benign,BKL,0,55.0,female,,train
ISIC_5437238,IL_8863823,clinical,clinical: close-up,Malignant,BCC,1,60.0,female,lower extremity,train
ISIC_1658137,IL_8863823,dermoscopic,dermoscopic,Malignant,BCC,1,60.0,female,lower extremity,train
ISIC_1412212,IL_8864520,clinical,clinical: close-up,Benign,BKL,0,80.0,male,,train
ISIC_7907324,IL_8864520,dermoscopic,dermoscopic,Benign,BKL,0,80.0,male,,train
ISIC_6562927,IL_8869881,clinical,clinical: close-up,Malignant,BCC,1,70.0,male,,train
ISIC_4377239,IL_8869881,dermoscopic,dermoscopic,Malignant,BCC,1,70.0,male,,train
ISIC_2212859,IL_8876914,clinical,clinical: close-up,Malignant,BCC,1,70.0,male,,train
ISIC_4370676,IL_8876914,dermoscopic,dermoscopic,Malignant,BCC,1,70.0,male,,train
ISIC_9921386,IL_8877629,clinical,clinical: close-up,Benign,BKL,0,70.0,male,head/neck,train
ISIC_5932820,IL_8877629,dermoscopic,dermoscopic,Benign,BKL,0,70.0,male,head/neck,train
ISIC_4949753,IL_8887845,clinical,clinical: close-up,Benign,NV,0,25.0,male,head/neck,train
ISIC_5372934,IL_8887845,dermoscopic,dermoscopic,Benign,NV,0,25.0,male,head/neck,train
ISIC_2148749,IL_8890308,clinical,clinical: close-up,Malignant,SCCKA,1,60.0,male,head/neck,train
ISIC_9918302,IL_8890308,dermoscopic,dermoscopic,Malignant,SCCKA,1,60.0,male,head/neck,train
ISIC_8898285,IL_8892581,clinical,clinical: close-up,Malignant,SCCKA,1,80.0,male,lower extremity,train
ISIC_3905157,IL_8892581,dermoscopic,dermoscopic,Malignant,SCCKA,1,80.0,male,lower extremity,train
ISIC_9815898,IL_8893522,clinical,clinical: close-up,Benign,NV,0,30.0,female,,train
ISIC_7042940,IL_8893522,dermoscopic,dermoscopic,Benign,NV,0,30.0,female,,train
ISIC_6518344,IL_8894950,clinical,clinical: close-up,Malignant,BCC,1,60.0,male,head/neck,train
ISIC_7535768,IL_8894950,dermoscopic,dermoscopic,Malignant,BCC,1,60.0,male,head/neck,train
ISIC_1398271,IL_8903764,clinical,clinical: close-up,Indeterminate,AKIEC,1,70.0,male,head/neck,train
ISIC_7885691,IL_8903764,dermoscopic,dermoscopic,Indeterminate,AKIEC,1,70.0,male,head/neck,train
ISIC_6256140,IL_8904932,clinical,clinical: close-up,Benign,NV,0,50.0,female,,train
ISIC_8339951,IL_8904932,dermoscopic,dermoscopic,Benign,NV,0,50.0,female,,train
ISIC_8113702,IL_8908533,clinical,clinical: close-up,Malignant,BCC,1,75.0,female,upper extremity,train
ISIC_0974866,IL_8908533,dermoscopic,dermoscopic,Malignant,BCC,1,75.0,female,upper extremity,train
ISIC_0612519,IL_8914005,clinical,clinical: close-up,Malignant,BCC,1,55.0,female,lower extremity,train
ISIC_5944362,IL_8914005,dermoscopic,dermoscopic,Malignant,BCC,1,55.0,female,lower extremity,train
ISIC_3303508,IL_8918294,clinical,clinical: close-up,Malignant,BCC,1,70.0,male,head/neck,train
ISIC_0715665,IL_8918294,dermoscopic,dermoscopic,Malignant,BCC,1,70.0,male,head/neck,train
ISIC_1148803,IL_8918323,clinical,clinical: close-up,Benign,BKL,0,50.0,female,upper extremity,train
ISIC_5997052,IL_8918323,dermoscopic,dermoscopic,Benign,BKL,0,50.0,female,upper extremity,train
ISIC_2440553,IL_8925719,clinical,clinical: close-up,Malignant,BCC,1,85.0,male,head/neck,train
ISIC_2202519,IL_8925719,dermoscopic,dermoscopic,Malignant,BCC,1,85.0,male,head/neck,train
ISIC_8253140,IL_8931844,clinical,clinical: close-up,Benign,NV,0,40.0,female,,train
ISIC_0373682,IL_8931844,dermoscopic,dermoscopic,Benign,NV,0,40.0,female,,train
ISIC_6576920,IL_8932098,clinical,clinical: close-up,Malignant,BCC,1,60.0,male,,train
ISIC_2311991,IL_8932098,dermoscopic,dermoscopic,Malignant,BCC,1,60.0,male,,train
ISIC_4014870,IL_8937379,clinical,clinical: close-up,Benign,BKL,0,65.0,male,head/neck,train
ISIC_1102915,IL_8937379,dermoscopic,dermoscopic,Benign,BKL,0,65.0,male,head/neck,train
ISIC_6369423,IL_8944802,clinical,clinical: close-up,Malignant,BCC,1,70.0,male,lower extremity,train
ISIC_0690986,IL_8944802,dermoscopic,dermoscopic,Malignant,BCC,1,70.0,male,lower extremity,train
ISIC_8908980,IL_8951938,clinical,clinical: close-up,Malignant,BCC,1,85.0,male,,train
ISIC_4935816,IL_8951938,dermoscopic,dermoscopic,Malignant,BCC,1,85.0,male,,train
ISIC_1447974,IL_8955960,clinical,clinical: close-up,Malignant,BCC,1,60.0,male,,train
ISIC_4354115,IL_8955960,dermoscopic,dermoscopic,Malignant,BCC,1,60.0,male,,train
ISIC_7805543,IL_8957515,clinical,clinical: close-up,Malignant,SCCKA,1,70.0,male,lower extremity,train
ISIC_8686696,IL_8957515,dermoscopic,dermoscopic,Malignant,SCCKA,1,70.0,male,lower extremity,train
ISIC_9552881,IL_8962270,clinical,clinical: close-up,Benign,NV,0,10.0,female,upper extremity,train
ISIC_5950652,IL_8962270,dermoscopic,dermoscopic,Benign,NV,0,10.0,female,upper extremity,train
ISIC_7319315,IL_8971740,clinical,clinical: close-up,Benign,BEN_OTH,0,60.0,male,,train
ISIC_2515838,IL_8971740,dermoscopic,dermoscopic,Benign,BEN_OTH,0,60.0,male,,train
ISIC_9812504,IL_8976985,clinical,clinical: close-up,Malignant,BCC,1,75.0,female,head/neck,train
ISIC_2184268,IL_8976985,dermoscopic,dermoscopic,Malignant,BCC,1,75.0,female,head/neck,train
ISIC_8284395,IL_8983305,clinical,clinical: close-up,Malignant,BCC,1,65.0,male,,train
ISIC_7365593,IL_8983305,dermoscopic,dermoscopic,Malignant,BCC,1,65.0,male,,train
ISIC_9541260,IL_8984570,clinical,clinical: close-up,Malignant,MEL,1,60.0,male,head/neck,train
ISIC_1845922,IL_8984570,dermoscopic,dermoscopic,Malignant,MEL,1,60.0,male,head/neck,train
ISIC_6455546,IL_8987309,clinical,clinical: close-up,Indeterminate,AKIEC,1,70.0,male,head/neck,train
ISIC_0664879,IL_8987309,dermoscopic,dermoscopic,Indeterminate,AKIEC,1,70.0,male,head/neck,train
ISIC_0411043,IL_8988340,clinical,clinical: close-up,Malignant,AKIEC,1,70.0,female,lower extremity,train
ISIC_6401647,IL_8988340,dermoscopic,dermoscopic,Malignant,AKIEC,1,70.0,female,lower extremity,train
ISIC_2721569,IL_8994019,clinical,clinical: close-up,Benign,NV,0,40.0,male,,train
ISIC_6873786,IL_8994019,dermoscopic,dermoscopic,Benign,NV,0,40.0,male,,train
ISIC_8436161,IL_8994291,clinical,clinical: close-up,Malignant,BCC,1,80.0,male,head/neck,train
ISIC_2506667,IL_8994291,dermoscopic,dermoscopic,Malignant,BCC,1,80.0,male,head/neck,train
ISIC_8638879,IL_8998802,clinical,clinical: close-up,Indeterminate,AKIEC,1,70.0,male,head/neck,train
ISIC_1940714,IL_8998802,dermoscopic,dermoscopic,Indeterminate,AKIEC,1,70.0,male,head/neck,train
ISIC_8015470,IL_9003508,clinical,clinical: close-up,Malignant,MEL,1,75.0,male,,train
ISIC_3933164,IL_9003508,dermoscopic,dermoscopic,Malignant,MEL,1,75.0,male,,train
ISIC_7852805,IL_9005268,clinical,clinical: close-up,Malignant,BCC,1,85.0,male,lower extremity,train
ISIC_6910029,IL_9005268,dermoscopic,dermoscopic,Malignant,BCC,1,85.0,male,lower extremity,train
ISIC_4407741,IL_9007318,clinical,clinical: close-up,Malignant,SCCKA,1,50.0,female,lower extremity,train
ISIC_6639016,IL_9007318,dermoscopic,dermoscopic,Malignant,SCCKA,1,50.0,female,lower extremity,train
ISIC_8229738,IL_9013007,clinical,clinical: close-up,Malignant,BCC,1,50.0,female,lower extremity,train
ISIC_2616471,IL_9013007,dermoscopic,dermoscopic,Malignant,BCC,1,50.0,female,lower extremity,train
ISIC_1636685,IL_9013946,clinical,clinical: close-up,Malignant,MEL,1,50.0,male,,train
ISIC_2305541,IL_9013946,dermoscopic,dermoscopic,Malignant,MEL,1,50.0,male,,train
ISIC_2362668,IL_9018029,clinical,clinical: close-up,Indeterminate,AKIEC,1,60.0,female,head/neck,train
ISIC_6715416,IL_9018029,dermoscopic,dermoscopic,Indeterminate,AKIEC,1,60.0,female,head/neck,train
ISIC_0132555,IL_9024292,clinical,clinical: close-up,Malignant,MEL,1,55.0,female,upper extremity,train
ISIC_4760443,IL_9024292,dermoscopic,dermoscopic,Malignant,MEL,1,55.0,female,upper extremity,train
ISIC_4263491,IL_9027780,clinical,clinical: close-up,Malignant,AKIEC,1,85.0,male,upper extremity,train
ISIC_0497574,IL_9027780,dermoscopic,dermoscopic,Malignant,AKIEC,1,85.0,male,upper extremity,train
ISIC_5349431,IL_9029664,clinical,clinical: close-up,Malignant,MEL,1,70.0,male,,train
ISIC_4563142,IL_9029664,dermoscopic,dermoscopic,Malignant,MEL,1,70.0,male,,train
ISIC_1330625,IL_9035179,clinical,clinical: close-up,Indeterminate,AKIEC,1,50.0,female,head/neck,train
ISIC_9939897,IL_9035179,dermoscopic,dermoscopic,Indeterminate,AKIEC,1,50.0,female,head/neck,train
ISIC_1547758,IL_9035810,clinical,clinical: close-up,Malignant,SCCKA,1,60.0,female,upper extremity,train
ISIC_3513521,IL_9035810,dermoscopic,dermoscopic,Malignant,SCCKA,1,60.0,female,upper extremity,train
ISIC_8865829,IL_9038692,clinical,clinical: close-up,Malignant,SCCKA,1,70.0,male,head/neck,train
ISIC_2457583,IL_9038692,dermoscopic,dermoscopic,Malignant,SCCKA,1,70.0,male,head/neck,train
ISIC_6260438,IL_9041590,clinical,clinical: close-up,Malignant,BCC,1,65.0,male,head/neck,train
ISIC_2645316,IL_9041590,dermoscopic,dermoscopic,Malignant,BCC,1,65.0,male,head/neck,train
ISIC_6851212,IL_9057925,clinical,clinical: close-up,Benign,NV,0,70.0,male,,train
ISIC_0174869,IL_9057925,dermoscopic,dermoscopic,Benign,NV,0,70.0,male,,train
ISIC_7913133,IL_9063052,clinical,clinical: close-up,Malignant,BCC,1,60.0,male,head/neck,train
ISIC_0634232,IL_9063052,dermoscopic,dermoscopic,Malignant,BCC,1,60.0,male,head/neck,train
ISIC_6871088,IL_9064391,clinical,clinical: close-up,Malignant,BCC,1,75.0,male,,train
ISIC_0506795,IL_9064391,dermoscopic,dermoscopic,Malignant,BCC,1,75.0,male,,train
ISIC_9237488,IL_9064607,clinical,clinical: close-up,Benign,BKL,0,45.0,male,lower extremity,train
ISIC_6933070,IL_9064607,dermoscopic,dermoscopic,Benign,BKL,0,45.0,male,lower extremity,train
ISIC_0669812,IL_9066229,clinical,clinical: close-up,Malignant,SCCKA,1,60.0,female,lower extremity,train
ISIC_3395847,IL_9066229,dermoscopic,dermoscopic,Malignant,SCCKA,1,60.0,female,lower extremity,train
ISIC_8287342,IL_9067051,clinical,clinical: close-up,Malignant,BCC,1,70.0,female,upper extremity,train
ISIC_3138874,IL_9067051,dermoscopic,dermoscopic,Malignant,BCC,1,70.0,female,upper extremity,train
ISIC_6831946,IL_9072038,clinical,clinical: close-up,Malignant,BCC,1,85.0,male,lower extremity,train
ISIC_2134211,IL_9072038,dermoscopic,dermoscopic,Malignant,BCC,1,85.0,male,lower extremity,train
ISIC_8933202,IL_9075898,clinical,clinical: close-up,Malignant,SCCKA,1,70.0,male,head/neck,train
ISIC_7109494,IL_9075898,dermoscopic,dermoscopic,Malignant,SCCKA,1,70.0,male,head/neck,train
ISIC_7287192,IL_9086799,clinical,clinical: close-up,Malignant,SCCKA,1,70.0,male,upper extremity,train
ISIC_0872261,IL_9086799,dermoscopic,dermoscopic,Malignant,SCCKA,1,70.0,male,upper extremity,train
ISIC_1424339,IL_9086913,clinical,clinical: close-up,Malignant,SCCKA,1,80.0,female,lower extremity,train
ISIC_2212922,IL_9086913,dermoscopic,dermoscopic,Malignant,SCCKA,1,80.0,female,lower extremity,train
ISIC_6111856,IL_9091693,clinical,clinical: close-up,Malignant,BCC,1,40.0,female,,train
ISIC_2803954,IL_9091693,dermoscopic,dermoscopic,Malignant,BCC,1,40.0,female,,train
ISIC_3070709,IL_9092829,clinical,clinical: close-up,Malignant,BCC,1,75.0,male,,train
ISIC_4890139,IL_9092829,dermoscopic,dermoscopic,Malignant,BCC,1,75.0,male,,train
ISIC_8547720,IL_9094394,clinical,clinical: close-up,Malignant,BCC,1,55.0,female,,train
ISIC_9978058,IL_9094394,dermoscopic,dermoscopic,Malignant,BCC,1,55.0,female,,train
ISIC_9550550,IL_9101590,clinical,clinical: close-up,Malignant,BCC,1,80.0,female,,train
ISIC_7925520,IL_9101590,dermoscopic,dermoscopic,Malignant,BCC,1,80.0,female,,train
ISIC_6122024,IL_9101838,clinical,clinical: close-up,Malignant,BCC,1,75.0,female,,train
ISIC_1832093,IL_9101838,dermoscopic,dermoscopic,Malignant,BCC,1,75.0,female,,train
ISIC_7687096,IL_9102116,clinical,clinical: close-up,Benign,NV,0,15.0,female,,train
ISIC_3832062,IL_9102116,dermoscopic,dermoscopic,Benign,NV,0,15.0,female,,train
ISIC_0226810,IL_9104485,clinical,clinical: close-up,Benign,BKL,0,50.0,male,lower extremity,train
ISIC_4106032,IL_9104485,dermoscopic,dermoscopic,Benign,BKL,0,50.0,male,lower extremity,train
ISIC_3469093,IL_9106447,clinical,clinical: close-up,Benign,BKL,0,65.0,female,head/neck,train
ISIC_6025998,IL_9106447,dermoscopic,dermoscopic,Benign,BKL,0,65.0,female,head/neck,train
ISIC_3508395,IL_9109267,clinical,clinical: close-up,Benign,NV,0,45.0,female,lower extremity,train
ISIC_1715773,IL_9109267,dermoscopic,dermoscopic,Benign,NV,0,45.0,female,lower extremity,train
ISIC_9735403,IL_9119843,clinical,clinical: close-up,Malignant,SCCKA,1,85.0,male,upper extremity,train
ISIC_6161975,IL_9119843,dermoscopic,dermoscopic,Malignant,SCCKA,1,85.0,male,upper extremity,train
ISIC_3524883,IL_9120764,clinical,clinical: close-up,Malignant,BCC,1,80.0,female,head/neck,train
ISIC_1364975,IL_9120764,dermoscopic,dermoscopic,Malignant,BCC,1,80.0,female,head/neck,train
ISIC_2233970,IL_9122534,clinical,clinical: close-up,Malignant,BCC,1,50.0,male,upper extremity,train
ISIC_4803004,IL_9122534,dermoscopic,dermoscopic,Malignant,BCC,1,50.0,male,upper extremity,train
ISIC_4393750,IL_9124015,clinical,clinical: close-up,Malignant,BCC,1,85.0,male,,train
ISIC_3394938,IL_9124015,dermoscopic,dermoscopic,Malignant,BCC,1,85.0,male,,train
ISIC_3573447,IL_9126795,clinical,clinical: close-up,Malignant,BCC,1,65.0,male,upper extremity,train
ISIC_9249196,IL_9126795,dermoscopic,dermoscopic,Malignant,BCC,1,65.0,male,upper extremity,train
ISIC_8916536,IL_9127211,clinical,clinical: close-up,Malignant,BCC,1,30.0,female,,train
ISIC_3267303,IL_9127211,dermoscopic,dermoscopic,Malignant,BCC,1,30.0,female,,train
ISIC_2911472,IL_9130724,clinical,clinical: close-up,Malignant,MEL,1,80.0,male,upper extremity,train
ISIC_1606234,IL_9130724,dermoscopic,dermoscopic,Malignant,MEL,1,80.0,male,upper extremity,train
ISIC_6300729,IL_9136481,clinical,clinical: close-up,Malignant,BCC,1,65.0,male,,train
ISIC_2600012,IL_9136481,dermoscopic,dermoscopic,Malignant,BCC,1,65.0,male,,train
ISIC_8410845,IL_9142917,clinical,clinical: close-up,Malignant,BCC,1,75.0,male,head/neck,train
ISIC_3769180,IL_9142917,dermoscopic,dermoscopic,Malignant,BCC,1,75.0,male,head/neck,train
ISIC_2217722,IL_9143908,clinical,clinical: close-up,Malignant,BCC,1,60.0,female,,train
ISIC_5972709,IL_9143908,dermoscopic,dermoscopic,Malignant,BCC,1,60.0,female,,train
ISIC_5746261,IL_9147878,clinical,clinical: close-up,Malignant,BCC,1,75.0,male,,train
ISIC_5467966,IL_9147878,dermoscopic,dermoscopic,Malignant,BCC,1,75.0,male,,train
ISIC_0895631,IL_9149489,clinical,clinical: close-up,Benign,NV,0,70.0,female,upper extremity,train
ISIC_8500794,IL_9149489,dermoscopic,dermoscopic,Benign,NV,0,70.0,female,upper extremity,train
ISIC_2900811,IL_9150101,clinical,clinical: close-up,Malignant,BCC,1,40.0,male,head/neck,train
ISIC_0230087,IL_9150101,dermoscopic,dermoscopic,Malignant,BCC,1,40.0,male,head/neck,train
ISIC_3472289,IL_9150280,clinical,clinical: close-up,Benign,VASC,0,75.0,male,head/neck,train
ISIC_4443638,IL_9150280,dermoscopic,dermoscopic,Benign,VASC,0,75.0,male,head/neck,train
ISIC_7713794,IL_9150805,clinical,clinical: close-up,Indeterminate,AKIEC,1,65.0,male,head/neck,train
ISIC_7913268,IL_9150805,dermoscopic,dermoscopic,Indeterminate,AKIEC,1,65.0,male,head/neck,train
ISIC_2040238,IL_9152183,clinical,clinical: close-up,Malignant,BCC,1,65.0,male,upper extremity,train
ISIC_0528949,IL_9152183,dermoscopic,dermoscopic,Malignant,BCC,1,65.0,male,upper extremity,train
ISIC_2855373,IL_9157359,clinical,clinical: close-up,Malignant,SCCKA,1,65.0,female,head/neck,train
ISIC_0304311,IL_9157359,dermoscopic,dermoscopic,Malignant,SCCKA,1,65.0,female,head/neck,train
ISIC_9280380,IL_9166161,clinical,clinical: close-up,Benign,NV,0,40.0,female,,train
ISIC_1953687,IL_9166161,dermoscopic,dermoscopic,Benign,NV,0,40.0,female,,train
ISIC_3231371,IL_9166527,clinical,clinical: close-up,Malignant,BCC,1,70.0,male,head/neck,train
ISIC_8344886,IL_9166527,dermoscopic,dermoscopic,Malignant,BCC,1,70.0,male,head/neck,train
ISIC_9205905,IL_9167025,clinical,clinical: close-up,Malignant,BCC,1,55.0,male,,train
ISIC_1490956,IL_9167025,dermoscopic,dermoscopic,Malignant,BCC,1,55.0,male,,train
ISIC_4618811,IL_9167075,clinical,clinical: close-up,Malignant,BCC,1,85.0,female,head/neck,train
ISIC_2533061,IL_9167075,dermoscopic,dermoscopic,Malignant,BCC,1,85.0,female,head/neck,train
ISIC_7970664,IL_9168364,clinical,clinical: close-up,Malignant,SCCKA,1,75.0,male,,train
ISIC_0569529,IL_9168364,dermoscopic,dermoscopic,Malignant,SCCKA,1,75.0,male,,train
ISIC_9956878,IL_9173239,clinical,clinical: close-up,Malignant,BCC,1,65.0,female,head/neck,train
ISIC_7939848,IL_9173239,dermoscopic,dermoscopic,Malignant,BCC,1,65.0,female,head/neck,train
ISIC_4315238,IL_9173333,clinical,clinical: close-up,Malignant,BCC,1,75.0,female,head/neck,train
ISIC_4888771,IL_9173333,dermoscopic,dermoscopic,Malignant,BCC,1,75.0,female,head/neck,train
ISIC_3013323,IL_9173728,clinical,clinical: close-up,Malignant,BCC,1,55.0,female,upper extremity,train
ISIC_2305246,IL_9173728,dermoscopic,dermoscopic,Malignant,BCC,1,55.0,female,upper extremity,train
ISIC_0575623,IL_9180123,clinical,clinical: close-up,Benign,NV,0,65.0,female,lower extremity,train
ISIC_3162488,IL_9180123,dermoscopic,dermoscopic,Benign,NV,0,65.0,female,lower extremity,train
ISIC_9227379,IL_9180201,clinical,clinical: close-up,Malignant,BCC,1,50.0,male,lower extremity,train
ISIC_7374190,IL_9180201,dermoscopic,dermoscopic,Malignant,BCC,1,50.0,male,lower extremity,train
ISIC_5664212,IL_9184351,clinical,clinical: close-up,Benign,NV,0,65.0,female,lower extremity,train
ISIC_4760114,IL_9184351,dermoscopic,dermoscopic,Benign,NV,0,65.0,female,lower extremity,train
ISIC_4955834,IL_9190120,clinical,clinical: close-up,Malignant,BCC,1,50.0,male,lower extremity,train
ISIC_3365241,IL_9190120,dermoscopic,dermoscopic,Malignant,BCC,1,50.0,male,lower extremity,train
ISIC_0260732,IL_9192355,clinical,clinical: close-up,Malignant,AKIEC,1,55.0,male,,train
ISIC_0321371,IL_9192355,dermoscopic,dermoscopic,Malignant,AKIEC,1,55.0,male,,train
ISIC_3309783,IL_9193873,clinical,clinical: close-up,Malignant,BCC,1,40.0,female,,train
ISIC_8356776,IL_9193873,dermoscopic,dermoscopic,Malignant,BCC,1,40.0,female,,train
ISIC_2806062,IL_9195034,clinical,clinical: close-up,Malignant,BCC,1,75.0,male,lower extremity,train
ISIC_8260302,IL_9195034,dermoscopic,dermoscopic,Malignant,BCC,1,75.0,male,lower extremity,train
ISIC_8529932,IL_9199460,clinical,clinical: close-up,Benign,NV,0,20.0,male,lower extremity,train
ISIC_4341118,IL_9199460,dermoscopic,dermoscopic,Benign,NV,0,20.0,male,lower extremity,train
ISIC_8674267,IL_9202762,clinical,clinical: close-up,Malignant,BCC,1,65.0,male,,train
ISIC_4492759,IL_9202762,dermoscopic,dermoscopic,Malignant,BCC,1,65.0,male,,train
ISIC_9852855,IL_9207228,clinical,clinical: close-up,Malignant,BCC,1,85.0,male,head/neck,train
ISIC_9778651,IL_9207228,dermoscopic,dermoscopic,Malignant,BCC,1,85.0,male,head/neck,train
ISIC_6190923,IL_9209825,clinical,clinical: close-up,Malignant,SCCKA,1,85.0,female,upper extremity,train
ISIC_5665189,IL_9209825,dermoscopic,dermoscopic,Malignant,SCCKA,1,85.0,female,upper extremity,train
ISIC_0919950,IL_9210134,clinical,clinical: close-up,Benign,BKL,0,45.0,female,,train
ISIC_9450429,IL_9210134,dermoscopic,dermoscopic,Benign,BKL,0,45.0,female,,train
ISIC_9755301,IL_9211790,clinical,clinical: close-up,Malignant,BCC,1,60.0,male,,train
ISIC_0819008,IL_9211790,dermoscopic,dermoscopic,Malignant,BCC,1,60.0,male,,train
ISIC_7541009,IL_9213417,clinical,clinical: close-up,Malignant,BCC,1,70.0,male,,train
ISIC_9521072,IL_9213417,dermoscopic,dermoscopic,Malignant,BCC,1,70.0,male,,train
ISIC_7179951,IL_9216457,clinical,clinical: close-up,Malignant,BCC,1,70.0,male,,train
ISIC_4262185,IL_9216457,dermoscopic,dermoscopic,Malignant,BCC,1,70.0,male,,train
ISIC_9376579,IL_9222383,clinical,clinical: close-up,Benign,BEN_OTH,0,65.0,female,head/neck,train
ISIC_8635663,IL_9222383,dermoscopic,dermoscopic,Benign,BEN_OTH,0,65.0,female,head/neck,train
ISIC_5888492,IL_9224528,clinical,clinical: close-up,Malignant,BCC,1,60.0,female,,train
ISIC_7777861,IL_9224528,dermoscopic,dermoscopic,Malignant,BCC,1,60.0,female,,train
ISIC_2236717,IL_9229110,clinical,clinical: close-up,Malignant,MEL,1,70.0,male,upper extremity,train
ISIC_3248418,IL_9229110,dermoscopic,dermoscopic,Malignant,MEL,1,70.0,male,upper extremity,train
ISIC_5790117,IL_9231229,clinical,clinical: close-up,Malignant,MEL,1,85.0,female,lower extremity,train
ISIC_4641356,IL_9231229,dermoscopic,dermoscopic,Malignant,MEL,1,85.0,female,lower extremity,train
ISIC_7430526,IL_9232367,clinical,clinical: close-up,Malignant,BCC,1,70.0,female,lower extremity,train
ISIC_7245189,IL_9232367,dermoscopic,dermoscopic,Malignant,BCC,1,70.0,female,lower extremity,train
ISIC_9369610,IL_9235680,clinical,clinical: close-up,Malignant,BCC,1,70.0,male,lower extremity,train
ISIC_7116414,IL_9235680,dermoscopic,dermoscopic,Malignant,BCC,1,70.0,male,lower extremity,train
ISIC_7331674,IL_9241811,clinical,clinical: close-up,Malignant,BCC,1,55.0,female,lower extremity,train
ISIC_7461685,IL_9241811,dermoscopic,dermoscopic,Malignant,BCC,1,55.0,female,lower extremity,train
ISIC_9901858,IL_9247349,clinical,clinical: close-up,Malignant,BCC,1,70.0,male,,train
ISIC_4823638,IL_9247349,dermoscopic,dermoscopic,Malignant,BCC,1,70.0,male,,train
ISIC_7204351,IL_9249618,clinical,clinical: close-up,Benign,NV,0,45.0,female,,train
ISIC_1881240,IL_9249618,dermoscopic,dermoscopic,Benign,NV,0,45.0,female,,train
ISIC_7655648,IL_9250210,clinical,clinical: close-up,Benign,NV,0,20.0,female,lower extremity,train
ISIC_5529223,IL_9250210,dermoscopic,dermoscopic,Benign,NV,0,20.0,female,lower extremity,train
ISIC_7328549,IL_9251474,clinical,clinical: close-up,Benign,NV,0,60.0,male,,train
ISIC_9891275,IL_9251474,dermoscopic,dermoscopic,Benign,NV,0,60.0,male,,train
ISIC_8497007,IL_9258319,clinical,clinical: close-up,Malignant,BCC,1,80.0,female,head/neck,train
ISIC_0435506,IL_9258319,dermoscopic,dermoscopic,Malignant,BCC,1,80.0,female,head/neck,train
ISIC_5192756,IL_9262506,clinical,clinical: close-up,Malignant,BCC,1,70.0,female,lower extremity,train
ISIC_6897010,IL_9262506,dermoscopic,dermoscopic,Malignant,BCC,1,70.0,female,lower extremity,train
ISIC_7809981,IL_9264602,clinical,clinical: close-up,Malignant,SCCKA,1,75.0,male,upper extremity,train
ISIC_2087722,IL_9264602,dermoscopic,dermoscopic,Malignant,SCCKA,1,75.0,male,upper extremity,train
ISIC_3034326,IL_9265331,clinical,clinical: close-up,Benign,BKL,0,60.0,male,,train
ISIC_3905088,IL_9265331,dermoscopic,dermoscopic,Benign,BKL,0,60.0,male,,train
ISIC_9886925,IL_9266140,clinical,clinical: close-up,Benign,BKL,0,80.0,female,lower extremity,train
ISIC_8028890,IL_9266140,dermoscopic,dermoscopic,Benign,BKL,0,80.0,female,lower extremity,train
ISIC_7527340,IL_9274006,clinical,clinical: close-up,Benign,BEN_OTH,0,60.0,male,,train
ISIC_5488940,IL_9274006,dermoscopic,dermoscopic,Benign,BEN_OTH,0,60.0,male,,train
ISIC_2828400,IL_9275908,clinical,clinical: close-up,Malignant,BCC,1,45.0,male,upper extremity,train
ISIC_8151706,IL_9275908,dermoscopic,dermoscopic,Malignant,BCC,1,45.0,male,upper extremity,train
ISIC_4472727,IL_9276974,clinical,clinical: close-up,Malignant,BCC,1,45.0,male,upper extremity,train
ISIC_1797900,IL_9276974,dermoscopic,dermoscopic,Malignant,BCC,1,45.0,male,upper extremity,train
ISIC_4040829,IL_9289406,clinical,clinical: close-up,Benign,NV,0,60.0,female,,train
ISIC_3762126,IL_9289406,dermoscopic,dermoscopic,Benign,NV,0,60.0,female,,train
ISIC_7334834,IL_9292701,clinical,clinical: close-up,Malignant,SCCKA,1,60.0,male,,train
ISIC_4690427,IL_9292701,dermoscopic,dermoscopic,Malignant,SCCKA,1,60.0,male,,train
ISIC_9400088,IL_9294619,clinical,clinical: close-up,Indeterminate,AKIEC,1,70.0,female,head/neck,train
ISIC_8876261,IL_9294619,dermoscopic,dermoscopic,Indeterminate,AKIEC,1,70.0,female,head/neck,train
ISIC_1010434,IL_9300408,clinical,clinical: close-up,Malignant,AKIEC,1,75.0,male,lower extremity,train
ISIC_7806262,IL_9300408,dermoscopic,dermoscopic,Malignant,AKIEC,1,75.0,male,lower extremity,train
ISIC_7828899,IL_9300732,clinical,clinical: close-up,Benign,BKL,0,50.0,female,,train
ISIC_3623141,IL_9300732,dermoscopic,dermoscopic,Benign,BKL,0,50.0,female,,train
ISIC_0831409,IL_9307518,clinical,clinical: close-up,Malignant,MEL,1,40.0,female,head/neck,train
ISIC_1887299,IL_9307518,dermoscopic,dermoscopic,Malignant,MEL,1,40.0,female,head/neck,train
ISIC_3751769,IL_9308328,clinical,clinical: close-up,Benign,NV,0,65.0,male,,train
ISIC_3225420,IL_9308328,dermoscopic,dermoscopic,Benign,NV,0,65.0,male,,train
ISIC_0247645,IL_9310196,clinical,clinical: close-up,Malignant,BCC,1,40.0,male,upper extremity,train
ISIC_6210274,IL_9310196,dermoscopic,dermoscopic,Malignant,BCC,1,40.0,male,upper extremity,train
ISIC_0812646,IL_9313247,clinical,clinical: close-up,Malignant,BCC,1,85.0,male,head/neck,train
ISIC_1536385,IL_9313247,dermoscopic,dermoscopic,Malignant,BCC,1,85.0,male,head/neck,train
ISIC_3819646,IL_9321885,clinical,clinical: close-up,Malignant,MEL,1,45.0,male,head/neck,train
ISIC_6941420,IL_9321885,dermoscopic,dermoscopic,Malignant,MEL,1,45.0,male,head/neck,train
ISIC_7938895,IL_9322216,clinical,clinical: close-up,Malignant,SCCKA,1,75.0,female,lower extremity,train
ISIC_4896814,IL_9322216,dermoscopic,dermoscopic,Malignant,SCCKA,1,75.0,female,lower extremity,train
ISIC_4207196,IL_9323193,clinical,clinical: close-up,Malignant,SCCKA,1,65.0,male,lower extremity,train
ISIC_6745607,IL_9323193,dermoscopic,dermoscopic,Malignant,SCCKA,1,65.0,male,lower extremity,train
ISIC_4985100,IL_9324964,clinical,clinical: close-up,Malignant,BCC,1,55.0,male,,train
ISIC_3024690,IL_9324964,dermoscopic,dermoscopic,Malignant,BCC,1,55.0,male,,train
ISIC_7836446,IL_9328701,clinical,clinical: close-up,Malignant,BCC,1,45.0,female,,train
ISIC_6409954,IL_9328701,dermoscopic,dermoscopic,Malignant,BCC,1,45.0,female,,train
ISIC_6748737,IL_9331537,clinical,clinical: close-up,Malignant,BCC,1,80.0,male,,train
ISIC_2505856,IL_9331537,dermoscopic,dermoscopic,Malignant,BCC,1,80.0,male,,train
ISIC_0809896,IL_9333874,clinical,clinical: close-up,Malignant,BCC,1,60.0,male,head/neck,train
ISIC_8743028,IL_9333874,dermoscopic,dermoscopic,Malignant,BCC,1,60.0,male,head/neck,train
ISIC_0303886,IL_9341365,clinical,clinical: close-up,Malignant,SCCKA,1,75.0,female,lower extremity,train
ISIC_4277194,IL_9341365,dermoscopic,dermoscopic,Malignant,SCCKA,1,75.0,female,lower extremity,train
ISIC_4181074,IL_9344336,clinical,clinical: close-up,Benign,DF,0,50.0,female,lower extremity,train
ISIC_2846004,IL_9344336,dermoscopic,dermoscopic,Benign,DF,0,50.0,female,lower extremity,train
ISIC_2964078,IL_9349173,clinical,clinical: close-up,Benign,NV,0,35.0,female,lower extremity,train
ISIC_6693050,IL_9349173,dermoscopic,dermoscopic,Benign,NV,0,35.0,female,lower extremity,train
ISIC_8768573,IL_9349651,clinical,clinical: close-up,Malignant,BCC,1,75.0,male,,train
ISIC_2049806,IL_9349651,dermoscopic,dermoscopic,Malignant,BCC,1,75.0,male,,train
ISIC_6327820,IL_9352958,clinical,clinical: close-up,Malignant,SCCKA,1,60.0,male,head/neck,train
ISIC_7289828,IL_9352958,dermoscopic,dermoscopic,Malignant,SCCKA,1,60.0,male,head/neck,train
ISIC_5228122,IL_9353162,clinical,clinical: close-up,Benign,DF,0,40.0,male,lower extremity,train
ISIC_9242872,IL_9353162,dermoscopic,dermoscopic,Benign,DF,0,40.0,male,lower extremity,train
ISIC_2848199,IL_9353548,clinical,clinical: close-up,Malignant,BCC,1,75.0,female,head/neck,train
ISIC_3050024,IL_9353548,dermoscopic,dermoscopic,Malignant,BCC,1,75.0,female,head/neck,train
ISIC_7273898,IL_9356761,clinical,clinical: close-up,Malignant,BCC,1,70.0,male,upper extremity,train
ISIC_8830166,IL_9356761,dermoscopic,dermoscopic,Malignant,BCC,1,70.0,male,upper extremity,train
ISIC_0419492,IL_9358381,clinical,clinical: close-up,Benign,NV,0,15.0,female,head/neck,train
ISIC_2894216,IL_9358381,dermoscopic,dermoscopic,Benign,NV,0,15.0,female,head/neck,train
ISIC_2348044,IL_9364150,clinical,clinical: close-up,Malignant,BCC,1,70.0,male,head/neck,train
ISIC_7871224,IL_9364150,dermoscopic,dermoscopic,Malignant,BCC,1,70.0,male,head/neck,train
ISIC_1979828,IL_9364222,clinical,clinical: close-up,Malignant,BCC,1,60.0,female,lower extremity,train
ISIC_4409610,IL_9364222,dermoscopic,dermoscopic,Malignant,BCC,1,60.0,female,lower extremity,train
ISIC_8992800,IL_9367787,clinical,clinical: close-up,Malignant,BCC,1,75.0,female,head/neck,train
ISIC_1309626,IL_9367787,dermoscopic,dermoscopic,Malignant,BCC,1,75.0,female,head/neck,train
ISIC_5409428,IL_9367800,clinical,clinical: close-up,Benign,NV,0,50.0,male,head/neck,train
ISIC_0656805,IL_9367800,dermoscopic,dermoscopic,Benign,NV,0,50.0,male,head/neck,train
ISIC_9388783,IL_9372364,clinical,clinical: close-up,Benign,BKL,0,50.0,female,lower extremity,train
ISIC_1805429,IL_9372364,dermoscopic,dermoscopic,Benign,BKL,0,50.0,female,lower extremity,train
ISIC_9206757,IL_9374643,clinical,clinical: close-up,Malignant,BCC,1,80.0,male,head/neck,train
ISIC_0831157,IL_9374643,dermoscopic,dermoscopic,Malignant,BCC,1,80.0,male,head/neck,train
ISIC_2014930,IL_9378068,clinical,clinical: close-up,Malignant,BCC,1,75.0,female,upper extremity,train
ISIC_9649323,IL_9378068,dermoscopic,dermoscopic,Malignant,BCC,1,75.0,female,upper extremity,train
ISIC_9512917,IL_9379211,clinical,clinical: close-up,Malignant,BCC,1,60.0,male,lower extremity,train
ISIC_3208305,IL_9379211,dermoscopic,dermoscopic,Malignant,BCC,1,60.0,male,lower extremity,train
ISIC_4180763,IL_9379939,clinical,clinical: close-up,Malignant,SCCKA,1,85.0,female,upper extremity,train
ISIC_2144270,IL_9379939,dermoscopic,dermoscopic,Malignant,SCCKA,1,85.0,female,upper extremity,train
ISIC_8247362,IL_9380593,clinical,clinical: close-up,Benign,NV,0,30.0,female,lower extremity,train
ISIC_8111688,IL_9380593,dermoscopic,dermoscopic,Benign,NV,0,30.0,female,lower extremity,train
ISIC_8124598,IL_9385086,clinical,clinical: close-up,Benign,NV,0,30.0,female,upper extremity,train
ISIC_2128019,IL_9385086,dermoscopic,dermoscopic,Benign,NV,0,30.0,female,upper extremity,train
ISIC_0297229,IL_9387962,clinical,clinical: close-up,Malignant,AKIEC,1,85.0,female,upper extremity,train
ISIC_6562880,IL_9387962,dermoscopic,dermoscopic,Malignant,AKIEC,1,85.0,female,upper extremity,train
ISIC_2883948,IL_9391328,clinical,clinical: close-up,Malignant,BCC,1,50.0,male,head/neck,train
ISIC_4480326,IL_9391328,dermoscopic,dermoscopic,Malignant,BCC,1,50.0,male,head/neck,train
ISIC_3947520,IL_9395136,clinical,clinical: close-up,Malignant,BCC,1,55.0,female,,train
ISIC_8410933,IL_9395136,dermoscopic,dermoscopic,Malignant,BCC,1,55.0,female,,train
ISIC_0841169,IL_9395505,clinical,clinical: close-up,Malignant,BCC,1,55.0,female,lower extremity,train
ISIC_8280602,IL_9395505,dermoscopic,dermoscopic,Malignant,BCC,1,55.0,female,lower extremity,train
ISIC_6167082,IL_9395839,clinical,clinical: close-up,Benign,NV,0,40.0,male,,train
ISIC_0097262,IL_9395839,dermoscopic,dermoscopic,Benign,NV,0,40.0,male,,train
ISIC_1862304,IL_9402270,clinical,clinical: close-up,Indeterminate,AKIEC,1,75.0,male,head/neck,train
ISIC_0687223,IL_9402270,dermoscopic,dermoscopic,Indeterminate,AKIEC,1,75.0,male,head/neck,train
ISIC_0931470,IL_9403422,clinical,clinical: close-up,Malignant,BCC,1,40.0,male,upper extremity,train
ISIC_3609001,IL_9403422,dermoscopic,dermoscopic,Malignant,BCC,1,40.0,male,upper extremity,train
ISIC_6473978,IL_9404638,clinical,clinical: close-up,Malignant,BCC,1,85.0,male,lower extremity,train
ISIC_1313208,IL_9404638,dermoscopic,dermoscopic,Malignant,BCC,1,85.0,male,lower extremity,train
ISIC_1560650,IL_9408951,clinical,clinical: close-up,Benign,INF,0,75.0,male,lower extremity,train
ISIC_4183641,IL_9408951,dermoscopic,dermoscopic,Benign,INF,0,75.0,male,lower extremity,train
ISIC_4741194,IL_9409547,clinical,clinical: close-up,Malignant,MEL,1,75.0,male,,train
ISIC_9596173,IL_9409547,dermoscopic,dermoscopic,Malignant,MEL,1,75.0,male,,train
ISIC_7882124,IL_9411177,clinical,clinical: close-up,Benign,NV,0,30.0,male,upper extremity,train
ISIC_5665171,IL_9411177,dermoscopic,dermoscopic,Benign,NV,0,30.0,male,upper extremity,train
ISIC_0414153,IL_9417077,clinical,clinical: close-up,Benign,NV,0,10.0,female,head/neck,train
ISIC_9002358,IL_9417077,dermoscopic,dermoscopic,Benign,NV,0,10.0,female,head/neck,train
ISIC_5879809,IL_9420839,clinical,clinical: close-up,Malignant,BCC,1,70.0,female,head/neck,train
ISIC_9294763,IL_9420839,dermoscopic,dermoscopic,Malignant,BCC,1,70.0,female,head/neck,train
ISIC_9826365,IL_9421860,clinical,clinical: close-up,Malignant,BCC,1,70.0,male,head/neck,train
ISIC_7234241,IL_9421860,dermoscopic,dermoscopic,Malignant,BCC,1,70.0,male,head/neck,train
ISIC_2153383,IL_9421903,clinical,clinical: close-up,Malignant,MEL,1,60.0,female,,train
ISIC_1818006,IL_9421903,dermoscopic,dermoscopic,Malignant,MEL,1,60.0,female,,train
ISIC_1052176,IL_9422892,clinical,clinical: close-up,Benign,NV,0,40.0,male,lower extremity,train
ISIC_6648628,IL_9422892,dermoscopic,dermoscopic,Benign,NV,0,40.0,male,lower extremity,train
ISIC_9113111,IL_9423427,clinical,clinical: close-up,Malignant,BCC,1,80.0,male,lower extremity,train
ISIC_6781208,IL_9423427,dermoscopic,dermoscopic,Malignant,BCC,1,80.0,male,lower extremity,train
ISIC_9394962,IL_9425710,clinical,clinical: close-up,Benign,BKL,0,80.0,male,upper extremity,train
ISIC_9997661,IL_9425710,dermoscopic,dermoscopic,Benign,BKL,0,80.0,male,upper extremity,train
ISIC_0116622,IL_9433768,clinical,clinical: close-up,Malignant,BCC,1,65.0,female,lower extremity,train
ISIC_5960820,IL_9433768,dermoscopic,dermoscopic,Malignant,BCC,1,65.0,female,lower extremity,train
ISIC_4584837,IL_9437710,clinical,clinical: close-up,Malignant,AKIEC,1,65.0,male,,train
ISIC_5363218,IL_9437710,dermoscopic,dermoscopic,Malignant,AKIEC,1,65.0,male,,train
ISIC_3298721,IL_9439030,clinical,clinical: close-up,Malignant,BCC,1,80.0,female,head/neck,train
ISIC_5054970,IL_9439030,dermoscopic,dermoscopic,Malignant,BCC,1,80.0,female,head/neck,train
ISIC_4267147,IL_9439470,clinical,clinical: close-up,Benign,BKL,0,85.0,female,,train
ISIC_7521530,IL_9439470,dermoscopic,dermoscopic,Benign,BKL,0,85.0,female,,train
ISIC_9546161,IL_9439533,clinical,clinical: close-up,Malignant,BCC,1,65.0,female,upper extremity,train
ISIC_1375082,IL_9439533,dermoscopic,dermoscopic,Malignant,BCC,1,65.0,female,upper extremity,train
ISIC_3301517,IL_9439639,clinical,clinical: close-up,Malignant,MEL,1,60.0,female,head/neck,train
ISIC_8126703,IL_9439639,dermoscopic,dermoscopic,Malignant,MEL,1,60.0,female,head/neck,train
ISIC_6450911,IL_9447279,clinical,clinical: close-up,Malignant,AKIEC,1,70.0,male,upper extremity,train
ISIC_8906358,IL_9447279,dermoscopic,dermoscopic,Malignant,AKIEC,1,70.0,male,upper extremity,train
ISIC_4574340,IL_9448117,clinical,clinical: close-up,Malignant,BCC,1,65.0,male,head/neck,train
ISIC_4914852,IL_9448117,dermoscopic,dermoscopic,Malignant,BCC,1,65.0,male,head/neck,train
ISIC_1820380,IL_9449213,clinical,clinical: close-up,Malignant,BCC,1,85.0,female,upper extremity,train
ISIC_7347161,IL_9449213,dermoscopic,dermoscopic,Malignant,BCC,1,85.0,female,upper extremity,train
ISIC_9521190,IL_9453153,clinical,clinical: close-up,Malignant,MEL,1,85.0,male,head/neck,train
ISIC_1116303,IL_9453153,dermoscopic,dermoscopic,Malignant,MEL,1,85.0,male,head/neck,train
ISIC_4769059,IL_9453273,clinical,clinical: close-up,Malignant,BCC,1,55.0,male,head/neck,train
ISIC_2647192,IL_9453273,dermoscopic,dermoscopic,Malignant,BCC,1,55.0,male,head/neck,train
ISIC_6114272,IL_9462627,clinical,clinical: close-up,Malignant,BCC,1,65.0,male,,train
ISIC_5686739,IL_9462627,dermoscopic,dermoscopic,Malignant,BCC,1,65.0,male,,train
ISIC_6705181,IL_9466832,clinical,clinical: close-up,Benign,NV,0,55.0,female,lower extremity,train
ISIC_0768610,IL_9466832,dermoscopic,dermoscopic,Benign,NV,0,55.0,female,lower extremity,train
ISIC_9726099,IL_9471621,clinical,clinical: close-up,Benign,NV,0,35.0,female,,train
ISIC_2912041,IL_9471621,dermoscopic,dermoscopic,Benign,NV,0,35.0,female,,train
ISIC_4471122,IL_9473685,clinical,clinical: close-up,Benign,BKL,0,65.0,male,head/neck,train
ISIC_2485685,IL_9473685,dermoscopic,dermoscopic,Benign,BKL,0,65.0,male,head/neck,train
ISIC_4371553,IL_9475061,clinical,clinical: close-up,Benign,INF,0,40.0,female,head/neck,train
ISIC_8790740,IL_9475061,dermoscopic,dermoscopic,Benign,INF,0,40.0,female,head/neck,train
ISIC_7232942,IL_9477888,clinical,clinical: close-up,Malignant,SCCKA,1,70.0,female,lower extremity,train
ISIC_7377763,IL_9477888,dermoscopic,dermoscopic,Malignant,SCCKA,1,70.0,female,lower extremity,train
ISIC_3475592,IL_9482395,clinical,clinical: close-up,Malignant,MEL,1,80.0,female,head/neck,train
ISIC_1828351,IL_9482395,dermoscopic,dermoscopic,Malignant,MEL,1,80.0,female,head/neck,train
ISIC_7506634,IL_9485180,clinical,clinical: close-up,Malignant,BCC,1,65.0,female,head/neck,train
ISIC_1794713,IL_9485180,dermoscopic,dermoscopic,Malignant,BCC,1,65.0,female,head/neck,train
ISIC_9739946,IL_9486743,clinical,clinical: close-up,Malignant,SCCKA,1,85.0,female,lower extremity,train
ISIC_4940127,IL_9486743,dermoscopic,dermoscopic,Malignant,SCCKA,1,85.0,female,lower extremity,train
ISIC_3379605,IL_9487035,clinical,clinical: close-up,Malignant,BCC,1,60.0,male,,train
ISIC_9196525,IL_9487035,dermoscopic,dermoscopic,Malignant,BCC,1,60.0,male,,train
ISIC_3341530,IL_9500991,clinical,clinical: close-up,Malignant,MEL,1,75.0,male,lower extremity,train
ISIC_2683683,IL_9500991,dermoscopic,dermoscopic,Malignant,MEL,1,75.0,male,lower extremity,train
ISIC_2645906,IL_9504116,clinical,clinical: close-up,Malignant,BCC,1,80.0,male,head/neck,train
ISIC_9818203,IL_9504116,dermoscopic,dermoscopic,Malignant,BCC,1,80.0,male,head/neck,train
ISIC_8604423,IL_9505312,clinical,clinical: close-up,Malignant,MEL,1,80.0,male,head/neck,train
ISIC_9276896,IL_9505312,dermoscopic,dermoscopic,Malignant,MEL,1,80.0,male,head/neck,train
ISIC_6995669,IL_9509148,clinical,clinical: close-up,Malignant,BCC,1,60.0,female,head/neck,train
ISIC_6201208,IL_9509148,dermoscopic,dermoscopic,Malignant,BCC,1,60.0,female,head/neck,train
ISIC_7445585,IL_9512629,clinical,clinical: close-up,Malignant,BCC,1,55.0,male,,train
ISIC_0572875,IL_9512629,dermoscopic,dermoscopic,Malignant,BCC,1,55.0,male,,train
ISIC_1826258,IL_9513930,clinical,clinical: close-up,Malignant,AKIEC,1,70.0,male,,train
ISIC_1142211,IL_9513930,dermoscopic,dermoscopic,Malignant,AKIEC,1,70.0,male,,train
ISIC_1849199,IL_9516573,clinical,clinical: close-up,Malignant,MEL,1,65.0,female,,train
ISIC_7320560,IL_9516573,dermoscopic,dermoscopic,Malignant,MEL,1,65.0,female,,train
ISIC_9052310,IL_9520593,clinical,clinical: close-up,Malignant,BCC,1,70.0,male,,train
ISIC_6367091,IL_9520593,dermoscopic,dermoscopic,Malignant,BCC,1,70.0,male,,train
ISIC_4707994,IL_9524479,clinical,clinical: close-up,Malignant,BCC,1,70.0,male,head/neck,train
ISIC_6551027,IL_9524479,dermoscopic,dermoscopic,Malignant,BCC,1,70.0,male,head/neck,train
ISIC_3814826,IL_9529350,clinical,clinical: close-up,Malignant,SCCKA,1,55.0,male,lower extremity,train
ISIC_7687674,IL_9529350,dermoscopic,dermoscopic,Malignant,SCCKA,1,55.0,male,lower extremity,train
ISIC_6300467,IL_9529551,clinical,clinical: close-up,Benign,BKL,0,35.0,male,lower extremity,train
ISIC_6754024,IL_9529551,dermoscopic,dermoscopic,Benign,BKL,0,35.0,male,lower extremity,train
ISIC_0762973,IL_9531531,clinical,clinical: close-up,Malignant,SCCKA,1,85.0,female,upper extremity,train
ISIC_5835958,IL_9531531,dermoscopic,dermoscopic,Malignant,SCCKA,1,85.0,female,upper extremity,train
ISIC_2796590,IL_9537366,clinical,clinical: close-up,Malignant,BCC,1,60.0,female,head/neck,train
ISIC_0513969,IL_9537366,dermoscopic,dermoscopic,Malignant,BCC,1,60.0,female,head/neck,train
ISIC_9601345,IL_9540986,clinical,clinical: close-up,Benign,NV,0,50.0,male,upper extremity,train
ISIC_4209803,IL_9540986,dermoscopic,dermoscopic,Benign,NV,0,50.0,male,upper extremity,train
ISIC_6408424,IL_9541079,clinical,clinical: close-up,Malignant,BCC,1,70.0,male,head/neck,train
ISIC_1055162,IL_9541079,dermoscopic,dermoscopic,Malignant,BCC,1,70.0,male,head/neck,train
ISIC_8970659,IL_9549484,clinical,clinical: close-up,Malignant,BCC,1,70.0,female,head/neck,train
ISIC_1477798,IL_9549484,dermoscopic,dermoscopic,Malignant,BCC,1,70.0,female,head/neck,train
ISIC_4368655,IL_9550703,clinical,clinical: close-up,Benign,BKL,0,65.0,female,lower extremity,train
ISIC_9019664,IL_9550703,dermoscopic,dermoscopic,Benign,BKL,0,65.0,female,lower extremity,train
ISIC_5328520,IL_9554653,clinical,clinical: close-up,Malignant,BCC,1,50.0,female,head/neck,train
ISIC_4338535,IL_9554653,dermoscopic,dermoscopic,Malignant,BCC,1,50.0,female,head/neck,train
ISIC_4064312,IL_9556887,clinical,clinical: close-up,Benign,BKL,0,75.0,female,lower extremity,train
ISIC_2886495,IL_9556887,dermoscopic,dermoscopic,Benign,BKL,0,75.0,female,lower extremity,train
ISIC_9691123,IL_9563085,clinical,clinical: close-up,Benign,BKL,0,70.0,male,lower extremity,train
ISIC_0539206,IL_9563085,dermoscopic,dermoscopic,Benign,BKL,0,70.0,male,lower extremity,train
ISIC_1792162,IL_9563257,clinical,clinical: close-up,Benign,DF,0,50.0,male,lower extremity,train
ISIC_8705648,IL_9563257,dermoscopic,dermoscopic,Benign,DF,0,50.0,male,lower extremity,train
ISIC_3875460,IL_9565456,clinical,clinical: close-up,Malignant,BCC,1,75.0,male,,train
ISIC_2314682,IL_9565456,dermoscopic,dermoscopic,Malignant,BCC,1,75.0,male,,train
ISIC_2983004,IL_9569942,clinical,clinical: close-up,Malignant,AKIEC,1,65.0,male,head/neck,train
ISIC_4807554,IL_9569942,dermoscopic,dermoscopic,Malignant,AKIEC,1,65.0,male,head/neck,train
ISIC_4740743,IL_9572527,clinical,clinical: close-up,Malignant,MEL,1,40.0,male,upper extremity,train
ISIC_8593738,IL_9572527,dermoscopic,dermoscopic,Malignant,MEL,1,40.0,male,upper extremity,train
ISIC_0627375,IL_9575395,clinical,clinical: close-up,Malignant,BCC,1,65.0,female,upper extremity,train
ISIC_2833179,IL_9575395,dermoscopic,dermoscopic,Malignant,BCC,1,65.0,female,upper extremity,train
ISIC_1322016,IL_9579580,clinical,clinical: close-up,Malignant,MEL,1,50.0,female,,train
ISIC_4586954,IL_9579580,dermoscopic,dermoscopic,Malignant,MEL,1,50.0,female,,train
ISIC_2800738,IL_9584761,clinical,clinical: close-up,Malignant,BCC,1,70.0,male,upper extremity,train
ISIC_6360071,IL_9584761,dermoscopic,dermoscopic,Malignant,BCC,1,70.0,male,upper extremity,train
ISIC_2481301,IL_9587475,clinical,clinical: close-up,Benign,NV,0,45.0,male,,train
ISIC_8919169,IL_9587475,dermoscopic,dermoscopic,Benign,NV,0,45.0,male,,train
ISIC_1688152,IL_9588769,clinical,clinical: close-up,Malignant,SCCKA,1,70.0,male,head/neck,train
ISIC_9132828,IL_9588769,dermoscopic,dermoscopic,Malignant,SCCKA,1,70.0,male,head/neck,train
ISIC_9981611,IL_9589211,clinical,clinical: close-up,Benign,BKL,0,70.0,male,,train
ISIC_2059259,IL_9589211,dermoscopic,dermoscopic,Benign,BKL,0,70.0,male,,train
ISIC_1599277,IL_9590648,clinical,clinical: close-up,Malignant,BCC,1,70.0,female,,train
ISIC_8894857,IL_9590648,dermoscopic,dermoscopic,Malignant,BCC,1,70.0,female,,train
ISIC_3769921,IL_9592947,clinical,clinical: close-up,Indeterminate,AKIEC,1,80.0,male,,train
ISIC_2585669,IL_9592947,dermoscopic,dermoscopic,Indeterminate,AKIEC,1,80.0,male,,train
ISIC_5137477,IL_9596120,clinical,clinical: close-up,Benign,NV,0,70.0,male,,train
ISIC_1590931,IL_9596120,dermoscopic,dermoscopic,Benign,NV,0,70.0,male,,train
ISIC_5903776,IL_9597986,clinical,clinical: close-up,Benign,BKL,0,85.0,male,head/neck,train
ISIC_5195959,IL_9597986,dermoscopic,dermoscopic,Benign,BKL,0,85.0,male,head/neck,train
ISIC_0615653,IL_9600244,clinical,clinical: close-up,Malignant,BCC,1,45.0,female,head/neck,train
ISIC_9507615,IL_9600244,dermoscopic,dermoscopic,Malignant,BCC,1,45.0,female,head/neck,train
ISIC_6552603,IL_9600474,clinical,clinical: close-up,Malignant,BCC,1,70.0,female,upper extremity,train
ISIC_4410078,IL_9600474,dermoscopic,dermoscopic,Malignant,BCC,1,70.0,female,upper extremity,train
ISIC_6818815,IL_9607410,clinical,clinical: close-up,Malignant,BCC,1,75.0,male,head/neck,train
ISIC_3637593,IL_9607410,dermoscopic,dermoscopic,Malignant,BCC,1,75.0,male,head/neck,train
ISIC_3349986,IL_9608485,clinical,clinical: close-up,Benign,NV,0,30.0,male,,train
ISIC_5358212,IL_9608485,dermoscopic,dermoscopic,Benign,NV,0,30.0,male,,train
ISIC_6334226,IL_9611587,clinical,clinical: close-up,Malignant,BCC,1,55.0,male,,train
ISIC_7514787,IL_9611587,dermoscopic,dermoscopic,Malignant,BCC,1,55.0,male,,train
ISIC_4112547,IL_9614989,clinical,clinical: close-up,Benign,BKL,0,70.0,male,lower extremity,train
ISIC_0664016,IL_9614989,dermoscopic,dermoscopic,Benign,BKL,0,70.0,male,lower extremity,train
ISIC_0468733,IL_9622215,clinical,clinical: close-up,Benign,BKL,0,40.0,male,lower extremity,train
ISIC_5830376,IL_9622215,dermoscopic,dermoscopic,Benign,BKL,0,40.0,male,lower extremity,train
ISIC_9103398,IL_9623656,clinical,clinical: close-up,Malignant,BCC,1,55.0,male,head/neck,train
ISIC_1420747,IL_9623656,dermoscopic,dermoscopic,Malignant,BCC,1,55.0,male,head/neck,train
ISIC_7239055,IL_9624462,clinical,clinical: close-up,Benign,DF,0,65.0,female,lower extremity,train
ISIC_7454975,IL_9624462,dermoscopic,dermoscopic,Benign,DF,0,65.0,female,lower extremity,train
ISIC_7512488,IL_9632645,clinical,clinical: close-up,Malignant,AKIEC,1,50.0,female,upper extremity,train
ISIC_3053495,IL_9632645,dermoscopic,dermoscopic,Malignant,AKIEC,1,50.0,female,upper extremity,train
ISIC_8550133,IL_9632950,clinical,clinical: close-up,Malignant,BCC,1,65.0,female,lower extremity,train
ISIC_8450877,IL_9632950,dermoscopic,dermoscopic,Malignant,BCC,1,65.0,female,lower extremity,train
ISIC_7015879,IL_9636083,clinical,clinical: close-up,Malignant,BCC,1,55.0,male,head/neck,train
ISIC_1138976,IL_9636083,dermoscopic,dermoscopic,Malignant,BCC,1,55.0,male,head/neck,train
ISIC_3503700,IL_9646137,clinical,clinical: close-up,Malignant,BCC,1,75.0,male,upper extremity,train
ISIC_6956876,IL_9646137,dermoscopic,dermoscopic,Malignant,BCC,1,75.0,male,upper extremity,train
ISIC_9001139,IL_9649678,clinical,clinical: close-up,Malignant,BCC,1,70.0,male,,train
ISIC_1210329,IL_9649678,dermoscopic,dermoscopic,Malignant,BCC,1,70.0,male,,train
ISIC_4005803,IL_9650319,clinical,clinical: close-up,Malignant,AKIEC,1,85.0,male,head/neck,train
ISIC_6119301,IL_9650319,dermoscopic,dermoscopic,Malignant,AKIEC,1,85.0,male,head/neck,train
ISIC_8346017,IL_9656479,clinical,clinical: close-up,Malignant,SCCKA,1,65.0,male,head/neck,train
ISIC_7548850,IL_9656479,dermoscopic,dermoscopic,Malignant,SCCKA,1,65.0,male,head/neck,train
ISIC_3175404,IL_9659963,clinical,clinical: close-up,Malignant,BCC,1,65.0,male,upper extremity,train
ISIC_7991773,IL_9659963,dermoscopic,dermoscopic,Malignant,BCC,1,65.0,male,upper extremity,train
ISIC_4493203,IL_9665730,clinical,clinical: close-up,Malignant,MEL,1,85.0,male,,train
ISIC_8416462,IL_9665730,dermoscopic,dermoscopic,Malignant,MEL,1,85.0,male,,train
ISIC_5518035,IL_9667838,clinical,clinical: close-up,Benign,NV,0,35.0,female,,train
ISIC_3720143,IL_9667838,dermoscopic,dermoscopic,Benign,NV,0,35.0,female,,train
ISIC_8689886,IL_9678089,clinical,clinical: close-up,Malignant,BCC,1,50.0,female,,train
ISIC_4909505,IL_9678089,dermoscopic,dermoscopic,Malignant,BCC,1,50.0,female,,train
ISIC_0158073,IL_9679718,clinical,clinical: close-up,Benign,DF,0,50.0,male,lower extremity,train
ISIC_6312345,IL_9679718,dermoscopic,dermoscopic,Benign,DF,0,50.0,male,lower extremity,train
ISIC_8467445,IL_9680907,clinical,clinical: close-up,Malignant,MEL,1,85.0,male,,train
ISIC_9179044,IL_9680907,dermoscopic,dermoscopic,Malignant,MEL,1,85.0,male,,train
ISIC_5410210,IL_9682787,clinical,clinical: close-up,Malignant,BCC,1,50.0,male,,train
ISIC_2478957,IL_9682787,dermoscopic,dermoscopic,Malignant,BCC,1,50.0,male,,train
ISIC_4951263,IL_9685051,clinical,clinical: close-up,Benign,NV,0,50.0,male,,train
ISIC_2538384,IL_9685051,dermoscopic,dermoscopic,Benign,NV,0,50.0,male,,train
ISIC_5533850,IL_9689352,clinical,clinical: close-up,Malignant,MEL,1,55.0,female,upper extremity,train
ISIC_5412380,IL_9689352,dermoscopic,dermoscopic,Malignant,MEL,1,55.0,female,upper extremity,train
ISIC_2760612,IL_9689394,clinical,clinical: close-up,Malignant,BCC,1,60.0,female,,train
ISIC_4062304,IL_9689394,dermoscopic,dermoscopic,Malignant,BCC,1,60.0,female,,train
ISIC_8701249,IL_9691364,clinical,clinical: close-up,Malignant,BCC,1,70.0,male,,train
ISIC_7618809,IL_9691364,dermoscopic,dermoscopic,Malignant,BCC,1,70.0,male,,train
ISIC_8664926,IL_9693754,clinical,clinical: close-up,Benign,NV,0,40.0,male,,train
ISIC_6129735,IL_9693754,dermoscopic,dermoscopic,Benign,NV,0,40.0,male,,train
ISIC_2833803,IL_9701930,clinical,clinical: close-up,Malignant,BCC,1,65.0,male,head/neck,train
ISIC_1417674,IL_9701930,dermoscopic,dermoscopic,Malignant,BCC,1,65.0,male,head/neck,train
ISIC_2846074,IL_9707582,clinical,clinical: close-up,Malignant,BCC,1,70.0,male,,train
ISIC_9979190,IL_9707582,dermoscopic,dermoscopic,Malignant,BCC,1,70.0,male,,train
ISIC_4094390,IL_9713844,clinical,clinical: close-up,Indeterminate,AKIEC,1,50.0,female,head/neck,train
ISIC_0840284,IL_9713844,dermoscopic,dermoscopic,Indeterminate,AKIEC,1,50.0,female,head/neck,train
ISIC_3197379,IL_9717585,clinical,clinical: close-up,Malignant,BCC,1,75.0,male,,train
ISIC_0500110,IL_9717585,dermoscopic,dermoscopic,Malignant,BCC,1,75.0,male,,train
ISIC_5979628,IL_9719774,clinical,clinical: close-up,Malignant,BCC,1,75.0,male,,train
ISIC_8268969,IL_9719774,dermoscopic,dermoscopic,Malignant,BCC,1,75.0,male,,train
ISIC_7680182,IL_9720231,clinical,clinical: close-up,Malignant,BCC,1,60.0,female,,train
ISIC_4168673,IL_9720231,dermoscopic,dermoscopic,Malignant,BCC,1,60.0,female,,train
ISIC_2753361,IL_9722913,clinical,clinical: close-up,Malignant,SCCKA,1,60.0,male,lower extremity,train
ISIC_0656565,IL_9722913,dermoscopic,dermoscopic,Malignant,SCCKA,1,60.0,male,lower extremity,train
ISIC_3852303,IL_9724863,clinical,clinical: close-up,Malignant,SCCKA,1,75.0,male,head/neck,train
ISIC_3480611,IL_9724863,dermoscopic,dermoscopic,Malignant,SCCKA,1,75.0,male,head/neck,train
ISIC_6230570,IL_9725975,clinical,clinical: close-up,Benign,BKL,0,75.0,male,head/neck,train
ISIC_3706698,IL_9725975,dermoscopic,dermoscopic,Benign,BKL,0,75.0,male,head/neck,train
ISIC_1738482,IL_9727677,clinical,clinical: close-up,Benign,NV,0,40.0,male,,train
ISIC_7198900,IL_9727677,dermoscopic,dermoscopic,Benign,NV,0,40.0,male,,train
ISIC_7745161,IL_9730160,clinical,clinical: close-up,Malignant,BCC,1,65.0,male,lower extremity,train
ISIC_0150748,IL_9730160,dermoscopic,dermoscopic,Malignant,BCC,1,65.0,male,lower extremity,train
ISIC_5761656,IL_9731516,clinical,clinical: close-up,Malignant,BCC,1,65.0,male,head/neck,train
ISIC_9278360,IL_9731516,dermoscopic,dermoscopic,Malignant,BCC,1,65.0,male,head/neck,train
ISIC_7370617,IL_9732518,clinical,clinical: close-up,Malignant,BCC,1,75.0,female,upper extremity,train
ISIC_0188950,IL_9732518,dermoscopic,dermoscopic,Malignant,BCC,1,75.0,female,upper extremity,train
ISIC_2917647,IL_9734938,clinical,clinical: close-up,Malignant,BCC,1,55.0,male,upper extremity,train
ISIC_7053200,IL_9734938,dermoscopic,dermoscopic,Malignant,BCC,1,55.0,male,upper extremity,train
ISIC_7900173,IL_9746297,clinical,clinical: close-up,Malignant,SCCKA,1,85.0,male,head/neck,train
ISIC_9047747,IL_9746297,dermoscopic,dermoscopic,Malignant,SCCKA,1,85.0,male,head/neck,train
ISIC_7096292,IL_9746868,clinical,clinical: close-up,Malignant,BCC,1,85.0,male,head/neck,train
ISIC_6589696,IL_9746868,dermoscopic,dermoscopic,Malignant,BCC,1,85.0,male,head/neck,train
ISIC_7695480,IL_9746902,clinical,clinical: close-up,Malignant,MEL,1,60.0,male,head/neck,train
ISIC_6548919,IL_9746902,dermoscopic,dermoscopic,Malignant,MEL,1,60.0,male,head/neck,train
ISIC_9471674,IL_9749729,clinical,clinical: close-up,Malignant,BCC,1,70.0,male,,train
ISIC_3959713,IL_9749729,dermoscopic,dermoscopic,Malignant,BCC,1,70.0,male,,train
ISIC_8212322,IL_9752629,clinical,clinical: close-up,Malignant,BCC,1,55.0,male,upper extremity,train
ISIC_7132196,IL_9752629,dermoscopic,dermoscopic,Malignant,BCC,1,55.0,male,upper extremity,train
ISIC_7916204,IL_9755215,clinical,clinical: close-up,Malignant,BCC,1,65.0,male,,train
ISIC_3049767,IL_9755215,dermoscopic,dermoscopic,Malignant,BCC,1,65.0,male,,train
ISIC_9703128,IL_9755525,clinical,clinical: close-up,Benign,BKL,0,50.0,male,head/neck,train
ISIC_1243858,IL_9755525,dermoscopic,dermoscopic,Benign,BKL,0,50.0,male,head/neck,train
ISIC_1050489,IL_9756229,clinical,clinical: close-up,Malignant,BCC,1,40.0,female,,train
ISIC_1310746,IL_9756229,dermoscopic,dermoscopic,Malignant,BCC,1,40.0,female,,train
ISIC_4544829,IL_9758278,clinical,clinical: close-up,Malignant,BCC,1,65.0,male,,train
ISIC_2127883,IL_9758278,dermoscopic,dermoscopic,Malignant,BCC,1,65.0,male,,train
ISIC_9706057,IL_9770688,clinical,clinical: close-up,Malignant,BCC,1,85.0,female,,train
ISIC_4463160,IL_9770688,dermoscopic,dermoscopic,Malignant,BCC,1,85.0,female,,train
ISIC_4900556,IL_9773637,clinical,clinical: close-up,Malignant,BCC,1,70.0,male,lower extremity,train
ISIC_7693768,IL_9773637,dermoscopic,dermoscopic,Malignant,BCC,1,70.0,male,lower extremity,train
ISIC_5457545,IL_9775648,clinical,clinical: close-up,Benign,NV,0,60.0,female,,train
ISIC_1587418,IL_9775648,dermoscopic,dermoscopic,Benign,NV,0,60.0,female,,train
ISIC_6716486,IL_9776504,clinical,clinical: close-up,Malignant,BCC,1,65.0,male,,train
ISIC_7507238,IL_9776504,dermoscopic,dermoscopic,Malignant,BCC,1,65.0,male,,train
ISIC_6634268,IL_9778045,clinical,clinical: close-up,Malignant,SCCKA,1,80.0,male,head/neck,train
ISIC_0764650,IL_9778045,dermoscopic,dermoscopic,Malignant,SCCKA,1,80.0,male,head/neck,train
ISIC_4057182,IL_9782859,clinical,clinical: close-up,Malignant,BCC,1,55.0,female,lower extremity,train
ISIC_3585759,IL_9782859,dermoscopic,dermoscopic,Malignant,BCC,1,55.0,female,lower extremity,train
ISIC_2838288,IL_9783662,clinical,clinical: close-up,Malignant,BCC,1,50.0,male,head/neck,train
ISIC_9790773,IL_9783662,dermoscopic,dermoscopic,Malignant,BCC,1,50.0,male,head/neck,train
ISIC_3482213,IL_9784446,clinical,clinical: close-up,Malignant,BCC,1,60.0,male,head/neck,train
ISIC_0369681,IL_9784446,dermoscopic,dermoscopic,Malignant,BCC,1,60.0,male,head/neck,train
ISIC_4217947,IL_9785739,clinical,clinical: close-up,Benign,NV,0,65.0,male,,train
ISIC_6161362,IL_9785739,dermoscopic,dermoscopic,Benign,NV,0,65.0,male,,train
ISIC_3228433,IL_9797209,clinical,clinical: close-up,Malignant,BCC,1,75.0,male,,train
ISIC_5499900,IL_9797209,dermoscopic,dermoscopic,Malignant,BCC,1,75.0,male,,train
ISIC_1311673,IL_9801115,clinical,clinical: close-up,Malignant,SCCKA,1,75.0,female,lower extremity,train
ISIC_2923050,IL_9801115,dermoscopic,dermoscopic,Malignant,SCCKA,1,75.0,female,lower extremity,train
ISIC_0514391,IL_9801468,clinical,clinical: close-up,Malignant,BCC,1,65.0,female,upper extremity,train
ISIC_6611061,IL_9801468,dermoscopic,dermoscopic,Malignant,BCC,1,65.0,female,upper extremity,train
ISIC_7006971,IL_9801518,clinical,clinical: close-up,Malignant,BCC,1,65.0,male,lower extremity,train
ISIC_8877039,IL_9801518,dermoscopic,dermoscopic,Malignant,BCC,1,65.0,male,lower extremity,train
ISIC_6936062,IL_9809595,clinical,clinical: close-up,Benign,BKL,0,75.0,male,,train
ISIC_9940495,IL_9809595,dermoscopic,dermoscopic,Benign,BKL,0,75.0,male,,train
ISIC_8619333,IL_9813142,clinical,clinical: close-up,Malignant,BCC,1,75.0,male,head/neck,train
ISIC_4163384,IL_9813142,dermoscopic,dermoscopic,Malignant,BCC,1,75.0,male,head/neck,train
ISIC_2204145,IL_9814557,clinical,clinical: close-up,Benign,BKL,0,65.0,female,head/neck,train
ISIC_7837278,IL_9814557,dermoscopic,dermoscopic,Benign,BKL,0,65.0,female,head/neck,train
ISIC_0094604,IL_9822160,clinical,clinical: close-up,Malignant,BCC,1,45.0,female,,train
ISIC_1571470,IL_9822160,dermoscopic,dermoscopic,Malignant,BCC,1,45.0,female,,train
ISIC_8234989,IL_9823804,clinical,clinical: close-up,Malignant,BCC,1,70.0,male,,train
ISIC_5385783,IL_9823804,dermoscopic,dermoscopic,Malignant,BCC,1,70.0,male,,train
ISIC_8459726,IL_9826846,clinical,clinical: close-up,Benign,NV,0,40.0,male,upper extremity,train
ISIC_1241018,IL_9826846,dermoscopic,dermoscopic,Benign,NV,0,40.0,male,upper extremity,train
ISIC_1679185,IL_9833477,clinical,clinical: close-up,Malignant,BCC,1,50.0,male,lower extremity,train
ISIC_0233827,IL_9833477,dermoscopic,dermoscopic,Malignant,BCC,1,50.0,male,lower extremity,train
ISIC_5345684,IL_9835714,clinical,clinical: close-up,Malignant,BCC,1,65.0,male,head/neck,train
ISIC_4840056,IL_9835714,dermoscopic,dermoscopic,Malignant,BCC,1,65.0,male,head/neck,train
ISIC_3036641,IL_9838418,clinical,clinical: close-up,Malignant,BCC,1,55.0,male,,train
ISIC_0880783,IL_9838418,dermoscopic,dermoscopic,Malignant,BCC,1,55.0,male,,train
ISIC_3661021,IL_9846683,clinical,clinical: close-up,Malignant,BCC,1,55.0,male,,train
ISIC_1279652,IL_9846683,dermoscopic,dermoscopic,Malignant,BCC,1,55.0,male,,train
ISIC_2425838,IL_9862724,clinical,clinical: close-up,Benign,NV,0,40.0,female,upper extremity,train
ISIC_4845560,IL_9862724,dermoscopic,dermoscopic,Benign,NV,0,40.0,female,upper extremity,train
ISIC_7742510,IL_9871188,clinical,clinical: close-up,Malignant,BCC,1,65.0,male,,train
ISIC_3691801,IL_9871188,dermoscopic,dermoscopic,Malignant,BCC,1,65.0,male,,train
ISIC_9059867,IL_9871748,clinical,clinical: close-up,Malignant,BCC,1,50.0,male,lower extremity,train
ISIC_3280000,IL_9871748,dermoscopic,dermoscopic,Malignant,BCC,1,50.0,male,lower extremity,train
ISIC_9315615,IL_9875986,clinical,clinical: close-up,Malignant,BCC,1,50.0,male,head/neck,train
ISIC_2376821,IL_9875986,dermoscopic,dermoscopic,Malignant,BCC,1,50.0,male,head/neck,train
ISIC_6684563,IL_9877242,clinical,clinical: close-up,Benign,NV,0,20.0,female,lower extremity,train
ISIC_4358907,IL_9877242,dermoscopic,dermoscopic,Benign,NV,0,20.0,female,lower extremity,train
ISIC_3955799,IL_9878565,clinical,clinical: close-up,Malignant,MEL,1,55.0,male,,train
ISIC_2752768,IL_9878565,dermoscopic,dermoscopic,Malignant,MEL,1,55.0,male,,train
ISIC_7206161,IL_9880889,clinical,clinical: close-up,Benign,NV,0,10.0,male,lower extremity,train
ISIC_3797260,IL_9880889,dermoscopic,dermoscopic,Benign,NV,0,10.0,male,lower extremity,train
ISIC_6181244,IL_9882527,clinical,clinical: close-up,Malignant,BCC,1,60.0,female,,train
ISIC_5297462,IL_9882527,dermoscopic,dermoscopic,Malignant,BCC,1,60.0,female,,train
ISIC_0589952,IL_9886374,clinical,clinical: close-up,Malignant,BCC,1,55.0,male,head/neck,train
ISIC_1205427,IL_9886374,dermoscopic,dermoscopic,Malignant,BCC,1,55.0,male,head/neck,train
ISIC_9826023,IL_9890052,clinical,clinical: close-up,Malignant,SCCKA,1,65.0,male,,train
ISIC_8171632,IL_9890052,dermoscopic,dermoscopic,Malignant,SCCKA,1,65.0,male,,train
ISIC_0082447,IL_9890068,clinical,clinical: close-up,Malignant,MEL,1,30.0,male,,train
ISIC_5913482,IL_9890068,dermoscopic,dermoscopic,Malignant,MEL,1,30.0,male,,train
ISIC_9922427,IL_9891948,clinical,clinical: close-up,Malignant,BCC,1,60.0,male,head/neck,train
ISIC_6664385,IL_9891948,dermoscopic,dermoscopic,Malignant,BCC,1,60.0,male,head/neck,train
ISIC_6513986,IL_9897493,clinical,clinical: close-up,Malignant,MEL,1,80.0,male,,train
ISIC_6655070,IL_9897493,dermoscopic,dermoscopic,Malignant,MEL,1,80.0,male,,train
ISIC_8631635,IL_9899181,clinical,clinical: close-up,Malignant,BCC,1,85.0,male,head/neck,train
ISIC_3432012,IL_9899181,dermoscopic,dermoscopic,Malignant,BCC,1,85.0,male,head/neck,train
ISIC_5315549,IL_9900993,clinical,clinical: close-up,Benign,VASC,0,55.0,female,upper extremity,train
ISIC_8158325,IL_9900993,dermoscopic,dermoscopic,Benign,VASC,0,55.0,female,upper extremity,train
ISIC_5559099,IL_9901727,clinical,clinical: close-up,Malignant,BCC,1,70.0,male,,train
ISIC_9875123,IL_9901727,dermoscopic,dermoscopic,Malignant,BCC,1,70.0,male,,train
ISIC_6142601,IL_9906157,clinical,clinical: close-up,Malignant,BCC,1,75.0,female,head/neck,train
ISIC_6349779,IL_9906157,dermoscopic,dermoscopic,Malignant,BCC,1,75.0,female,head/neck,train
ISIC_6881975,IL_9912061,clinical,clinical: close-up,Indeterminate,AKIEC,1,75.0,male,lower extremity,train
ISIC_4352140,IL_9912061,dermoscopic,dermoscopic,Indeterminate,AKIEC,1,75.0,male,lower extremity,train
ISIC_6597463,IL_9916872,clinical,clinical: close-up,Malignant,BCC,1,70.0,male,lower extremity,train
ISIC_8755727,IL_9916872,dermoscopic,dermoscopic,Malignant,BCC,1,70.0,male,lower extremity,train
ISIC_6328753,IL_9917624,clinical,clinical: close-up,Malignant,BCC,1,75.0,female,upper extremity,train
ISIC_3302986,IL_9917624,dermoscopic,dermoscopic,Malignant,BCC,1,75.0,female,upper extremity,train
ISIC_9186927,IL_9917899,clinical,clinical: close-up,Malignant,BCC,1,80.0,male,head/neck,train
ISIC_2538458,IL_9917899,dermoscopic,dermoscopic,Malignant,BCC,1,80.0,male,head/neck,train
ISIC_2160112,IL_9921206,clinical,clinical: close-up,Benign,BKL,0,80.0,female,upper extremity,train
ISIC_9020314,IL_9921206,dermoscopic,dermoscopic,Benign,BKL,0,80.0,female,upper extremity,train
ISIC_7278380,IL_9925364,clinical,clinical: close-up,Malignant,BCC,1,55.0,male,,train
ISIC_7939416,IL_9925364,dermoscopic,dermoscopic,Malignant,BCC,1,55.0,male,,train
ISIC_2015432,IL_9926530,clinical,clinical: close-up,Benign,NV,0,5.0,female,upper extremity,train
ISIC_4273674,IL_9926530,dermoscopic,dermoscopic,Benign,NV,0,5.0,female,upper extremity,train
ISIC_3946986,IL_9941625,clinical,clinical: close-up,Benign,NV,0,5.0,female,lower extremity,train
ISIC_5997924,IL_9941625,dermoscopic,dermoscopic,Benign,NV,0,5.0,female,lower extremity,train
ISIC_3508744,IL_9941677,clinical,clinical: close-up,Malignant,BCC,1,65.0,male,,train
ISIC_8158738,IL_9941677,dermoscopic,dermoscopic,Malignant,BCC,1,65.0,male,,train
ISIC_2668584,IL_9942096,clinical,clinical: close-up,Malignant,MEL,1,70.0,male,head/neck,train
ISIC_4845899,IL_9942096,dermoscopic,dermoscopic,Malignant,MEL,1,70.0,male,head/neck,train
ISIC_8443235,IL_9944302,clinical,clinical: close-up,Benign,NV,0,25.0,male,,train
ISIC_5552683,IL_9944302,dermoscopic,dermoscopic,Benign,NV,0,25.0,male,,train
ISIC_4467920,IL_9944816,clinical,clinical: close-up,Malignant,BCC,1,65.0,female,,train
ISIC_6005871,IL_9944816,dermoscopic,dermoscopic,Malignant,BCC,1,65.0,female,,train
ISIC_5471903,IL_9949464,clinical,clinical: close-up,Benign,BKL,0,70.0,male,head/neck,train
ISIC_4426808,IL_9949464,dermoscopic,dermoscopic,Benign,BKL,0,70.0,male,head/neck,train
ISIC_2266613,IL_9950953,clinical,clinical: close-up,Benign,BKL,0,75.0,male,,train
ISIC_1536379,IL_9950953,dermoscopic,dermoscopic,Benign,BKL,0,75.0,male,,train
ISIC_6033449,IL_9951114,clinical,clinical: close-up,Benign,NV,0,60.0,male,,train
ISIC_9361398,IL_9951114,dermoscopic,dermoscopic,Benign,NV,0,60.0,male,,train
ISIC_8580681,IL_9952743,clinical,clinical: close-up,Benign,INF,0,65.0,female,lower extremity,train
ISIC_3937278,IL_9952743,dermoscopic,dermoscopic,Benign,INF,0,65.0,female,lower extremity,train
ISIC_3175640,IL_9958247,clinical,clinical: close-up,Malignant,MEL,1,75.0,male,,train
ISIC_7870559,IL_9958247,dermoscopic,dermoscopic,Malignant,MEL,1,75.0,male,,train
ISIC_9492806,IL_9962218,clinical,clinical: close-up,Malignant,BCC,1,65.0,male,lower extremity,train
ISIC_7265211,IL_9962218,dermoscopic,dermoscopic,Malignant,BCC,1,65.0,male,lower extremity,train
ISIC_0661563,IL_9968206,clinical,clinical: close-up,Benign,BKL,0,80.0,female,head/neck,train
ISIC_0729575,IL_9968206,dermoscopic,dermoscopic,Benign,BKL,0,80.0,female,head/neck,train
ISIC_9884445,IL_9972566,clinical,clinical: close-up,Malignant,BCC,1,85.0,female,head/neck,train
ISIC_2533248,IL_9972566,dermoscopic,dermoscopic,Malignant,BCC,1,85.0,female,head/neck,train
ISIC_2896896,IL_9974051,clinical,clinical: close-up,Malignant,BCC,1,55.0,female,,train
ISIC_1322802,IL_9974051,dermoscopic,dermoscopic,Malignant,BCC,1,55.0,female,,train
ISIC_4653787,IL_9975498,clinical,clinical: close-up,Benign,INF,0,50.0,female,,train
ISIC_0135826,IL_9975498,dermoscopic,dermoscopic,Benign,INF,0,50.0,female,,train
ISIC_4378281,IL_9977217,clinical,clinical: close-up,Malignant,BCC,1,65.0,male,upper extremity,train
ISIC_5873586,IL_9977217,dermoscopic,dermoscopic,Malignant,BCC,1,65.0,male,upper extremity,train
ISIC_6810372,IL_9980498,clinical,clinical: close-up,Benign,BKL,0,50.0,female,upper extremity,train
ISIC_1435977,IL_9980498,dermoscopic,dermoscopic,Benign,BKL,0,50.0,female,upper extremity,train
ISIC_1009860,IL_9982426,clinical,clinical: close-up,Malignant,SCCKA,1,80.0,male,head/neck,train
ISIC_9940061,IL_9982426,dermoscopic,dermoscopic,Malignant,SCCKA,1,80.0,male,head/neck,train
ISIC_7931991,IL_9984501,clinical,clinical: close-up,Malignant,BCC,1,65.0,male,upper extremity,train
ISIC_4912510,IL_9984501,dermoscopic,dermoscopic,Malignant,BCC,1,65.0,male,upper extremity,train
ISIC_3908025,IL_9984758,clinical,clinical: close-up,Malignant,BCC,1,70.0,male,,train
ISIC_9345667,IL_9984758,dermoscopic,dermoscopic,Malignant,BCC,1,70.0,male,,train
ISIC_6713938,IL_9987263,clinical,clinical: close-up,Benign,NV,0,50.0,female,lower extremity,train
ISIC_0593055,IL_9987263,dermoscopic,dermoscopic,Benign,NV,0,50.0,female,lower extremity,train
ISIC_8779998,IL_9991092,clinical,clinical: close-up,Malignant,BCC,1,65.0,male,upper extremity,train
ISIC_5984628,IL_9991092,dermoscopic,dermoscopic,Malignant,BCC,1,65.0,male,upper extremity,train
ISIC_6708834,IL_9992890,clinical,clinical: close-up,Malignant,BCC,1,85.0,male,lower extremity,train
ISIC_3782736,IL_9992890,dermoscopic,dermoscopic,Malignant,BCC,1,85.0,male,lower extremity,train
ISIC_7243538,IL_9994739,clinical,clinical: close-up,Malignant,SCCKA,1,85.0,male,upper extremity,train
ISIC_4873822,IL_9994739,dermoscopic,dermoscopic,Malignant,SCCKA,1,85.0,male,upper extremity,train
ISIC_9832572,IL_9995614,clinical,clinical: close-up,Malignant,MEL,1,55.0,male,,train
ISIC_7749901,IL_9995614,dermoscopic,dermoscopic,Malignant,MEL,1,55.0,male,,train
ISIC_1830925,IL_9998211,clinical,clinical: close-up,Benign,NV,0,70.0,male,,train
ISIC_3959129,IL_9998211,dermoscopic,dermoscopic,Benign,NV,0,70.0,male,,train
