isic_id,view,exists,readable,error,width,height
ISIC_0051817,dermoscopic,True,True,,600,450
ISIC_0073863,dermoscopic,True,True,,600,450
ISIC_0075884,clinical,True,True,,600,450
ISIC_0076255,dermoscopic,True,True,,600,450
ISIC_0077054,dermoscopic,True,True,,600,450
ISIC_0078190,dermoscopic,True,True,,600,450
ISIC_0078197,clinical,True,True,,600,450
ISIC_0080019,clinical,True,True,,600,450
ISIC_0080219,dermoscopic,True,True,,600,450
ISIC_0081055,dermoscopic,True,True,,600,450
ISIC_0082447,clinical,True,True,,600,450
ISIC_0082638,dermoscopic,True,True,,600,450
ISIC_0082674,dermoscopic,True,True,,600,450
ISIC_0084581,dermoscopic,True,True,,600,450
ISIC_0084885,dermoscopic,True,True,,600,450
ISIC_0084958,clinical,True,True,,600,450
ISIC_0089407,dermoscopic,True,True,,600,450
ISIC_0090512,dermoscopic,True,True,,600,450
ISIC_0091092,dermoscopic,True,True,,600,450
ISIC_0091477,clinical,True,True,,600,450
ISIC_0091575,clinical,True,True,,600,450
ISIC_0093135,clinical,True,True,,600,450
ISIC_0093389,clinical,True,True,,600,450
ISIC_0093873,dermoscopic,True,True,,600,450
ISIC_0094604,clinical,True,True,,600,450
ISIC_0095743,dermoscopic,True,True,,600,450
ISIC_0096543,dermoscopic,True,True,,600,450
ISIC_0097262,dermoscopic,True,True,,600,450
ISIC_0097302,dermoscopic,True,True,,600,450
ISIC_0097629,clinical,True,True,,600,450
ISIC_0097906,clinical,True,True,,600,450
ISIC_0100523,dermoscopic,True,True,,600,450
ISIC_0101062,dermoscopic,True,True,,600,450
ISIC_0101767,dermoscopic,True,True,,600,450
ISIC_0101955,dermoscopic,True,True,,600,450
ISIC_0103091,clinical,True,True,,600,450
ISIC_0103392,dermoscopic,True,True,,600,450
ISIC_0105249,clinical,True,True,,600,450
ISIC_0106322,dermoscopic,True,True,,600,450
ISIC_0107067,dermoscopic,True,True,,600,450
ISIC_0108357,clinical,True,True,,600,450
ISIC_0114709,clinical,True,True,,600,450
ISIC_0115114,clinical,True,True,,600,450
ISIC_0115985,dermoscopic,True,True,,600,450
ISIC_0116442,dermoscopic,True,True,,600,450
ISIC_0116622,clinical,True,True,,600,450
ISIC_0118496,clinical,True,True,,600,450
ISIC_0118795,dermoscopic,True,True,,600,450
ISIC_0119243,dermoscopic,True,True,,600,450
ISIC_0121050,clinical,True,True,,600,450
ISIC_0123535,clinical,True,True,,600,450
ISIC_0124081,dermoscopic,True,True,,600,450
ISIC_0124764,dermoscopic,True,True,,600,450
ISIC_0124902,dermoscopic,True,True,,600,450
ISIC_0125513,clinical,True,True,,600,450
ISIC_0125985,clinical,True,True,,600,450
ISIC_0127217,clinical,True,True,,600,450
ISIC_0127934,clinical,True,True,,600,450
ISIC_0129379,dermoscopic,True,True,,600,450
ISIC_0132555,clinical,True,True,,600,450
ISIC_0135161,dermoscopic,True,True,,600,450
ISIC_0135826,dermoscopic,True,True,,600,450
ISIC_0138768,clinical,True,True,,600,450
ISIC_0138914,dermoscopic,True,True,,600,450
ISIC_0140176,clinical,True,True,,600,450
ISIC_0141332,dermoscopic,True,True,,600,450
ISIC_0141634,dermoscopic,True,True,,600,450
ISIC_0143535,dermoscopic,True,True,,600,450
ISIC_0144213,clinical,True,True,,600,450
ISIC_0146067,clinical,True,True,,600,450
ISIC_0146278,dermoscopic,True,True,,600,450
ISIC_0147255,dermoscopic,True,True,,600,450
ISIC_0148805,clinical,True,True,,600,450
ISIC_0149062,clinical,True,True,,600,450
ISIC_0150748,dermoscopic,True,True,,600,450
ISIC_0151603,dermoscopic,True,True,,600,450
ISIC_0151981,clinical,True,True,,600,450
ISIC_0153376,dermoscopic,True,True,,600,450
ISIC_0153470,clinical,True,True,,600,450
ISIC_0154688,clinical,True,True,,600,450
ISIC_0154826,dermoscopic,True,True,,600,450
ISIC_0155053,dermoscopic,True,True,,600,450
ISIC_0155115,clinical,True,True,,600,450
ISIC_0156507,dermoscopic,True,True,,600,450
ISIC_0158073,clinical,True,True,,600,450
ISIC_0159106,clinical,True,True,,600,450
ISIC_0159683,clinical,True,True,,600,450
ISIC_0159874,dermoscopic,True,True,,600,450
ISIC_0161474,dermoscopic,True,True,,600,450
ISIC_0163776,dermoscopic,True,True,,600,450
ISIC_0165103,dermoscopic,True,True,,600,450
ISIC_0165198,dermoscopic,True,True,,600,450
ISIC_0167746,clinical,True,True,,600,450
ISIC_0167803,dermoscopic,True,True,,600,450
ISIC_0169510,clinical,True,True,,600,450
ISIC_0169534,clinical,True,True,,600,450
ISIC_0169805,clinical,True,True,,600,450
ISIC_0174755,dermoscopic,True,True,,600,450
ISIC_0174869,dermoscopic,True,True,,600,450
ISIC_0176893,clinical,True,True,,600,450
ISIC_0178503,dermoscopic,True,True,,600,450
ISIC_0179367,dermoscopic,True,True,,600,450
ISIC_0181316,dermoscopic,True,True,,600,450
ISIC_0184224,dermoscopic,True,True,,600,450
ISIC_0185358,clinical,True,True,,600,450
ISIC_0185719,clinical,True,True,,600,450
ISIC_0187127,clinical,True,True,,600,450
ISIC_0187220,dermoscopic,True,True,,600,450
ISIC_0188950,dermoscopic,True,True,,600,450
ISIC_0189659,clinical,True,True,,600,450
ISIC_0190959,dermoscopic,True,True,,600,450
ISIC_0191714,clinical,True,True,,600,450
ISIC_0192391,clinical,True,True,,600,450
ISIC_0194116,clinical,True,True,,600,450
ISIC_0195347,clinical,True,True,,600,450
ISIC_0195374,dermoscopic,True,True,,600,450
ISIC_0195795,dermoscopic,True,True,,600,450
ISIC_0197274,dermoscopic,True,True,,600,450
ISIC_0197527,dermoscopic,True,True,,600,450
ISIC_0197900,dermoscopic,True,True,,600,450
ISIC_0198032,clinical,True,True,,600,450
ISIC_0199124,dermoscopic,True,True,,600,450
ISIC_0200116,clinical,True,True,,600,450
ISIC_0202283,dermoscopic,True,True,,600,450
ISIC_0202768,clinical,True,True,,600,450
ISIC_0204323,dermoscopic,True,True,,600,450
ISIC_0204389,dermoscopic,True,True,,600,450
ISIC_0204717,dermoscopic,True,True,,600,450
ISIC_0208357,dermoscopic,True,True,,600,450
ISIC_0210672,dermoscopic,True,True,,600,450
ISIC_0210682,clinical,True,True,,600,450
ISIC_0210906,clinical,True,True,,600,450
ISIC_0211067,clinical,True,True,,600,450
ISIC_0211830,clinical,True,True,,600,450
ISIC_0212251,dermoscopic,True,True,,600,450
ISIC_0215803,dermoscopic,True,True,,600,450
ISIC_0216815,clinical,True,True,,600,450
ISIC_0217174,clinical,True,True,,600,450
ISIC_0217198,clinical,True,True,,600,450
ISIC_0218425,clinical,True,True,,600,450
ISIC_0220749,clinical,True,True,,600,450
ISIC_0220890,dermoscopic,True,True,,600,450
ISIC_0225237,clinical,True,True,,600,450
ISIC_0225383,clinical,True,True,,600,450
ISIC_0225656,clinical,True,True,,600,450
ISIC_0226793,clinical,True,True,,600,450
ISIC_0226810,clinical,True,True,,600,450
ISIC_0228941,clinical,True,True,,600,450
ISIC_0229794,clinical,True,True,,600,450
ISIC_0230087,dermoscopic,True,True,,600,450
ISIC_0230558,clinical,True,True,,600,450
ISIC_0230992,clinical,True,True,,600,450
ISIC_0231625,clinical,True,True,,600,450
ISIC_0233827,dermoscopic,True,True,,600,450
ISIC_0233929,clinical,True,True,,600,450
ISIC_0234148,clinical,True,True,,600,450
ISIC_0234458,dermoscopic,True,True,,600,450
ISIC_0236002,clinical,True,True,,600,450
ISIC_0236351,clinical,True,True,,600,450
ISIC_0237641,clinical,True,True,,600,450
ISIC_0240393,clinical,True,True,,600,450
ISIC_0241896,clinical,True,True,,600,450
ISIC_0242383,dermoscopic,True,True,,600,450
ISIC_0244875,dermoscopic,True,True,,600,450
ISIC_0245594,dermoscopic,True,True,,600,450
ISIC_0247645,clinical,True,True,,600,450
ISIC_0248336,clinical,True,True,,600,450
ISIC_0250211,clinical,True,True,,600,450
ISIC_0251142,dermoscopic,True,True,,600,450
ISIC_0254794,clinical,True,True,,600,450
ISIC_0255886,clinical,True,True,,600,450
ISIC_0256695,dermoscopic,True,True,,600,450
ISIC_0257297,clinical,True,True,,600,450
ISIC_0257338,clinical,True,True,,600,450
ISIC_0258020,clinical,True,True,,600,450
ISIC_0259020,clinical,True,True,,600,450
ISIC_0260732,clinical,True,True,,600,450
ISIC_0261218,clinical,True,True,,600,450
ISIC_0263121,clinical,True,True,,600,450
ISIC_0263908,clinical,True,True,,600,450
ISIC_0264904,clinical,True,True,,600,450
ISIC_0265421,dermoscopic,True,True,,600,450
ISIC_0265983,clinical,True,True,,600,450
ISIC_0266897,clinical,True,True,,600,450
ISIC_0267616,clinical,True,True,,600,450
ISIC_0268984,dermoscopic,True,True,,600,450
ISIC_0270502,clinical,True,True,,600,450
ISIC_0271489,clinical,True,True,,600,450
ISIC_0273939,dermoscopic,True,True,,600,450
ISIC_0274862,clinical,True,True,,600,450
ISIC_0275196,clinical,True,True,,600,450
ISIC_0277160,clinical,True,True,,600,450
ISIC_0278402,clinical,True,True,,600,450
ISIC_0278827,clinical,True,True,,600,450
ISIC_0280428,clinical,True,True,,600,450
ISIC_0281083,clinical,True,True,,600,450
ISIC_0282178,dermoscopic,True,True,,600,450
ISIC_0282454,dermoscopic,True,True,,600,450
ISIC_0282478,clinical,True,True,,600,450
ISIC_0283929,dermoscopic,True,True,,600,450
ISIC_0284963,clinical,True,True,,600,450
ISIC_0286860,clinical,True,True,,600,450
ISIC_0289289,dermoscopic,True,True,,600,450
ISIC_0289550,dermoscopic,True,True,,600,450
ISIC_0289881,dermoscopic,True,True,,600,450
ISIC_0290183,dermoscopic,True,True,,600,450
ISIC_0290702,clinical,True,True,,600,450
ISIC_0292082,clinical,True,True,,600,450
ISIC_0292393,dermoscopic,True,True,,600,450
ISIC_0294743,clinical,True,True,,600,450
ISIC_0297229,clinical,True,True,,600,450
ISIC_0298744,dermoscopic,True,True,,600,450
ISIC_0301368,dermoscopic,True,True,,600,450
ISIC_0302768,clinical,True,True,,600,450
ISIC_0303344,dermoscopic,True,True,,600,450
ISIC_0303886,clinical,True,True,,600,450
ISIC_0304311,dermoscopic,True,True,,600,450
ISIC_0304794,dermoscopic,True,True,,600,450
ISIC_0305865,dermoscopic,True,True,,600,450
ISIC_0307003,clinical,True,True,,600,450
ISIC_0307392,clinical,True,True,,600,450
ISIC_0307669,dermoscopic,True,True,,600,450
ISIC_0308676,dermoscopic,True,True,,600,450
ISIC_0310082,clinical,True,True,,600,450
ISIC_0310449,dermoscopic,True,True,,600,450
ISIC_0310855,dermoscopic,True,True,,600,450
ISIC_0311394,dermoscopic,True,True,,600,450
ISIC_0311944,dermoscopic,True,True,,600,450
ISIC_0313013,clinical,True,True,,600,450
ISIC_0314216,dermoscopic,True,True,,600,450
ISIC_0314737,clinical,True,True,,600,450
ISIC_0316259,clinical,True,True,,600,450
ISIC_0317094,dermoscopic,True,True,,600,450
ISIC_0319894,dermoscopic,True,True,,600,450
ISIC_0320008,dermoscopic,True,True,,600,450
ISIC_0321371,dermoscopic,True,True,,600,450
ISIC_0323748,dermoscopic,True,True,,600,450
ISIC_0323945,clinical,True,True,,600,450
ISIC_0324439,clinical,True,True,,600,450
ISIC_0325053,clinical,True,True,,600,450
ISIC_0325706,clinical,True,True,,600,450
ISIC_0326524,clinical,True,True,,600,450
ISIC_0326699,clinical,True,True,,600,450
ISIC_0327776,clinical,True,True,,600,450
ISIC_0329283,clinical,True,True,,600,450
ISIC_0330089,dermoscopic,True,True,,600,450
ISIC_0332299,clinical,True,True,,600,450
ISIC_0332749,clinical,True,True,,600,450
ISIC_0333650,clinical,True,True,,600,450
ISIC_0336951,clinical,True,True,,600,450
ISIC_0338353,clinical,True,True,,600,450
ISIC_0338405,clinical,True,True,,600,450
ISIC_0338923,clinical,True,True,,600,450
ISIC_0339191,dermoscopic,True,True,,600,450
ISIC_0342710,dermoscopic,True,True,,600,450
ISIC_0346032,clinical,True,True,,600,450
ISIC_0346075,clinical,True,True,,600,450
ISIC_0346352,dermoscopic,True,True,,600,450
ISIC_0349437,clinical,True,True,,600,450
ISIC_0350119,dermoscopic,True,True,,600,450
ISIC_0350483,dermoscopic,True,True,,600,450
ISIC_0350747,dermoscopic,True,True,,600,450
ISIC_0350911,clinical,True,True,,600,450
ISIC_0352367,clinical,True,True,,600,450
ISIC_0353171,clinical,True,True,,600,450
ISIC_0354697,clinical,True,True,,600,450
ISIC_0356038,dermoscopic,True,True,,600,450
ISIC_0360727,dermoscopic,True,True,,600,450
ISIC_0361189,dermoscopic,True,True,,600,450
ISIC_0361366,clinical,True,True,,600,450
ISIC_0362181,clinical,True,True,,600,450
ISIC_0363002,clinical,True,True,,600,450
ISIC_0364345,clinical,True,True,,600,450
ISIC_0365517,clinical,True,True,,600,450
ISIC_0366902,clinical,True,True,,600,450
ISIC_0367096,clinical,True,True,,600,450
ISIC_0368075,clinical,True,True,,600,450
ISIC_0368345,dermoscopic,True,True,,600,450
ISIC_0368483,clinical,True,True,,600,450
ISIC_0368554,dermoscopic,True,True,,600,450
ISIC_0369681,dermoscopic,True,True,,600,450
ISIC_0370218,dermoscopic,True,True,,600,450
ISIC_0370740,clinical,True,True,,600,450
ISIC_0370911,clinical,True,True,,600,450
ISIC_0371409,dermoscopic,True,True,,600,450
ISIC_0371990,clinical,True,True,,600,450
ISIC_0372945,clinical,True,True,,600,450
ISIC_0373147,clinical,True,True,,600,450
ISIC_0373667,clinical,True,True,,600,450
ISIC_0373682,dermoscopic,True,True,,600,450
ISIC_0373826,dermoscopic,True,True,,600,450
ISIC_0376198,clinical,True,True,,600,450
ISIC_0376743,clinical,True,True,,600,450
ISIC_0376752,dermoscopic,True,True,,600,450
ISIC_0376931,dermoscopic,True,True,,600,450
ISIC_0377418,clinical,True,True,,600,450
ISIC_0377749,clinical,True,True,,600,450
ISIC_0378725,dermoscopic,True,True,,600,450
ISIC_0378928,clinical,True,True,,600,450
ISIC_0379139,clinical,True,True,,600,450
ISIC_0379615,clinical,True,True,,600,450
ISIC_0379668,dermoscopic,True,True,,600,450
ISIC_0381085,clinical,True,True,,600,450
ISIC_0381744,dermoscopic,True,True,,600,450
ISIC_0381913,clinical,True,True,,600,450
ISIC_0382621,clinical,True,True,,600,450
ISIC_0383910,dermoscopic,True,True,,600,450
ISIC_0384010,clinical,True,True,,600,450
ISIC_0385678,clinical,True,True,,600,450
ISIC_0386589,dermoscopic,True,True,,600,450
ISIC_0387025,clinical,True,True,,600,450
ISIC_0387034,clinical,True,True,,600,450
ISIC_0387211,dermoscopic,True,True,,600,450
ISIC_0387282,dermoscopic,True,True,,600,450
ISIC_0387826,dermoscopic,True,True,,600,450
ISIC_0388843,clinical,True,True,,600,450
ISIC_0389181,clinical,True,True,,600,450
ISIC_0390452,dermoscopic,True,True,,600,450
ISIC_0391153,clinical,True,True,,600,450
ISIC_0391361,clinical,True,True,,600,450
ISIC_0392480,dermoscopic,True,True,,600,450
ISIC_0393134,dermoscopic,True,True,,600,450
ISIC_0393927,clinical,True,True,,600,450
ISIC_0396597,clinical,True,True,,600,450
ISIC_0397332,dermoscopic,True,True,,600,450
ISIC_0398312,clinical,True,True,,600,450
ISIC_0398501,clinical,True,True,,600,450
ISIC_0402070,clinical,True,True,,600,450
ISIC_0402893,clinical,True,True,,600,450
ISIC_0403826,dermoscopic,True,True,,600,450
ISIC_0406149,dermoscopic,True,True,,600,450
ISIC_0408084,dermoscopic,True,True,,600,450
ISIC_0408436,dermoscopic,True,True,,600,450
ISIC_0408941,clinical,True,True,,600,450
ISIC_0410404,clinical,True,True,,600,450
ISIC_0410802,dermoscopic,True,True,,600,450
ISIC_0411043,clinical,True,True,,600,450
ISIC_0411208,clinical,True,True,,600,450
ISIC_0411343,clinical,True,True,,600,450
ISIC_0411397,dermoscopic,True,True,,600,450
ISIC_0411803,dermoscopic,True,True,,600,450
ISIC_0414153,clinical,True,True,,600,450
ISIC_0414164,dermoscopic,True,True,,600,450
ISIC_0415024,clinical,True,True,,600,450
ISIC_0416055,dermoscopic,True,True,,600,450
ISIC_0416329,dermoscopic,True,True,,600,450
ISIC_0417486,dermoscopic,True,True,,600,450
ISIC_0418807,clinical,True,True,,600,450
ISIC_0419492,clinical,True,True,,600,450
ISIC_0422017,dermoscopic,True,True,,600,450
ISIC_0423080,clinical,True,True,,600,450
ISIC_0423217,dermoscopic,True,True,,600,450
ISIC_0424213,dermoscopic,True,True,,600,450
ISIC_0424515,clinical,True,True,,600,450
ISIC_0424607,clinical,True,True,,600,450
ISIC_0426102,clinical,True,True,,600,450
ISIC_0426130,clinical,True,True,,600,450
ISIC_0426131,dermoscopic,True,True,,600,450
ISIC_0426781,clinical,True,True,,600,450
ISIC_0427331,dermoscopic,True,True,,600,450
ISIC_0427475,clinical,True,True,,600,450
ISIC_0428185,clinical,True,True,,600,450
ISIC_0428450,clinical,True,True,,600,450
ISIC_0433706,dermoscopic,True,True,,600,450
ISIC_0435506,dermoscopic,True,True,,600,450
ISIC_0438775,clinical,True,True,,600,450
ISIC_0440292,clinical,True,True,,600,450
ISIC_0440550,dermoscopic,True,True,,600,450
ISIC_0441214,clinical,True,True,,600,450
ISIC_0441425,clinical,True,True,,600,450
ISIC_0441714,clinical,True,True,,600,450
ISIC_0441765,clinical,True,True,,600,450
ISIC_0442192,clinical,True,True,,600,450
ISIC_0442849,dermoscopic,True,True,,600,450
ISIC_0442866,dermoscopic,True,True,,600,450
ISIC_0443245,clinical,True,True,,600,450
ISIC_0444685,clinical,True,True,,600,450
ISIC_0444953,dermoscopic,True,True,,600,450
ISIC_0445960,dermoscopic,True,True,,600,450
ISIC_0447190,clinical,True,True,,600,450
ISIC_0447553,clinical,True,True,,600,450
ISIC_0448586,dermoscopic,True,True,,600,450
ISIC_0450405,dermoscopic,True,True,,600,450
ISIC_0450792,dermoscopic,True,True,,600,450
ISIC_0454029,dermoscopic,True,True,,600,450
ISIC_0454057,dermoscopic,True,True,,600,450
ISIC_0456269,clinical,True,True,,600,450
ISIC_0457897,clinical,True,True,,600,450
ISIC_0458709,clinical,True,True,,600,450
ISIC_0460586,dermoscopic,True,True,,600,450
ISIC_0460690,clinical,True,True,,600,450
ISIC_0461233,dermoscopic,True,True,,600,450
ISIC_0461566,dermoscopic,True,True,,600,450
ISIC_0463396,clinical,True,True,,600,450
ISIC_0463510,clinical,True,True,,600,450
ISIC_0464954,clinical,True,True,,600,450
ISIC_0467500,dermoscopic,True,True,,600,450
ISIC_0467628,dermoscopic,True,True,,600,450
ISIC_0467778,dermoscopic,True,True,,600,450
ISIC_0468332,clinical,True,True,,600,450
ISIC_0468733,clinical,True,True,,600,450
ISIC_0470080,clinical,True,True,,600,450
ISIC_0471652,clinical,True,True,,600,450
ISIC_0472359,dermoscopic,True,True,,600,450
ISIC_0473678,clinical,True,True,,600,450
ISIC_0474474,dermoscopic,True,True,,600,450
ISIC_0477999,dermoscopic,True,True,,600,450
ISIC_0478016,clinical,True,True,,600,450
ISIC_0478881,dermoscopic,True,True,,600,450
ISIC_0479656,dermoscopic,True,True,,600,450
ISIC_0481541,dermoscopic,True,True,,600,450
ISIC_0483066,clinical,True,True,,600,450
ISIC_0485396,dermoscopic,True,True,,600,450
ISIC_0485633,clinical,True,True,,600,450
ISIC_0487104,dermoscopic,True,True,,600,450
ISIC_0488771,clinical,True,True,,600,450
ISIC_0489274,dermoscopic,True,True,,600,450
ISIC_0489440,dermoscopic,True,True,,600,450
ISIC_0489493,clinical,True,True,,600,450
ISIC_0490117,clinical,True,True,,600,450
ISIC_0490330,clinical,True,True,,600,450
ISIC_0490468,dermoscopic,True,True,,600,450
ISIC_0495585,clinical,True,True,,600,450
ISIC_0495769,dermoscopic,True,True,,600,450
ISIC_0496864,dermoscopic,True,True,,600,450
ISIC_0497574,dermoscopic,True,True,,600,450
ISIC_0497671,clinical,True,True,,600,450
ISIC_0497849,dermoscopic,True,True,,600,450
ISIC_0497851,dermoscopic,True,True,,600,450
ISIC_0497911,dermoscopic,True,True,,600,450
ISIC_0497921,dermoscopic,True,True,,600,450
ISIC_0498304,clinical,True,True,,600,450
ISIC_0499568,dermoscopic,True,True,,600,450
ISIC_0499702,clinical,True,True,,600,450
ISIC_0499739,dermoscopic,True,True,,600,450
ISIC_0500110,dermoscopic,True,True,,600,450
ISIC_0501244,clinical,True,True,,600,450
ISIC_0502224,clinical,True,True,,600,450
ISIC_0502413,dermoscopic,True,True,,600,450
ISIC_0502738,dermoscopic,True,True,,600,450
ISIC_0504075,clinical,True,True,,600,450
ISIC_0506795,dermoscopic,True,True,,600,450
ISIC_0506930,clinical,True,True,,600,450
ISIC_0506961,clinical,True,True,,600,450
ISIC_0507021,dermoscopic,True,True,,600,450
ISIC_0507617,clinical,True,True,,600,450
ISIC_0507778,clinical,True,True,,600,450
ISIC_0508629,dermoscopic,True,True,,600,450
ISIC_0508714,dermoscopic,True,True,,600,450
ISIC_0510199,clinical,True,True,,600,450
ISIC_0510537,dermoscopic,True,True,,600,450
ISIC_0512596,clinical,True,True,,600,450
ISIC_0512725,dermoscopic,True,True,,600,450
ISIC_0512778,clinical,True,True,,600,450
ISIC_0513234,clinical,True,True,,600,450
ISIC_0513969,dermoscopic,True,True,,600,450
ISIC_0514391,clinical,True,True,,600,450
ISIC_0515719,clinical,True,True,,600,450
ISIC_0517219,clinical,True,True,,600,450
ISIC_0517354,clinical,True,True,,600,450
ISIC_0517766,clinical,True,True,,600,450
ISIC_0518723,dermoscopic,True,True,,600,450
ISIC_0519768,dermoscopic,True,True,,600,450
ISIC_0522356,clinical,True,True,,600,450
ISIC_0524110,clinical,True,True,,600,450
ISIC_0525463,dermoscopic,True,True,,600,450
ISIC_0526168,clinical,True,True,,600,450
ISIC_0527788,clinical,True,True,,600,450
ISIC_0528026,clinical,True,True,,600,450
ISIC_0528832,dermoscopic,True,True,,600,450
ISIC_0528949,dermoscopic,True,True,,600,450
ISIC_0529050,dermoscopic,True,True,,600,450
ISIC_0529633,dermoscopic,True,True,,600,450
ISIC_0531382,dermoscopic,True,True,,600,450
ISIC_0532349,dermoscopic,True,True,,600,450
ISIC_0532506,clinical,True,True,,600,450
ISIC_0533507,dermoscopic,True,True,,600,450
ISIC_0534510,clinical,True,True,,600,450
ISIC_0535290,dermoscopic,True,True,,600,450
ISIC_0537394,clinical,True,True,,600,450
ISIC_0537911,clinical,True,True,,600,450
ISIC_0538851,clinical,True,True,,600,450
ISIC_0539206,dermoscopic,True,True,,600,450
ISIC_0540953,dermoscopic,True,True,,600,450
ISIC_0542450,clinical,True,True,,600,450
ISIC_0543368,clinical,True,True,,600,450
ISIC_0546382,dermoscopic,True,True,,600,450
ISIC_0546389,dermoscopic,True,True,,600,450
ISIC_0546402,dermoscopic,True,True,,600,450
ISIC_0547517,dermoscopic,True,True,,600,450
ISIC_0547765,clinical,True,True,,600,450
ISIC_0548842,clinical,True,True,,600,450
ISIC_0552716,clinical,True,True,,600,450
ISIC_0552734,dermoscopic,True,True,,600,450
ISIC_0552851,clinical,True,True,,600,450
ISIC_0553265,dermoscopic,True,True,,600,450
ISIC_0553752,clinical,True,True,,600,450
ISIC_0557709,clinical,True,True,,600,450
ISIC_0558331,clinical,True,True,,600,450
ISIC_0560217,clinical,True,True,,600,450
ISIC_0560810,dermoscopic,True,True,,600,450
ISIC_0561102,dermoscopic,True,True,,600,450
ISIC_0561480,clinical,True,True,,600,450
ISIC_0562738,dermoscopic,True,True,,600,450
ISIC_0567766,clinical,True,True,,600,450
ISIC_0569067,dermoscopic,True,True,,600,450
ISIC_0569529,dermoscopic,True,True,,600,450
ISIC_0570358,dermoscopic,True,True,,600,450
ISIC_0570697,dermoscopic,True,True,,600,450
ISIC_0571049,dermoscopic,True,True,,600,450
ISIC_0571728,clinical,True,True,,600,450
ISIC_0572831,clinical,True,True,,600,450
ISIC_0572875,dermoscopic,True,True,,600,450
ISIC_0573471,dermoscopic,True,True,,600,450
ISIC_0575130,dermoscopic,True,True,,600,450
ISIC_0575623,clinical,True,True,,600,450
ISIC_0575879,clinical,True,True,,600,450
ISIC_0576611,clinical,True,True,,600,450
ISIC_0576794,clinical,True,True,,600,450
ISIC_0579366,clinical,True,True,,600,450
ISIC_0581803,clinical,True,True,,600,450
ISIC_0582067,clinical,True,True,,600,450
ISIC_0583040,clinical,True,True,,600,450
ISIC_0583409,dermoscopic,True,True,,600,450
ISIC_0583712,dermoscopic,True,True,,600,450
ISIC_0584164,clinical,True,True,,600,450
ISIC_0585018,clinical,True,True,,600,450
ISIC_0586691,clinical,True,True,,600,450
ISIC_0587530,clinical,True,True,,600,450
ISIC_0588937,clinical,True,True,,600,450
ISIC_0589952,clinical,True,True,,600,450
ISIC_0590248,clinical,True,True,,600,450
ISIC_0590401,clinical,True,True,,600,450
ISIC_0591696,dermoscopic,True,True,,600,450
ISIC_0592812,clinical,True,True,,600,450
ISIC_0593055,dermoscopic,True,True,,600,450
ISIC_0593908,dermoscopic,True,True,,600,450
ISIC_0594231,clinical,True,True,,600,450
ISIC_0595350,clinical,True,True,,600,450
ISIC_0597607,dermoscopic,True,True,,600,450
ISIC_0598073,dermoscopic,True,True,,600,450
ISIC_0598387,dermoscopic,True,True,,600,450
ISIC_0598709,dermoscopic,True,True,,600,450
ISIC_0601665,dermoscopic,True,True,,600,450
ISIC_0601743,dermoscopic,True,True,,600,450
ISIC_0603125,clinical,True,True,,600,450
ISIC_0603409,clinical,True,True,,600,450
ISIC_0603818,dermoscopic,True,True,,600,450
ISIC_0605402,clinical,True,True,,600,450
ISIC_0605910,dermoscopic,True,True,,600,450
ISIC_0606651,clinical,True,True,,600,450
ISIC_0608754,clinical,True,True,,600,450
ISIC_0608821,clinical,True,True,,600,450
ISIC_0608960,clinical,True,True,,600,450
ISIC_0610035,dermoscopic,True,True,,600,450
ISIC_0612028,clinical,True,True,,600,450
ISIC_0612181,clinical,True,True,,600,450
ISIC_0612261,dermoscopic,True,True,,600,450
ISIC_0612519,clinical,True,True,,600,450
ISIC_0612725,clinical,True,True,,600,450
ISIC_0612793,clinical,True,True,,600,450
ISIC_0613695,dermoscopic,True,True,,600,450
ISIC_0614880,clinical,True,True,,600,450
ISIC_0615653,clinical,True,True,,600,450
ISIC_0616115,clinical,True,True,,600,450
ISIC_0617272,dermoscopic,True,True,,600,450
ISIC_0620394,dermoscopic,True,True,,600,450
ISIC_0622255,clinical,True,True,,600,450
ISIC_0625197,dermoscopic,True,True,,600,450
ISIC_0627375,clinical,True,True,,600,450
ISIC_0627627,clinical,True,True,,600,450
ISIC_0627667,clinical,True,True,,600,450
ISIC_0627933,clinical,True,True,,600,450
ISIC_0628522,dermoscopic,True,True,,600,450
ISIC_0628658,clinical,True,True,,600,450
ISIC_0629020,clinical,True,True,,600,450
ISIC_0630375,clinical,True,True,,600,450
ISIC_0632001,dermoscopic,True,True,,600,450
ISIC_0633557,clinical,True,True,,600,450
ISIC_0634232,dermoscopic,True,True,,600,450
ISIC_0635424,clinical,True,True,,600,450
ISIC_0637039,clinical,True,True,,600,450
ISIC_0637655,dermoscopic,True,True,,600,450
ISIC_0638581,clinical,True,True,,600,450
ISIC_0640031,dermoscopic,True,True,,600,450
ISIC_0642767,dermoscopic,True,True,,600,450
ISIC_0643281,clinical,True,True,,600,450
ISIC_0644098,dermoscopic,True,True,,600,450
ISIC_0644224,dermoscopic,True,True,,600,450
ISIC_0645934,dermoscopic,True,True,,600,450
ISIC_0646278,clinical,True,True,,600,450
ISIC_0646544,dermoscopic,True,True,,600,450
ISIC_0647017,clinical,True,True,,600,450
ISIC_0649359,clinical,True,True,,600,450
ISIC_0649497,dermoscopic,True,True,,600,450
ISIC_0650927,dermoscopic,True,True,,600,450
ISIC_0651228,dermoscopic,True,True,,600,450
ISIC_0652620,clinical,True,True,,600,450
ISIC_0654229,clinical,True,True,,600,450
ISIC_0655029,dermoscopic,True,True,,600,450
ISIC_0656565,dermoscopic,True,True,,600,450
ISIC_0656805,dermoscopic,True,True,,600,450
ISIC_0657349,clinical,True,True,,600,450
ISIC_0657679,dermoscopic,True,True,,600,450
ISIC_0657859,clinical,True,True,,600,450
ISIC_0658837,clinical,True,True,,600,450
ISIC_0659229,clinical,True,True,,600,450
ISIC_0659383,clinical,True,True,,600,450
ISIC_0660859,dermoscopic,True,True,,600,450
ISIC_0661387,clinical,True,True,,600,450
ISIC_0661563,clinical,True,True,,600,450
ISIC_0661874,clinical,True,True,,600,450
ISIC_0662021,clinical,True,True,,600,450
ISIC_0662620,dermoscopic,True,True,,600,450
ISIC_0664016,dermoscopic,True,True,,600,450
ISIC_0664879,dermoscopic,True,True,,600,450
ISIC_0666405,dermoscopic,True,True,,600,450
ISIC_0666574,clinical,True,True,,600,450
ISIC_0666575,dermoscopic,True,True,,600,450
ISIC_0669396,dermoscopic,True,True,,600,450
ISIC_0669812,clinical,True,True,,600,450
ISIC_0670265,dermoscopic,True,True,,600,450
ISIC_0671005,clinical,True,True,,600,450
ISIC_0674586,clinical,True,True,,600,450
ISIC_0676527,dermoscopic,True,True,,600,450
ISIC_0680433,dermoscopic,True,True,,600,450
ISIC_0680993,dermoscopic,True,True,,600,450
ISIC_0681143,dermoscopic,True,True,,600,450
ISIC_0682339,clinical,True,True,,600,450
ISIC_0683612,clinical,True,True,,600,450
ISIC_0684071,dermoscopic,True,True,,600,450
ISIC_0684627,dermoscopic,True,True,,600,450
ISIC_0685008,dermoscopic,True,True,,600,450
ISIC_0686239,clinical,True,True,,600,450
ISIC_0686429,clinical,True,True,,600,450
ISIC_0686612,dermoscopic,True,True,,600,450
ISIC_0687223,dermoscopic,True,True,,600,450
ISIC_0688926,clinical,True,True,,600,450
ISIC_0689386,clinical,True,True,,600,450
ISIC_0690154,clinical,True,True,,600,450
ISIC_0690986,dermoscopic,True,True,,600,450
ISIC_0692759,clinical,True,True,,600,450
ISIC_0693344,clinical,True,True,,600,450
ISIC_0694740,dermoscopic,True,True,,600,450
ISIC_0695322,dermoscopic,True,True,,600,450
ISIC_0695415,clinical,True,True,,600,450
ISIC_0696597,dermoscopic,True,True,,600,450
ISIC_0698052,dermoscopic,True,True,,600,450
ISIC_0699088,dermoscopic,True,True,,600,450
ISIC_0699287,clinical,True,True,,600,450
ISIC_0700335,dermoscopic,True,True,,600,450
ISIC_0703597,clinical,True,True,,600,450
ISIC_0703618,dermoscopic,True,True,,600,450
ISIC_0707479,clinical,True,True,,600,450
ISIC_0709199,dermoscopic,True,True,,600,450
ISIC_0713331,clinical,True,True,,600,450
ISIC_0715287,dermoscopic,True,True,,600,450
ISIC_0715312,clinical,True,True,,600,450
ISIC_0715665,dermoscopic,True,True,,600,450
ISIC_0717001,clinical,True,True,,600,450
ISIC_0718332,dermoscopic,True,True,,600,450
ISIC_0719228,clinical,True,True,,600,450
ISIC_0720115,clinical,True,True,,600,450
ISIC_0720304,clinical,True,True,,600,450
ISIC_0720537,dermoscopic,True,True,,600,450
ISIC_0722347,dermoscopic,True,True,,600,450
ISIC_0723926,dermoscopic,True,True,,600,450
ISIC_0724875,clinical,True,True,,600,450
ISIC_0724943,dermoscopic,True,True,,600,450
ISIC_0725065,dermoscopic,True,True,,600,450
ISIC_0725098,clinical,True,True,,600,450
ISIC_0727105,clinical,True,True,,600,450
ISIC_0727761,dermoscopic,True,True,,600,450
ISIC_0729575,dermoscopic,True,True,,600,450
ISIC_0729799,clinical,True,True,,600,450
ISIC_0731364,dermoscopic,True,True,,600,450
ISIC_0733275,clinical,True,True,,600,450
ISIC_0734414,dermoscopic,True,True,,600,450
ISIC_0735025,dermoscopic,True,True,,600,450
ISIC_0735096,clinical,True,True,,600,450
ISIC_0738113,dermoscopic,True,True,,600,450
ISIC_0738371,dermoscopic,True,True,,600,450
ISIC_0738994,dermoscopic,True,True,,600,450
ISIC_0740405,clinical,True,True,,600,450
ISIC_0742972,dermoscopic,True,True,,600,450
ISIC_0743555,dermoscopic,True,True,,600,450
ISIC_0743648,dermoscopic,True,True,,600,450
ISIC_0744283,clinical,True,True,,600,450
ISIC_0745250,clinical,True,True,,600,450
ISIC_0745953,dermoscopic,True,True,,600,450
ISIC_0746280,clinical,True,True,,600,450
ISIC_0746532,clinical,True,True,,600,450
ISIC_0746908,dermoscopic,True,True,,600,450
ISIC_0751829,clinical,True,True,,600,450
ISIC_0754291,clinical,True,True,,600,450
ISIC_0755062,clinical,True,True,,600,450
ISIC_0755088,dermoscopic,True,True,,600,450
ISIC_0755454,clinical,True,True,,600,450
ISIC_0758142,dermoscopic,True,True,,600,450
ISIC_0758242,dermoscopic,True,True,,600,450
ISIC_0758332,clinical,True,True,,600,450
ISIC_0760456,clinical,True,True,,600,450
ISIC_0761359,dermoscopic,True,True,,600,450
ISIC_0762973,clinical,True,True,,600,450
ISIC_0763559,clinical,True,True,,600,450
ISIC_0763911,clinical,True,True,,600,450
ISIC_0763962,dermoscopic,True,True,,600,450
ISIC_0764650,dermoscopic,True,True,,600,450
ISIC_0765311,clinical,True,True,,600,450
ISIC_0767613,dermoscopic,True,True,,600,450
ISIC_0768610,dermoscopic,True,True,,600,450
ISIC_0768895,dermoscopic,True,True,,600,450
ISIC_0769255,dermoscopic,True,True,,600,450
ISIC_0770132,dermoscopic,True,True,,600,450
ISIC_0770326,dermoscopic,True,True,,600,450
ISIC_0772256,dermoscopic,True,True,,600,450
ISIC_0772345,dermoscopic,True,True,,600,450
ISIC_0772652,dermoscopic,True,True,,600,450
ISIC_0772947,dermoscopic,True,True,,600,450
ISIC_0773145,dermoscopic,True,True,,600,450
ISIC_0774870,clinical,True,True,,600,450
ISIC_0776010,clinical,True,True,,600,450
ISIC_0777268,dermoscopic,True,True,,600,450
ISIC_0777357,clinical,True,True,,600,450
ISIC_0777452,dermoscopic,True,True,,600,450
ISIC_0780544,dermoscopic,True,True,,600,450
ISIC_0780574,dermoscopic,True,True,,600,450
ISIC_0782621,clinical,True,True,,600,450
ISIC_0783369,dermoscopic,True,True,,600,450
ISIC_0783408,dermoscopic,True,True,,600,450
ISIC_0783971,clinical,True,True,,600,450
ISIC_0784089,clinical,True,True,,600,450
ISIC_0784305,clinical,True,True,,600,450
ISIC_0785356,clinical,True,True,,600,450
ISIC_0785366,clinical,True,True,,600,450
ISIC_0786326,dermoscopic,True,True,,600,450
ISIC_0786490,clinical,True,True,,600,450
ISIC_0786863,clinical,True,True,,600,450
ISIC_0790292,clinical,True,True,,600,450
ISIC_0791494,clinical,True,True,,600,450
ISIC_0793894,clinical,True,True,,600,450
ISIC_0794160,clinical,True,True,,600,450
ISIC_0796805,dermoscopic,True,True,,600,450
ISIC_0796884,dermoscopic,True,True,,600,450
ISIC_0798109,clinical,True,True,,600,450
ISIC_0799155,dermoscopic,True,True,,600,450
ISIC_0800437,clinical,True,True,,600,450
ISIC_0800961,clinical,True,True,,600,450
ISIC_0801041,clinical,True,True,,600,450
ISIC_0801838,dermoscopic,True,True,,600,450
ISIC_0802543,dermoscopic,True,True,,600,450
ISIC_0802648,dermoscopic,True,True,,600,450
ISIC_0805815,clinical,True,True,,600,450
ISIC_0805951,dermoscopic,True,True,,600,450
ISIC_0805994,dermoscopic,True,True,,600,450
ISIC_0806039,clinical,True,True,,600,450
ISIC_0807573,clinical,True,True,,600,450
ISIC_0807781,clinical,True,True,,600,450
ISIC_0809407,dermoscopic,True,True,,600,450
ISIC_0809896,clinical,True,True,,600,450
ISIC_0809957,clinical,True,True,,600,450
ISIC_0811123,dermoscopic,True,True,,600,450
ISIC_0811266,dermoscopic,True,True,,600,450
ISIC_0811514,dermoscopic,True,True,,600,450
ISIC_0811596,dermoscopic,True,True,,600,450
ISIC_0811703,dermoscopic,True,True,,600,450
ISIC_0812574,dermoscopic,True,True,,600,450
ISIC_0812646,clinical,True,True,,600,450
ISIC_0812659,clinical,True,True,,600,450
ISIC_0813000,dermoscopic,True,True,,600,450
ISIC_0813313,clinical,True,True,,600,450
ISIC_0813563,clinical,True,True,,600,450
ISIC_0815023,dermoscopic,True,True,,600,450
ISIC_0817051,dermoscopic,True,True,,600,450
ISIC_0817963,clinical,True,True,,600,450
ISIC_0818540,dermoscopic,True,True,,600,450
ISIC_0819008,dermoscopic,True,True,,600,450
ISIC_0820547,clinical,True,True,,600,450
ISIC_0821297,dermoscopic,True,True,,600,450
ISIC_0822220,dermoscopic,True,True,,600,450
ISIC_0823112,dermoscopic,True,True,,600,450
ISIC_0823269,dermoscopic,True,True,,600,450
ISIC_0823916,clinical,True,True,,600,450
ISIC_0824121,clinical,True,True,,600,450
ISIC_0825152,dermoscopic,True,True,,600,450
ISIC_0826007,clinical,True,True,,600,450
ISIC_0826708,clinical,True,True,,600,450
ISIC_0828276,dermoscopic,True,True,,600,450
ISIC_0829180,dermoscopic,True,True,,600,450
ISIC_0829445,clinical,True,True,,600,450
ISIC_0830502,clinical,True,True,,600,450
ISIC_0831021,clinical,True,True,,600,450
ISIC_0831157,dermoscopic,True,True,,600,450
ISIC_0831409,clinical,True,True,,600,450
ISIC_0831512,dermoscopic,True,True,,600,450
ISIC_0831898,dermoscopic,True,True,,600,450
ISIC_0833402,clinical,True,True,,600,450
ISIC_0835030,dermoscopic,True,True,,600,450
ISIC_0835458,dermoscopic,True,True,,600,450
ISIC_0835682,dermoscopic,True,True,,600,450
ISIC_0836114,clinical,True,True,,600,450
ISIC_0836815,dermoscopic,True,True,,600,450
ISIC_0838227,dermoscopic,True,True,,600,450
ISIC_0840284,dermoscopic,True,True,,600,450
ISIC_0841169,clinical,True,True,,600,450
ISIC_0842059,clinical,True,True,,600,450
ISIC_0844469,dermoscopic,True,True,,600,450
ISIC_0845014,clinical,True,True,,600,450
ISIC_0846122,dermoscopic,True,True,,600,450
ISIC_0846856,dermoscopic,True,True,,600,450
ISIC_0846896,clinical,True,True,,600,450
ISIC_0848694,dermoscopic,True,True,,600,450
ISIC_0849075,dermoscopic,True,True,,600,450
ISIC_0849646,clinical,True,True,,600,450
ISIC_0850383,dermoscopic,True,True,,600,450
ISIC_0851659,clinical,True,True,,600,450
ISIC_0852575,dermoscopic,True,True,,600,450
ISIC_0853298,clinical,True,True,,600,450
ISIC_0853302,dermoscopic,True,True,,600,450
ISIC_0854749,clinical,True,True,,600,450
ISIC_0855130,clinical,True,True,,600,450
ISIC_0855384,dermoscopic,True,True,,600,450
ISIC_0855454,dermoscopic,True,True,,600,450
ISIC_0856370,dermoscopic,True,True,,600,450
ISIC_0857448,dermoscopic,True,True,,600,450
ISIC_0858555,dermoscopic,True,True,,600,450
ISIC_0858765,clinical,True,True,,600,450
ISIC_0859627,clinical,True,True,,600,450
ISIC_0860468,dermoscopic,True,True,,600,450
ISIC_0862809,clinical,True,True,,600,450
ISIC_0863389,dermoscopic,True,True,,600,450
ISIC_0863711,clinical,True,True,,600,450
ISIC_0865713,dermoscopic,True,True,,600,450
ISIC_0866079,dermoscopic,True,True,,600,450
ISIC_0866872,dermoscopic,True,True,,600,450
ISIC_0866932,dermoscopic,True,True,,600,450
ISIC_0867027,dermoscopic,True,True,,600,450
ISIC_0867059,clinical,True,True,,600,450
ISIC_0867368,dermoscopic,True,True,,600,450
ISIC_0869141,dermoscopic,True,True,,600,450
ISIC_0870426,clinical,True,True,,600,450
ISIC_0871073,dermoscopic,True,True,,600,450
ISIC_0871337,clinical,True,True,,600,450
ISIC_0871438,clinical,True,True,,600,450
ISIC_0872036,dermoscopic,True,True,,600,450
ISIC_0872261,dermoscopic,True,True,,600,450
ISIC_0872284,clinical,True,True,,600,450
ISIC_0873387,clinical,True,True,,600,450
ISIC_0874081,clinical,True,True,,600,450
ISIC_0875516,clinical,True,True,,600,450
ISIC_0879335,clinical,True,True,,600,450
ISIC_0880053,dermoscopic,True,True,,600,450
ISIC_0880783,dermoscopic,True,True,,600,450
ISIC_0881081,dermoscopic,True,True,,600,450
ISIC_0881138,clinical,True,True,,600,450
ISIC_0881507,dermoscopic,True,True,,600,450
ISIC_0883146,clinical,True,True,,600,450
ISIC_0885646,clinical,True,True,,600,450
ISIC_0885674,dermoscopic,True,True,,600,450
ISIC_0886120,clinical,True,True,,600,450
ISIC_0886687,dermoscopic,True,True,,600,450
ISIC_0887242,clinical,True,True,,600,450
ISIC_0887284,dermoscopic,True,True,,600,450
ISIC_0888116,clinical,True,True,,600,450
ISIC_0888295,clinical,True,True,,600,450
ISIC_0889674,clinical,True,True,,600,450
ISIC_0890975,dermoscopic,True,True,,600,450
ISIC_0891581,clinical,True,True,,600,450
ISIC_0891621,clinical,True,True,,600,450
ISIC_0892888,dermoscopic,True,True,,600,450
ISIC_0893414,clinical,True,True,,600,450
ISIC_0893723,dermoscopic,True,True,,600,450
ISIC_0895262,dermoscopic,True,True,,600,450
ISIC_0895631,clinical,True,True,,600,450
ISIC_0895842,clinical,True,True,,600,450
ISIC_0896718,dermoscopic,True,True,,600,450
ISIC_0897372,dermoscopic,True,True,,600,450
ISIC_0898369,dermoscopic,True,True,,600,450
ISIC_0899069,dermoscopic,True,True,,600,450
ISIC_0899253,clinical,True,True,,600,450
ISIC_0904295,clinical,True,True,,600,450
ISIC_0906065,clinical,True,True,,600,450
ISIC_0906598,clinical,True,True,,600,450
ISIC_0907266,dermoscopic,True,True,,600,450
ISIC_0907354,dermoscopic,True,True,,600,450
ISIC_0907555,dermoscopic,True,True,,600,450
ISIC_0907716,clinical,True,True,,600,450
ISIC_0908255,dermoscopic,True,True,,600,450
ISIC_0909697,dermoscopic,True,True,,600,450
ISIC_0911271,clinical,True,True,,600,450
ISIC_0912531,dermoscopic,True,True,,600,450
ISIC_0912606,clinical,True,True,,600,450
ISIC_0913438,dermoscopic,True,True,,600,450
ISIC_0913648,dermoscopic,True,True,,600,450
ISIC_0914299,clinical,True,True,,600,450
ISIC_0914647,dermoscopic,True,True,,600,450
ISIC_0918357,dermoscopic,True,True,,600,450
ISIC_0919015,clinical,True,True,,600,450
ISIC_0919412,dermoscopic,True,True,,600,450
ISIC_0919950,clinical,True,True,,600,450
ISIC_0920424,dermoscopic,True,True,,600,450
ISIC_0920625,clinical,True,True,,600,450
ISIC_0921779,dermoscopic,True,True,,600,450
ISIC_0922807,clinical,True,True,,600,450
ISIC_0923483,clinical,True,True,,600,450
ISIC_0924335,dermoscopic,True,True,,600,450
ISIC_0924690,clinical,True,True,,600,450
ISIC_0926891,dermoscopic,True,True,,600,450
ISIC_0928029,clinical,True,True,,600,450
ISIC_0929356,dermoscopic,True,True,,600,450
ISIC_0930244,clinical,True,True,,600,450
ISIC_0931470,clinical,True,True,,600,450
ISIC_0931746,clinical,True,True,,600,450
ISIC_0933237,dermoscopic,True,True,,600,450
ISIC_0933479,clinical,True,True,,600,450
ISIC_0933741,clinical,True,True,,600,450
ISIC_0934261,clinical,True,True,,600,450
ISIC_0934708,dermoscopic,True,True,,600,450
ISIC_0935658,dermoscopic,True,True,,600,450
ISIC_0936650,clinical,True,True,,600,450
ISIC_0937259,clinical,True,True,,600,450
ISIC_0937410,clinical,True,True,,600,450
ISIC_0938409,clinical,True,True,,600,450
ISIC_0938645,clinical,True,True,,600,450
ISIC_0939581,dermoscopic,True,True,,600,450
ISIC_0939687,dermoscopic,True,True,,600,450
ISIC_0940771,dermoscopic,True,True,,600,450
ISIC_0944241,clinical,True,True,,600,450
ISIC_0946795,dermoscopic,True,True,,600,450
ISIC_0948347,clinical,True,True,,600,450
ISIC_0949145,clinical,True,True,,600,450
ISIC_0949430,clinical,True,True,,600,450
ISIC_0950495,dermoscopic,True,True,,600,450
ISIC_0950510,dermoscopic,True,True,,600,450
ISIC_0950931,clinical,True,True,,600,450
ISIC_0951274,dermoscopic,True,True,,600,450
ISIC_0951585,clinical,True,True,,600,450
ISIC_0953324,clinical,True,True,,600,450
ISIC_0955574,clinical,True,True,,600,450
ISIC_0955754,dermoscopic,True,True,,600,450
ISIC_0956399,dermoscopic,True,True,,600,450
ISIC_0957094,clinical,True,True,,600,450
ISIC_0958356,dermoscopic,True,True,,600,450
ISIC_0958977,dermoscopic,True,True,,600,450
ISIC_0960754,dermoscopic,True,True,,600,450
ISIC_0962054,dermoscopic,True,True,,600,450
ISIC_0962183,dermoscopic,True,True,,600,450
ISIC_0963794,clinical,True,True,,600,450
ISIC_0963883,clinical,True,True,,600,450
ISIC_0964556,dermoscopic,True,True,,600,450
ISIC_0964646,clinical,True,True,,600,450
ISIC_0965546,dermoscopic,True,True,,600,450
ISIC_0965611,clinical,True,True,,600,450
ISIC_0966559,clinical,True,True,,600,450
ISIC_0968530,dermoscopic,True,True,,600,450
ISIC_0970615,dermoscopic,True,True,,600,450
ISIC_0971123,dermoscopic,True,True,,600,450
ISIC_0972110,dermoscopic,True,True,,600,450
ISIC_0973204,clinical,True,True,,600,450
ISIC_0973981,clinical,True,True,,600,450
ISIC_0974797,dermoscopic,True,True,,600,450
ISIC_0974866,dermoscopic,True,True,,600,450
ISIC_0975299,clinical,True,True,,600,450
ISIC_0975720,clinical,True,True,,600,450
ISIC_0976079,clinical,True,True,,600,450
ISIC_0977792,dermoscopic,True,True,,600,450
ISIC_0979570,dermoscopic,True,True,,600,450
ISIC_0979678,dermoscopic,True,True,,600,450
ISIC_0980403,clinical,True,True,,600,450
ISIC_0981335,dermoscopic,True,True,,600,450
ISIC_0981634,clinical,True,True,,600,450
ISIC_0982924,clinical,True,True,,600,450
ISIC_0983974,dermoscopic,True,True,,600,450
ISIC_0984507,dermoscopic,True,True,,600,450
ISIC_0986356,clinical,True,True,,600,450
ISIC_0987080,clinical,True,True,,600,450
ISIC_0987929,clinical,True,True,,600,450
ISIC_0988479,clinical,True,True,,600,450
ISIC_0989126,clinical,True,True,,600,450
ISIC_0990658,clinical,True,True,,600,450
ISIC_0990706,clinical,True,True,,600,450
ISIC_0990979,clinical,True,True,,600,450
ISIC_0991005,clinical,True,True,,600,450
ISIC_0991616,dermoscopic,True,True,,600,450
ISIC_0991989,clinical,True,True,,600,450
ISIC_0993424,clinical,True,True,,600,450
ISIC_0993471,clinical,True,True,,600,450
ISIC_0994154,clinical,True,True,,600,450
ISIC_0997976,dermoscopic,True,True,,600,450
ISIC_1000386,clinical,True,True,,600,450
ISIC_1000918,clinical,True,True,,600,450
ISIC_1001492,dermoscopic,True,True,,600,450
ISIC_1002134,dermoscopic,True,True,,600,450
ISIC_1002562,clinical,True,True,,600,450
ISIC_1006010,clinical,True,True,,600,450
ISIC_1006415,dermoscopic,True,True,,600,450
ISIC_1006756,dermoscopic,True,True,,600,450
ISIC_1009291,dermoscopic,True,True,,600,450
ISIC_1009475,dermoscopic,True,True,,600,450
ISIC_1009860,clinical,True,True,,600,450
ISIC_1010358,dermoscopic,True,True,,600,450
ISIC_1010434,clinical,True,True,,600,450
ISIC_1010567,dermoscopic,True,True,,600,450
ISIC_1011069,clinical,True,True,,600,450
ISIC_1012530,dermoscopic,True,True,,600,450
ISIC_1012687,clinical,True,True,,600,450
ISIC_1014403,dermoscopic,True,True,,600,450
ISIC_1014424,dermoscopic,True,True,,600,450
ISIC_1018753,dermoscopic,True,True,,600,450
ISIC_1019247,clinical,True,True,,600,450
ISIC_1019384,dermoscopic,True,True,,600,450
ISIC_1020628,dermoscopic,True,True,,600,450
ISIC_1021842,clinical,True,True,,600,450
ISIC_1023707,clinical,True,True,,600,450
ISIC_1025034,clinical,True,True,,600,450
ISIC_1025100,dermoscopic,True,True,,600,450
ISIC_1028434,clinical,True,True,,600,450
ISIC_1028789,dermoscopic,True,True,,600,450
ISIC_1029056,dermoscopic,True,True,,600,450
ISIC_1029279,dermoscopic,True,True,,600,450
ISIC_1029957,dermoscopic,True,True,,600,450
ISIC_1030228,dermoscopic,True,True,,600,450
ISIC_1032764,clinical,True,True,,600,450
ISIC_1033249,dermoscopic,True,True,,600,450
ISIC_1033453,dermoscopic,True,True,,600,450
ISIC_1035863,clinical,True,True,,600,450
ISIC_1037712,clinical,True,True,,600,450
ISIC_1038282,clinical,True,True,,600,450
ISIC_1042270,dermoscopic,True,True,,600,450
ISIC_1044266,dermoscopic,True,True,,600,450
ISIC_1045607,dermoscopic,True,True,,600,450
ISIC_1046103,clinical,True,True,,600,450
ISIC_1048297,dermoscopic,True,True,,600,450
ISIC_1048496,dermoscopic,True,True,,600,450
ISIC_1049145,clinical,True,True,,600,450
ISIC_1050489,clinical,True,True,,600,450
ISIC_1052154,clinical,True,True,,600,450
ISIC_1052176,clinical,True,True,,600,450
ISIC_1053256,clinical,True,True,,600,450
ISIC_1054751,clinical,True,True,,600,450
ISIC_1054971,clinical,True,True,,600,450
ISIC_1055162,dermoscopic,True,True,,600,450
ISIC_1056095,dermoscopic,True,True,,600,450
ISIC_1058069,clinical,True,True,,600,450
ISIC_1058258,clinical,True,True,,600,450
ISIC_1058357,clinical,True,True,,600,450
ISIC_1058813,clinical,True,True,,600,450
ISIC_1058937,clinical,True,True,,600,450
ISIC_1059467,clinical,True,True,,600,450
ISIC_1061716,dermoscopic,True,True,,600,450
ISIC_1062335,dermoscopic,True,True,,600,450
ISIC_1063001,dermoscopic,True,True,,600,450
ISIC_1063241,clinical,True,True,,600,450
ISIC_1064441,dermoscopic,True,True,,600,450
ISIC_1064824,dermoscopic,True,True,,600,450
ISIC_1066229,dermoscopic,True,True,,600,450
ISIC_1066639,clinical,True,True,,600,450
ISIC_1066863,clinical,True,True,,600,450
ISIC_1069165,dermoscopic,True,True,,600,450
ISIC_1069584,dermoscopic,True,True,,600,450
ISIC_1069722,dermoscopic,True,True,,600,450
ISIC_1070485,dermoscopic,True,True,,600,450
ISIC_1070964,dermoscopic,True,True,,600,450
ISIC_1073412,dermoscopic,True,True,,600,450
ISIC_1074795,dermoscopic,True,True,,600,450
ISIC_1075770,clinical,True,True,,600,450
ISIC_1076265,dermoscopic,True,True,,600,450
ISIC_1078763,dermoscopic,True,True,,600,450
ISIC_1079378,clinical,True,True,,600,450
ISIC_1080345,dermoscopic,True,True,,600,450
ISIC_1081140,dermoscopic,True,True,,600,450
ISIC_1083704,dermoscopic,True,True,,600,450
ISIC_1084026,clinical,True,True,,600,450
ISIC_1085320,clinical,True,True,,600,450
ISIC_1085321,clinical,True,True,,600,450
ISIC_1085608,dermoscopic,True,True,,600,450
ISIC_1085792,dermoscopic,True,True,,600,450
ISIC_1086483,clinical,True,True,,600,450
ISIC_1089519,clinical,True,True,,600,450
ISIC_1089656,clinical,True,True,,600,450
ISIC_1090102,clinical,True,True,,600,450
ISIC_1090300,dermoscopic,True,True,,600,450
ISIC_1090781,dermoscopic,True,True,,600,450
ISIC_1090794,clinical,True,True,,600,450
ISIC_1091183,clinical,True,True,,600,450
ISIC_1091566,dermoscopic,True,True,,600,450
ISIC_1094830,dermoscopic,True,True,,600,450
ISIC_1097732,clinical,True,True,,600,450
ISIC_1099345,dermoscopic,True,True,,600,450
ISIC_1099402,dermoscopic,True,True,,600,450
ISIC_1099492,clinical,True,True,,600,450
ISIC_1101076,dermoscopic,True,True,,600,450
ISIC_1102101,dermoscopic,True,True,,600,450
ISIC_1102915,dermoscopic,True,True,,600,450
ISIC_1103609,clinical,True,True,,600,450
ISIC_1103956,dermoscopic,True,True,,600,450
ISIC_1105494,dermoscopic,True,True,,600,450
ISIC_1105520,clinical,True,True,,600,450
ISIC_1106208,dermoscopic,True,True,,600,450
ISIC_1107390,clinical,True,True,,600,450
ISIC_1107534,clinical,True,True,,600,450
ISIC_1110074,clinical,True,True,,600,450
ISIC_1110722,dermoscopic,True,True,,600,450
ISIC_1111101,dermoscopic,True,True,,600,450
ISIC_1111291,dermoscopic,True,True,,600,450
ISIC_1111477,dermoscopic,True,True,,600,450
ISIC_1111646,clinical,True,True,,600,450
ISIC_1112216,clinical,True,True,,600,450
ISIC_1113064,clinical,True,True,,600,450
ISIC_1115156,dermoscopic,True,True,,600,450
ISIC_1116303,dermoscopic,True,True,,600,450
ISIC_1118925,clinical,True,True,,600,450
ISIC_1119141,clinical,True,True,,600,450
ISIC_1119486,clinical,True,True,,600,450
ISIC_1119886,dermoscopic,True,True,,600,450
ISIC_1121645,dermoscopic,True,True,,600,450
ISIC_1121888,dermoscopic,True,True,,600,450
ISIC_1123171,clinical,True,True,,600,450
ISIC_1124077,dermoscopic,True,True,,600,450
ISIC_1124387,clinical,True,True,,600,450
ISIC_1124994,dermoscopic,True,True,,600,450
ISIC_1126401,dermoscopic,True,True,,600,450
ISIC_1126704,clinical,True,True,,600,450
ISIC_1128113,clinical,True,True,,600,450
ISIC_1128748,dermoscopic,True,True,,600,450
ISIC_1129242,clinical,True,True,,600,450
ISIC_1129613,dermoscopic,True,True,,600,450
ISIC_1130153,clinical,True,True,,600,450
ISIC_1130368,dermoscopic,True,True,,600,450
ISIC_1132361,dermoscopic,True,True,,600,450
ISIC_1133187,dermoscopic,True,True,,600,450
ISIC_1134088,clinical,True,True,,600,450
ISIC_1134411,clinical,True,True,,600,450
ISIC_1135159,dermoscopic,True,True,,600,450
ISIC_1135277,clinical,True,True,,600,450
ISIC_1135697,dermoscopic,True,True,,600,450
ISIC_1136259,dermoscopic,True,True,,600,450
ISIC_1136271,dermoscopic,True,True,,600,450
ISIC_1136498,dermoscopic,True,True,,600,450
ISIC_1137894,clinical,True,True,,600,450
ISIC_1138088,clinical,True,True,,600,450
ISIC_1138771,clinical,True,True,,600,450
ISIC_1138976,dermoscopic,True,True,,600,450
ISIC_1139673,dermoscopic,True,True,,600,450
ISIC_1140407,clinical,True,True,,600,450
ISIC_1141942,clinical,True,True,,600,450
ISIC_1142211,dermoscopic,True,True,,600,450
ISIC_1143783,dermoscopic,True,True,,600,450
ISIC_1145018,clinical,True,True,,600,450
ISIC_1146500,clinical,True,True,,600,450
ISIC_1146594,dermoscopic,True,True,,600,450
ISIC_1146954,dermoscopic,True,True,,600,450
ISIC_1148803,clinical,True,True,,600,450
ISIC_1149850,dermoscopic,True,True,,600,450
ISIC_1150454,dermoscopic,True,True,,600,450
ISIC_1151008,dermoscopic,True,True,,600,450
ISIC_1151059,dermoscopic,True,True,,600,450
ISIC_1152260,clinical,True,True,,600,450
ISIC_1154162,dermoscopic,True,True,,600,450
ISIC_1154207,clinical,True,True,,600,450
ISIC_1154405,clinical,True,True,,600,450
ISIC_1156133,dermoscopic,True,True,,600,450
ISIC_1156729,dermoscopic,True,True,,600,450
ISIC_1157338,clinical,True,True,,600,450
ISIC_1157692,clinical,True,True,,600,450
ISIC_1159427,dermoscopic,True,True,,600,450
ISIC_1160092,clinical,True,True,,600,450
ISIC_1160288,dermoscopic,True,True,,600,450
ISIC_1161165,clinical,True,True,,600,450
ISIC_1161990,clinical,True,True,,600,450
ISIC_1163119,dermoscopic,True,True,,600,450
ISIC_1163815,dermoscopic,True,True,,600,450
ISIC_1166088,dermoscopic,True,True,,600,450
ISIC_1166255,clinical,True,True,,600,450
ISIC_1167183,clinical,True,True,,600,450
ISIC_1168286,dermoscopic,True,True,,600,450
ISIC_1169219,dermoscopic,True,True,,600,450
ISIC_1170330,dermoscopic,True,True,,600,450
ISIC_1170720,dermoscopic,True,True,,600,450
ISIC_1170971,clinical,True,True,,600,450
ISIC_1171368,dermoscopic,True,True,,600,450
ISIC_1171609,clinical,True,True,,600,450
ISIC_1171731,dermoscopic,True,True,,600,450
ISIC_1171759,clinical,True,True,,600,450
ISIC_1172471,clinical,True,True,,600,450
ISIC_1173037,clinical,True,True,,600,450
ISIC_1174739,dermoscopic,True,True,,600,450
ISIC_1175016,clinical,True,True,,600,450
ISIC_1176025,dermoscopic,True,True,,600,450
ISIC_1176222,clinical,True,True,,600,450
ISIC_1176236,dermoscopic,True,True,,600,450
ISIC_1176359,clinical,True,True,,600,450
ISIC_1176432,clinical,True,True,,600,450
ISIC_1176980,dermoscopic,True,True,,600,450
ISIC_1177251,dermoscopic,True,True,,600,450
ISIC_1177346,clinical,True,True,,600,450
ISIC_1179663,clinical,True,True,,600,450
ISIC_1179992,dermoscopic,True,True,,600,450
ISIC_1181087,clinical,True,True,,600,450
ISIC_1181197,clinical,True,True,,600,450
ISIC_1181436,clinical,True,True,,600,450
ISIC_1182214,dermoscopic,True,True,,600,450
ISIC_1182747,dermoscopic,True,True,,600,450
ISIC_1184775,dermoscopic,True,True,,600,450
ISIC_1186941,clinical,True,True,,600,450
ISIC_1189166,clinical,True,True,,600,450
ISIC_1189485,dermoscopic,True,True,,600,450
ISIC_1190372,dermoscopic,True,True,,600,450
ISIC_1191914,clinical,True,True,,600,450
ISIC_1191996,dermoscopic,True,True,,600,450
ISIC_1192068,dermoscopic,True,True,,600,450
ISIC_1192517,clinical,True,True,,600,450
ISIC_1192919,clinical,True,True,,600,450
ISIC_1194209,clinical,True,True,,600,450
ISIC_1195811,dermoscopic,True,True,,600,450
ISIC_1198104,clinical,True,True,,600,450
ISIC_1199167,dermoscopic,True,True,,600,450
ISIC_1199576,clinical,True,True,,600,450
ISIC_1200835,clinical,True,True,,600,450
ISIC_1201025,dermoscopic,True,True,,600,450
ISIC_1201852,clinical,True,True,,600,450
ISIC_1205427,dermoscopic,True,True,,600,450
ISIC_1206880,dermoscopic,True,True,,600,450
ISIC_1207350,dermoscopic,True,True,,600,450
ISIC_1208071,dermoscopic,True,True,,600,450
ISIC_1209022,dermoscopic,True,True,,600,450
ISIC_1210101,clinical,True,True,,600,450
ISIC_1210329,dermoscopic,True,True,,600,450
ISIC_1210456,clinical,True,True,,600,450
ISIC_1212172,clinical,True,True,,600,450
ISIC_1212608,dermoscopic,True,True,,600,450
ISIC_1215920,dermoscopic,True,True,,600,450
ISIC_1217127,dermoscopic,True,True,,600,450
ISIC_1217694,dermoscopic,True,True,,600,450
ISIC_1218245,clinical,True,True,,600,450
ISIC_1218465,clinical,True,True,,600,450
ISIC_1219190,dermoscopic,True,True,,600,450
ISIC_1219741,clinical,True,True,,600,450
ISIC_1220536,dermoscopic,True,True,,600,450
ISIC_1221689,dermoscopic,True,True,,600,450
ISIC_1221863,clinical,True,True,,600,450
ISIC_1222561,dermoscopic,True,True,,600,450
ISIC_1222720,dermoscopic,True,True,,600,450
ISIC_1223850,clinical,True,True,,600,450
ISIC_1224887,clinical,True,True,,600,450
ISIC_1225203,clinical,True,True,,600,450
ISIC_1225678,dermoscopic,True,True,,600,450
ISIC_1225707,clinical,True,True,,600,450
ISIC_1226932,clinical,True,True,,600,450
ISIC_1230479,dermoscopic,True,True,,600,450
ISIC_1230865,dermoscopic,True,True,,600,450
ISIC_1231719,dermoscopic,True,True,,600,450
ISIC_1232023,clinical,True,True,,600,450
ISIC_1232869,clinical,True,True,,600,450
ISIC_1234193,dermoscopic,True,True,,600,450
ISIC_1236473,clinical,True,True,,600,450
ISIC_1237574,clinical,True,True,,600,450
ISIC_1237876,clinical,True,True,,600,450
ISIC_1237960,dermoscopic,True,True,,600,450
ISIC_1239264,dermoscopic,True,True,,600,450
ISIC_1240854,clinical,True,True,,600,450
ISIC_1241018,dermoscopic,True,True,,600,450
ISIC_1241916,dermoscopic,True,True,,600,450
ISIC_1242474,dermoscopic,True,True,,600,450
ISIC_1242913,clinical,True,True,,600,450
ISIC_1243858,dermoscopic,True,True,,600,450
ISIC_1243982,clinical,True,True,,600,450
ISIC_1244447,dermoscopic,True,True,,600,450
ISIC_1244450,clinical,True,True,,600,450
ISIC_1245273,clinical,True,True,,600,450
ISIC_1249178,clinical,True,True,,600,450
ISIC_1249375,clinical,True,True,,600,450
ISIC_1252883,dermoscopic,True,True,,600,450
ISIC_1253452,clinical,True,True,,600,450
ISIC_1255149,dermoscopic,True,True,,600,450
ISIC_1255346,clinical,True,True,,600,450
ISIC_1255617,clinical,True,True,,600,450
ISIC_1255858,dermoscopic,True,True,,600,450
ISIC_1258360,dermoscopic,True,True,,600,450
ISIC_1260636,dermoscopic,True,True,,600,450
ISIC_1261497,clinical,True,True,,600,450
ISIC_1261731,dermoscopic,True,True,,600,450
ISIC_1262493,clinical,True,True,,600,450
ISIC_1262809,clinical,True,True,,600,450
ISIC_1264034,dermoscopic,True,True,,600,450
ISIC_1266614,dermoscopic,True,True,,600,450
ISIC_1268914,clinical,True,True,,600,450
ISIC_1272082,clinical,True,True,,600,450
ISIC_1272616,dermoscopic,True,True,,600,450
ISIC_1275047,clinical,True,True,,600,450
ISIC_1275089,dermoscopic,True,True,,600,450
ISIC_1275437,clinical,True,True,,600,450
ISIC_1276558,dermoscopic,True,True,,600,450
ISIC_1276590,dermoscopic,True,True,,600,450
ISIC_1279315,dermoscopic,True,True,,600,450
ISIC_1279652,dermoscopic,True,True,,600,450
ISIC_1280046,dermoscopic,True,True,,600,450
ISIC_1281398,dermoscopic,True,True,,600,450
ISIC_1281967,dermoscopic,True,True,,600,450
ISIC_1282117,clinical,True,True,,600,450
ISIC_1283766,dermoscopic,True,True,,600,450
ISIC_1284470,dermoscopic,True,True,,600,450
ISIC_1285374,clinical,True,True,,600,450
ISIC_1285744,dermoscopic,True,True,,600,450
ISIC_1285798,dermoscopic,True,True,,600,450
ISIC_1285909,dermoscopic,True,True,,600,450
ISIC_1285977,clinical,True,True,,600,450
ISIC_1286685,clinical,True,True,,600,450
ISIC_1287935,clinical,True,True,,600,450
ISIC_1290781,clinical,True,True,,600,450
ISIC_1291218,clinical,True,True,,600,450
ISIC_1291833,dermoscopic,True,True,,600,450
ISIC_1293046,clinical,True,True,,600,450
ISIC_1295245,dermoscopic,True,True,,600,450
ISIC_1298204,clinical,True,True,,600,450
ISIC_1300480,clinical,True,True,,600,450
ISIC_1301371,clinical,True,True,,600,450
ISIC_1301817,clinical,True,True,,600,450
ISIC_1302258,dermoscopic,True,True,,600,450
ISIC_1303477,dermoscopic,True,True,,600,450
ISIC_1305247,dermoscopic,True,True,,600,450
ISIC_1306180,clinical,True,True,,600,450
ISIC_1307470,dermoscopic,True,True,,600,450
ISIC_1308671,dermoscopic,True,True,,600,450
ISIC_1308871,clinical,True,True,,600,450
ISIC_1309001,dermoscopic,True,True,,600,450
ISIC_1309626,dermoscopic,True,True,,600,450
ISIC_1310746,dermoscopic,True,True,,600,450
ISIC_1311673,clinical,True,True,,600,450
ISIC_1313208,dermoscopic,True,True,,600,450
ISIC_1315894,clinical,True,True,,600,450
ISIC_1316170,clinical,True,True,,600,450
ISIC_1316256,clinical,True,True,,600,450
ISIC_1317686,dermoscopic,True,True,,600,450
ISIC_1318325,dermoscopic,True,True,,600,450
ISIC_1319737,dermoscopic,True,True,,600,450
ISIC_1320525,dermoscopic,True,True,,600,450
ISIC_1320739,clinical,True,True,,600,450
ISIC_1322016,clinical,True,True,,600,450
ISIC_1322802,dermoscopic,True,True,,600,450
ISIC_1323177,dermoscopic,True,True,,600,450
ISIC_1325383,dermoscopic,True,True,,600,450
ISIC_1325809,clinical,True,True,,600,450
ISIC_1326092,dermoscopic,True,True,,600,450
ISIC_1326309,dermoscopic,True,True,,600,450
ISIC_1327102,clinical,True,True,,600,450
ISIC_1327315,dermoscopic,True,True,,600,450
ISIC_1329019,dermoscopic,True,True,,600,450
ISIC_1329438,dermoscopic,True,True,,600,450
ISIC_1330625,clinical,True,True,,600,450
ISIC_1330675,clinical,True,True,,600,450
ISIC_1331527,clinical,True,True,,600,450
ISIC_1332174,clinical,True,True,,600,450
ISIC_1332797,clinical,True,True,,600,450
ISIC_1334612,clinical,True,True,,600,450
ISIC_1335240,dermoscopic,True,True,,600,450
ISIC_1335894,dermoscopic,True,True,,600,450
ISIC_1338257,clinical,True,True,,600,450
ISIC_1338697,dermoscopic,True,True,,600,450
ISIC_1338973,clinical,True,True,,600,450
ISIC_1339166,clinical,True,True,,600,450
ISIC_1339797,clinical,True,True,,600,450
ISIC_1341677,dermoscopic,True,True,,600,450
ISIC_1342857,dermoscopic,True,True,,600,450
ISIC_1343499,dermoscopic,True,True,,600,450
ISIC_1344355,dermoscopic,True,True,,600,450
ISIC_1344587,dermoscopic,True,True,,600,450
ISIC_1344833,dermoscopic,True,True,,600,450
ISIC_1345175,clinical,True,True,,600,450
ISIC_1346199,clinical,True,True,,600,450
ISIC_1346867,dermoscopic,True,True,,600,450
ISIC_1347520,clinical,True,True,,600,450
ISIC_1347581,dermoscopic,True,True,,600,450
ISIC_1347975,clinical,True,True,,600,450
ISIC_1348618,clinical,True,True,,600,450
ISIC_1350051,dermoscopic,True,True,,600,450
ISIC_1350578,dermoscopic,True,True,,600,450
ISIC_1352448,clinical,True,True,,600,450
ISIC_1353980,clinical,True,True,,600,450
ISIC_1354875,clinical,True,True,,600,450
ISIC_1355075,clinical,True,True,,600,450
ISIC_1355713,clinical,True,True,,600,450
ISIC_1357348,clinical,True,True,,600,450
ISIC_1359419,clinical,True,True,,600,450
ISIC_1360383,clinical,True,True,,600,450
ISIC_1362408,dermoscopic,True,True,,600,450
ISIC_1362488,clinical,True,True,,600,450
ISIC_1364390,dermoscopic,True,True,,600,450
ISIC_1364491,clinical,True,True,,600,450
ISIC_1364908,clinical,True,True,,600,450
ISIC_1364975,dermoscopic,True,True,,600,450
ISIC_1365576,dermoscopic,True,True,,600,450
ISIC_1365903,clinical,True,True,,600,450
ISIC_1366649,dermoscopic,True,True,,600,450
ISIC_1367228,clinical,True,True,,600,450
ISIC_1370640,dermoscopic,True,True,,600,450
ISIC_1373525,dermoscopic,True,True,,600,450
ISIC_1373637,dermoscopic,True,True,,600,450
ISIC_1374683,clinical,True,True,,600,450
ISIC_1375082,dermoscopic,True,True,,600,450
ISIC_1375994,dermoscopic,True,True,,600,450
ISIC_1376355,clinical,True,True,,600,450
ISIC_1376581,dermoscopic,True,True,,600,450
ISIC_1376673,dermoscopic,True,True,,600,450
ISIC_1376922,clinical,True,True,,600,450
ISIC_1377073,clinical,True,True,,600,450
ISIC_1379351,dermoscopic,True,True,,600,450
ISIC_1379718,clinical,True,True,,600,450
ISIC_1382049,clinical,True,True,,600,450
ISIC_1382648,dermoscopic,True,True,,600,450
ISIC_1384590,dermoscopic,True,True,,600,450
ISIC_1385452,dermoscopic,True,True,,600,450
ISIC_1385649,clinical,True,True,,600,450
ISIC_1386079,clinical,True,True,,600,450
ISIC_1386264,dermoscopic,True,True,,600,450
ISIC_1386430,dermoscopic,True,True,,600,450
ISIC_1386630,clinical,True,True,,600,450
ISIC_1389612,clinical,True,True,,600,450
ISIC_1390589,clinical,True,True,,600,450
ISIC_1391601,clinical,True,True,,600,450
ISIC_1393233,dermoscopic,True,True,,600,450
ISIC_1393721,dermoscopic,True,True,,600,450
ISIC_1395572,clinical,True,True,,600,450
ISIC_1396159,dermoscopic,True,True,,600,450
ISIC_1396973,clinical,True,True,,600,450
ISIC_1398132,dermoscopic,True,True,,600,450
ISIC_1398271,clinical,True,True,,600,450
ISIC_1399132,clinical,True,True,,600,450
ISIC_1403022,clinical,True,True,,600,450
ISIC_1403739,dermoscopic,True,True,,600,450
ISIC_1405142,clinical,True,True,,600,450
ISIC_1405571,dermoscopic,True,True,,600,450
ISIC_1408694,dermoscopic,True,True,,600,450
ISIC_1408695,dermoscopic,True,True,,600,450
ISIC_1409004,dermoscopic,True,True,,600,450
ISIC_1409513,clinical,True,True,,600,450
ISIC_1411585,clinical,True,True,,600,450
ISIC_1411639,clinical,True,True,,600,450
ISIC_1412212,clinical,True,True,,600,450
ISIC_1412567,clinical,True,True,,600,450
ISIC_1414380,dermoscopic,True,True,,600,450
ISIC_1415038,clinical,True,True,,600,450
ISIC_1416314,dermoscopic,True,True,,600,450
ISIC_1417674,dermoscopic,True,True,,600,450
ISIC_1419820,dermoscopic,True,True,,600,450
ISIC_1420747,dermoscopic,True,True,,600,450
ISIC_1420953,dermoscopic,True,True,,600,450
ISIC_1421371,dermoscopic,True,True,,600,450
ISIC_1424240,dermoscopic,True,True,,600,450
ISIC_1424339,clinical,True,True,,600,450
ISIC_1424527,dermoscopic,True,True,,600,450
ISIC_1424951,clinical,True,True,,600,450
ISIC_1424974,dermoscopic,True,True,,600,450
ISIC_1425517,clinical,True,True,,600,450
ISIC_1427974,dermoscopic,True,True,,600,450
ISIC_1428490,dermoscopic,True,True,,600,450
ISIC_1428662,clinical,True,True,,600,450
ISIC_1430231,dermoscopic,True,True,,600,450
ISIC_1430481,dermoscopic,True,True,,600,450
ISIC_1431170,clinical,True,True,,600,450
ISIC_1431910,clinical,True,True,,600,450
ISIC_1432182,clinical,True,True,,600,450
ISIC_1432273,clinical,True,True,,600,450
ISIC_1432476,clinical,True,True,,600,450
ISIC_1433868,clinical,True,True,,600,450
ISIC_1435330,clinical,True,True,,600,450
ISIC_1435734,clinical,True,True,,600,450
ISIC_1435896,dermoscopic,True,True,,600,450
ISIC_1435977,dermoscopic,True,True,,600,450
ISIC_1436009,dermoscopic,True,True,,600,450
ISIC_1441039,dermoscopic,True,True,,600,450
ISIC_1441135,clinical,True,True,,600,450
ISIC_1441409,clinical,True,True,,600,450
ISIC_1441997,clinical,True,True,,600,450
ISIC_1442874,clinical,True,True,,600,450
ISIC_1445820,dermoscopic,True,True,,600,450
ISIC_1445991,clinical,True,True,,600,450
ISIC_1446269,dermoscopic,True,True,,600,450
ISIC_1446565,dermoscopic,True,True,,600,450
ISIC_1447403,clinical,True,True,,600,450
ISIC_1447471,clinical,True,True,,600,450
ISIC_1447974,clinical,True,True,,600,450
ISIC_1448081,clinical,True,True,,600,450
ISIC_1448927,clinical,True,True,,600,450
ISIC_1453805,dermoscopic,True,True,,600,450
ISIC_1454751,dermoscopic,True,True,,600,450
ISIC_1455195,clinical,True,True,,600,450
ISIC_1455660,dermoscopic,True,True,,600,450
ISIC_1457973,dermoscopic,True,True,,600,450
ISIC_1460132,dermoscopic,True,True,,600,450
ISIC_1460320,dermoscopic,True,True,,600,450
ISIC_1460872,dermoscopic,True,True,,600,450
ISIC_1462182,dermoscopic,True,True,,600,450
ISIC_1462492,dermoscopic,True,True,,600,450
ISIC_1462656,clinical,True,True,,600,450
ISIC_1464471,dermoscopic,True,True,,600,450
ISIC_1464557,dermoscopic,True,True,,600,450
ISIC_1465068,dermoscopic,True,True,,600,450
ISIC_1465204,dermoscopic,True,True,,600,450
ISIC_1468180,clinical,True,True,,600,450
ISIC_1468332,dermoscopic,True,True,,600,450
ISIC_1468532,clinical,True,True,,600,450
ISIC_1471558,clinical,True,True,,600,450
ISIC_1472142,dermoscopic,True,True,,600,450
ISIC_1472934,dermoscopic,True,True,,600,450
ISIC_1472958,dermoscopic,True,True,,600,450
ISIC_1473683,dermoscopic,True,True,,600,450
ISIC_1473845,clinical,True,True,,600,450
ISIC_1474193,clinical,True,True,,600,450
ISIC_1476780,clinical,True,True,,600,450
ISIC_1476847,clinical,True,True,,600,450
ISIC_1476980,clinical,True,True,,600,450
ISIC_1477042,dermoscopic,True,True,,600,450
ISIC_1477798,dermoscopic,True,True,,600,450
ISIC_1479765,dermoscopic,True,True,,600,450
ISIC_1480200,dermoscopic,True,True,,600,450
ISIC_1481015,clinical,True,True,,600,450
ISIC_1482437,dermoscopic,True,True,,600,450
ISIC_1482636,dermoscopic,True,True,,600,450
ISIC_1482756,clinical,True,True,,600,450
ISIC_1484276,dermoscopic,True,True,,600,450
ISIC_1484722,dermoscopic,True,True,,600,450
ISIC_1485174,dermoscopic,True,True,,600,450
ISIC_1485788,dermoscopic,True,True,,600,450
ISIC_1487636,clinical,True,True,,600,450
ISIC_1490894,dermoscopic,True,True,,600,450
ISIC_1490956,dermoscopic,True,True,,600,450
ISIC_1491798,dermoscopic,True,True,,600,450
ISIC_1492266,clinical,True,True,,600,450
ISIC_1492834,clinical,True,True,,600,450
ISIC_1492844,clinical,True,True,,600,450
ISIC_1494360,clinical,True,True,,600,450
ISIC_1494890,clinical,True,True,,600,450
ISIC_1495576,dermoscopic,True,True,,600,450
ISIC_1496714,clinical,True,True,,600,450
ISIC_1496736,clinical,True,True,,600,450
ISIC_1498519,clinical,True,True,,600,450
ISIC_1498924,clinical,True,True,,600,450
ISIC_1499717,dermoscopic,True,True,,600,450
ISIC_1500076,clinical,True,True,,600,450
ISIC_1500894,clinical,True,True,,600,450
ISIC_1501988,dermoscopic,True,True,,600,450
ISIC_1502467,dermoscopic,True,True,,600,450
ISIC_1502836,dermoscopic,True,True,,600,450
ISIC_1503289,clinical,True,True,,600,450
ISIC_1504106,clinical,True,True,,600,450
ISIC_1504731,clinical,True,True,,600,450
ISIC_1504993,clinical,True,True,,600,450
ISIC_1505022,dermoscopic,True,True,,600,450
ISIC_1505378,dermoscopic,True,True,,600,450
ISIC_1506683,clinical,True,True,,600,450
ISIC_1508418,clinical,True,True,,600,450
ISIC_1509602,clinical,True,True,,600,450
ISIC_1509648,dermoscopic,True,True,,600,450
ISIC_1510512,dermoscopic,True,True,,600,450
ISIC_1512530,dermoscopic,True,True,,600,450
ISIC_1513850,dermoscopic,True,True,,600,450
ISIC_1517003,dermoscopic,True,True,,600,450
ISIC_1518748,dermoscopic,True,True,,600,450
ISIC_1520820,clinical,True,True,,600,450
ISIC_1521786,clinical,True,True,,600,450
ISIC_1525827,clinical,True,True,,600,450
ISIC_1526527,dermoscopic,True,True,,600,450
ISIC_1528651,dermoscopic,True,True,,600,450
ISIC_1529132,dermoscopic,True,True,,600,450
ISIC_1529815,clinical,True,True,,600,450
ISIC_1531730,clinical,True,True,,600,450
ISIC_1532506,dermoscopic,True,True,,600,450
ISIC_1532756,clinical,True,True,,600,450
ISIC_1533060,clinical,True,True,,600,450
ISIC_1533241,clinical,True,True,,600,450
ISIC_1534516,clinical,True,True,,600,450
ISIC_1535158,clinical,True,True,,600,450
ISIC_1536147,clinical,True,True,,600,450
ISIC_1536379,dermoscopic,True,True,,600,450
ISIC_1536385,dermoscopic,True,True,,600,450
ISIC_1536397,dermoscopic,True,True,,600,450
ISIC_1537733,clinical,True,True,,600,450
ISIC_1537765,dermoscopic,True,True,,600,450
ISIC_1537920,clinical,True,True,,600,450
ISIC_1538266,dermoscopic,True,True,,600,450
ISIC_1538553,dermoscopic,True,True,,600,450
ISIC_1539068,clinical,True,True,,600,450
ISIC_1541840,dermoscopic,True,True,,600,450
ISIC_1544622,dermoscopic,True,True,,600,450
ISIC_1545290,dermoscopic,True,True,,600,450
ISIC_1546433,clinical,True,True,,600,450
ISIC_1547758,clinical,True,True,,600,450
ISIC_1548274,dermoscopic,True,True,,600,450
ISIC_1549163,dermoscopic,True,True,,600,450
ISIC_1550198,dermoscopic,True,True,,600,450
ISIC_1552060,dermoscopic,True,True,,600,450
ISIC_1552276,dermoscopic,True,True,,600,450
ISIC_1552944,clinical,True,True,,600,450
ISIC_1556154,dermoscopic,True,True,,600,450
ISIC_1556864,dermoscopic,True,True,,600,450
ISIC_1557842,clinical,True,True,,600,450
ISIC_1557986,dermoscopic,True,True,,600,450
ISIC_1558061,dermoscopic,True,True,,600,450
ISIC_1559307,clinical,True,True,,600,450
ISIC_1560650,clinical,True,True,,600,450
ISIC_1561841,dermoscopic,True,True,,600,450
ISIC_1562789,clinical,True,True,,600,450
ISIC_1564298,dermoscopic,True,True,,600,450
ISIC_1566328,clinical,True,True,,600,450
ISIC_1567381,dermoscopic,True,True,,600,450
ISIC_1568395,clinical,True,True,,600,450
ISIC_1568985,clinical,True,True,,600,450
ISIC_1569303,clinical,True,True,,600,450
ISIC_1569850,dermoscopic,True,True,,600,450
ISIC_1570827,dermoscopic,True,True,,600,450
ISIC_1571056,clinical,True,True,,600,450
ISIC_1571470,dermoscopic,True,True,,600,450
ISIC_1573011,clinical,True,True,,600,450
ISIC_1574997,dermoscopic,True,True,,600,450
ISIC_1575643,clinical,True,True,,600,450
ISIC_1576697,clinical,True,True,,600,450
ISIC_1577177,clinical,True,True,,600,450
ISIC_1579405,dermoscopic,True,True,,600,450
ISIC_1580681,dermoscopic,True,True,,600,450
ISIC_1580971,clinical,True,True,,600,450
ISIC_1581919,dermoscopic,True,True,,600,450
ISIC_1582241,dermoscopic,True,True,,600,450
ISIC_1583880,clinical,True,True,,600,450
ISIC_1584796,clinical,True,True,,600,450
ISIC_1585394,clinical,True,True,,600,450
ISIC_1587160,dermoscopic,True,True,,600,450
ISIC_1587418,dermoscopic,True,True,,600,450
ISIC_1589705,clinical,True,True,,600,450
ISIC_1589936,dermoscopic,True,True,,600,450
ISIC_1590931,dermoscopic,True,True,,600,450
ISIC_1591432,dermoscopic,True,True,,600,450
ISIC_1592625,clinical,True,True,,600,450
ISIC_1592988,dermoscopic,True,True,,600,450
ISIC_1593018,dermoscopic,True,True,,600,450
ISIC_1593041,clinical,True,True,,600,450
ISIC_1593079,clinical,True,True,,600,450
ISIC_1594005,dermoscopic,True,True,,600,450
ISIC_1594200,clinical,True,True,,600,450
ISIC_1594291,dermoscopic,True,True,,600,450
ISIC_1595205,dermoscopic,True,True,,600,450
ISIC_1595455,dermoscopic,True,True,,600,450
ISIC_1597370,clinical,True,True,,600,450
ISIC_1597659,dermoscopic,True,True,,600,450
ISIC_1597752,dermoscopic,True,True,,600,450
ISIC_1598653,clinical,True,True,,600,450
ISIC_1598694,clinical,True,True,,600,450
ISIC_1598799,dermoscopic,True,True,,600,450
ISIC_1599277,clinical,True,True,,600,450
ISIC_1600135,dermoscopic,True,True,,600,450
ISIC_1602215,clinical,True,True,,600,450
ISIC_1602614,dermoscopic,True,True,,600,450
ISIC_1603122,dermoscopic,True,True,,600,450
ISIC_1603737,dermoscopic,True,True,,600,450
ISIC_1603958,dermoscopic,True,True,,600,450
ISIC_1604088,dermoscopic,True,True,,600,450
ISIC_1606234,dermoscopic,True,True,,600,450
ISIC_1606726,dermoscopic,True,True,,600,450
ISIC_1607224,dermoscopic,True,True,,600,450
ISIC_1607500,dermoscopic,True,True,,600,450
ISIC_1607939,clinical,True,True,,600,450
ISIC_1609351,dermoscopic,True,True,,600,450
ISIC_1610084,clinical,True,True,,600,450
ISIC_1610798,clinical,True,True,,600,450
ISIC_1612482,dermoscopic,True,True,,600,450
ISIC_1614480,dermoscopic,True,True,,600,450
ISIC_1615543,clinical,True,True,,600,450
ISIC_1616470,dermoscopic,True,True,,600,450
ISIC_1617856,clinical,True,True,,600,450
ISIC_1618649,clinical,True,True,,600,450
ISIC_1620077,dermoscopic,True,True,,600,450
ISIC_1621625,dermoscopic,True,True,,600,450
ISIC_1621985,clinical,True,True,,600,450
ISIC_1622952,clinical,True,True,,600,450
ISIC_1623104,dermoscopic,True,True,,600,450
ISIC_1623626,clinical,True,True,,600,450
ISIC_1624532,clinical,True,True,,600,450
ISIC_1625882,dermoscopic,True,True,,600,450
ISIC_1627498,dermoscopic,True,True,,600,450
ISIC_1630601,clinical,True,True,,600,450
ISIC_1631620,dermoscopic,True,True,,600,450
ISIC_1631867,clinical,True,True,,600,450
ISIC_1634592,clinical,True,True,,600,450
ISIC_1635697,dermoscopic,True,True,,600,450
ISIC_1636355,dermoscopic,True,True,,600,450
ISIC_1636685,clinical,True,True,,600,450
ISIC_1637550,clinical,True,True,,600,450
ISIC_1639468,dermoscopic,True,True,,600,450
ISIC_1642723,dermoscopic,True,True,,600,450
ISIC_1643848,dermoscopic,True,True,,600,450
ISIC_1644500,clinical,True,True,,600,450
ISIC_1644843,clinical,True,True,,600,450
ISIC_1645642,clinical,True,True,,600,450
ISIC_1646339,dermoscopic,True,True,,600,450
ISIC_1646416,dermoscopic,True,True,,600,450
ISIC_1647421,dermoscopic,True,True,,600,450
ISIC_1647954,clinical,True,True,,600,450
ISIC_1649393,clinical,True,True,,600,450
ISIC_1649481,dermoscopic,True,True,,600,450
ISIC_1649554,dermoscopic,True,True,,600,450
ISIC_1652393,dermoscopic,True,True,,600,450
ISIC_1652809,clinical,True,True,,600,450
ISIC_1653372,dermoscopic,True,True,,600,450
ISIC_1653953,dermoscopic,True,True,,600,450
ISIC_1655136,dermoscopic,True,True,,600,450
ISIC_1656238,clinical,True,True,,600,450
ISIC_1656295,dermoscopic,True,True,,600,450
ISIC_1656419,clinical,True,True,,600,450
ISIC_1657319,dermoscopic,True,True,,600,450
ISIC_1657968,clinical,True,True,,600,450
ISIC_1658137,dermoscopic,True,True,,600,450
ISIC_1658514,clinical,True,True,,600,450
ISIC_1658566,dermoscopic,True,True,,600,450
ISIC_1659815,clinical,True,True,,600,450
ISIC_1660154,clinical,True,True,,600,450
ISIC_1660394,clinical,True,True,,600,450
ISIC_1662993,clinical,True,True,,600,450
ISIC_1663532,dermoscopic,True,True,,600,450
ISIC_1664514,dermoscopic,True,True,,600,450
ISIC_1665727,dermoscopic,True,True,,600,450
ISIC_1666328,dermoscopic,True,True,,600,450
ISIC_1666674,clinical,True,True,,600,450
ISIC_1667014,dermoscopic,True,True,,600,450
ISIC_1668550,dermoscopic,True,True,,600,450
ISIC_1670166,dermoscopic,True,True,,600,450
ISIC_1672301,clinical,True,True,,600,450
ISIC_1673396,dermoscopic,True,True,,600,450
ISIC_1675235,dermoscopic,True,True,,600,450
ISIC_1675475,dermoscopic,True,True,,600,450
ISIC_1675975,dermoscopic,True,True,,600,450
ISIC_1677408,clinical,True,True,,600,450
ISIC_1679185,clinical,True,True,,600,450
ISIC_1679242,clinical,True,True,,600,450
ISIC_1681382,dermoscopic,True,True,,600,450
ISIC_1683911,dermoscopic,True,True,,600,450
ISIC_1683950,dermoscopic,True,True,,600,450
ISIC_1684388,clinical,True,True,,600,450
ISIC_1685767,dermoscopic,True,True,,600,450
ISIC_1686930,clinical,True,True,,600,450
ISIC_1688152,clinical,True,True,,600,450
ISIC_1689464,clinical,True,True,,600,450
ISIC_1689523,dermoscopic,True,True,,600,450
ISIC_1690729,clinical,True,True,,600,450
ISIC_1692214,dermoscopic,True,True,,600,450
ISIC_1693712,dermoscopic,True,True,,600,450
ISIC_1694966,dermoscopic,True,True,,600,450
ISIC_1695711,dermoscopic,True,True,,600,450
ISIC_1698570,clinical,True,True,,600,450
ISIC_1699010,dermoscopic,True,True,,600,450
ISIC_1700566,clinical,True,True,,600,450
ISIC_1700723,clinical,True,True,,600,450
ISIC_1700871,dermoscopic,True,True,,600,450
ISIC_1701846,dermoscopic,True,True,,600,450
ISIC_1701968,dermoscopic,True,True,,600,450
ISIC_1706772,clinical,True,True,,600,450
ISIC_1707452,clinical,True,True,,600,450
ISIC_1708907,dermoscopic,True,True,,600,450
ISIC_1709796,clinical,True,True,,600,450
ISIC_1710948,clinical,True,True,,600,450
ISIC_1711017,clinical,True,True,,600,450
ISIC_1711494,clinical,True,True,,600,450
ISIC_1712861,dermoscopic,True,True,,600,450
ISIC_1714056,clinical,True,True,,600,450
ISIC_1714093,clinical,True,True,,600,450
ISIC_1714713,clinical,True,True,,600,450
ISIC_1714879,dermoscopic,True,True,,600,450
ISIC_1715773,dermoscopic,True,True,,600,450
ISIC_1716731,dermoscopic,True,True,,600,450
ISIC_1718325,clinical,True,True,,600,450
ISIC_1718501,dermoscopic,True,True,,600,450
ISIC_1718630,dermoscopic,True,True,,600,450
ISIC_1718779,dermoscopic,True,True,,600,450
ISIC_1720500,dermoscopic,True,True,,600,450
ISIC_1720538,dermoscopic,True,True,,600,450
ISIC_1721377,clinical,True,True,,600,450
ISIC_1721507,dermoscopic,True,True,,600,450
ISIC_1721747,clinical,True,True,,600,450
ISIC_1722763,clinical,True,True,,600,450
ISIC_1724838,dermoscopic,True,True,,600,450
ISIC_1727258,clinical,True,True,,600,450
ISIC_1727539,clinical,True,True,,600,450
ISIC_1727938,clinical,True,True,,600,450
ISIC_1728615,clinical,True,True,,600,450
ISIC_1729396,dermoscopic,True,True,,600,450
ISIC_1731382,clinical,True,True,,600,450
ISIC_1733416,dermoscopic,True,True,,600,450
ISIC_1733540,clinical,True,True,,600,450
ISIC_1734487,dermoscopic,True,True,,600,450
ISIC_1738259,clinical,True,True,,600,450
ISIC_1738383,dermoscopic,True,True,,600,450
ISIC_1738482,clinical,True,True,,600,450
ISIC_1739633,dermoscopic,True,True,,600,450
ISIC_1739677,clinical,True,True,,600,450
ISIC_1739775,clinical,True,True,,600,450
ISIC_1740662,clinical,True,True,,600,450
ISIC_1740962,dermoscopic,True,True,,600,450
ISIC_1741107,dermoscopic,True,True,,600,450
ISIC_1741197,dermoscopic,True,True,,600,450
ISIC_1741453,dermoscopic,True,True,,600,450
ISIC_1741885,clinical,True,True,,600,450
ISIC_1746893,dermoscopic,True,True,,600,450
ISIC_1747657,clinical,True,True,,600,450
ISIC_1748084,dermoscopic,True,True,,600,450
ISIC_1749046,dermoscopic,True,True,,600,450
ISIC_1749481,dermoscopic,True,True,,600,450
ISIC_1749634,clinical,True,True,,600,450
ISIC_1751483,clinical,True,True,,600,450
ISIC_1751525,clinical,True,True,,600,450
ISIC_1753112,clinical,True,True,,600,450
ISIC_1753599,dermoscopic,True,True,,600,450
ISIC_1756486,dermoscopic,True,True,,600,450
ISIC_1756915,dermoscopic,True,True,,600,450
ISIC_1757189,dermoscopic,True,True,,600,450
ISIC_1757520,clinical,True,True,,600,450
ISIC_1759311,dermoscopic,True,True,,600,450
ISIC_1761597,dermoscopic,True,True,,600,450
ISIC_1762147,dermoscopic,True,True,,600,450
ISIC_1763722,clinical,True,True,,600,450
ISIC_1763947,dermoscopic,True,True,,600,450
ISIC_1764656,dermoscopic,True,True,,600,450
ISIC_1770277,dermoscopic,True,True,,600,450
ISIC_1771077,clinical,True,True,,600,450
ISIC_1771078,clinical,True,True,,600,450
ISIC_1772212,clinical,True,True,,600,450
ISIC_1772876,clinical,True,True,,600,450
ISIC_1773412,clinical,True,True,,600,450
ISIC_1774371,dermoscopic,True,True,,600,450
ISIC_1775540,dermoscopic,True,True,,600,450
ISIC_1779747,clinical,True,True,,600,450
ISIC_1780120,clinical,True,True,,600,450
ISIC_1780213,dermoscopic,True,True,,600,450
ISIC_1784132,clinical,True,True,,600,450
ISIC_1784261,clinical,True,True,,600,450
ISIC_1789556,dermoscopic,True,True,,600,450
ISIC_1791571,clinical,True,True,,600,450
ISIC_1792162,clinical,True,True,,600,450
ISIC_1793316,dermoscopic,True,True,,600,450
ISIC_1794713,dermoscopic,True,True,,600,450
ISIC_1795097,dermoscopic,True,True,,600,450
ISIC_1796015,dermoscopic,True,True,,600,450
ISIC_1797900,dermoscopic,True,True,,600,450
ISIC_1798918,clinical,True,True,,600,450
ISIC_1799338,dermoscopic,True,True,,600,450
ISIC_1799713,clinical,True,True,,600,450
ISIC_1800713,dermoscopic,True,True,,600,450
ISIC_1801591,dermoscopic,True,True,,600,450
ISIC_1801884,clinical,True,True,,600,450
ISIC_1803069,dermoscopic,True,True,,600,450
ISIC_1804844,dermoscopic,True,True,,600,450
ISIC_1805429,dermoscopic,True,True,,600,450
ISIC_1806373,dermoscopic,True,True,,600,450
ISIC_1806435,dermoscopic,True,True,,600,450
ISIC_1807046,clinical,True,True,,600,450
ISIC_1807060,dermoscopic,True,True,,600,450
ISIC_1807722,clinical,True,True,,600,450
ISIC_1808755,clinical,True,True,,600,450
ISIC_1809128,clinical,True,True,,600,450
ISIC_1810342,dermoscopic,True,True,,600,450
ISIC_1812439,clinical,True,True,,600,450
ISIC_1813785,dermoscopic,True,True,,600,450
ISIC_1814482,dermoscopic,True,True,,600,450
ISIC_1815891,dermoscopic,True,True,,600,450
ISIC_1816373,dermoscopic,True,True,,600,450
ISIC_1816648,clinical,True,True,,600,450
ISIC_1816917,dermoscopic,True,True,,600,450
ISIC_1816990,clinical,True,True,,600,450
ISIC_1817453,dermoscopic,True,True,,600,450
ISIC_1817508,dermoscopic,True,True,,600,450
ISIC_1818006,dermoscopic,True,True,,600,450
ISIC_1818377,dermoscopic,True,True,,600,450
ISIC_1818416,dermoscopic,True,True,,600,450
ISIC_1820134,clinical,True,True,,600,450
ISIC_1820380,clinical,True,True,,600,450
ISIC_1821539,dermoscopic,True,True,,600,450
ISIC_1822355,dermoscopic,True,True,,600,450
ISIC_1823276,clinical,True,True,,600,450
ISIC_1825802,clinical,True,True,,600,450
ISIC_1826131,clinical,True,True,,600,450
ISIC_1826258,clinical,True,True,,600,450
ISIC_1826564,dermoscopic,True,True,,600,450
ISIC_1826997,clinical,True,True,,600,450
ISIC_1827820,clinical,True,True,,600,450
ISIC_1828118,clinical,True,True,,600,450
ISIC_1828288,clinical,True,True,,600,450
ISIC_1828351,dermoscopic,True,True,,600,450
ISIC_1828562,dermoscopic,True,True,,600,450
ISIC_1830722,dermoscopic,True,True,,600,450
ISIC_1830925,clinical,True,True,,600,450
ISIC_1831934,dermoscopic,True,True,,600,450
ISIC_1831940,clinical,True,True,,600,450
ISIC_1832093,dermoscopic,True,True,,600,450
ISIC_1832787,dermoscopic,True,True,,600,450
ISIC_1833069,dermoscopic,True,True,,600,450
ISIC_1833277,clinical,True,True,,600,450
ISIC_1837879,dermoscopic,True,True,,600,450
ISIC_1840506,dermoscopic,True,True,,600,450
ISIC_1841456,clinical,True,True,,600,450
ISIC_1841990,clinical,True,True,,600,450
ISIC_1843036,clinical,True,True,,600,450
ISIC_1843399,dermoscopic,True,True,,600,450
ISIC_1844015,dermoscopic,True,True,,600,450
ISIC_1844080,clinical,True,True,,600,450
ISIC_1844525,clinical,True,True,,600,450
ISIC_1844559,dermoscopic,True,True,,600,450
ISIC_1845181,dermoscopic,True,True,,600,450
ISIC_1845537,dermoscopic,True,True,,600,450
ISIC_1845748,clinical,True,True,,600,450
ISIC_1845922,dermoscopic,True,True,,600,450
ISIC_1848204,clinical,True,True,,600,450
ISIC_1849076,clinical,True,True,,600,450
ISIC_1849199,clinical,True,True,,600,450
ISIC_1850255,clinical,True,True,,600,450
ISIC_1853511,clinical,True,True,,600,450
ISIC_1855151,dermoscopic,True,True,,600,450
ISIC_1856136,clinical,True,True,,600,450
ISIC_1858368,clinical,True,True,,600,450
ISIC_1858790,clinical,True,True,,600,450
ISIC_1858857,clinical,True,True,,600,450
ISIC_1859149,clinical,True,True,,600,450
ISIC_1859150,dermoscopic,True,True,,600,450
ISIC_1859155,clinical,True,True,,600,450
ISIC_1859626,dermoscopic,True,True,,600,450
ISIC_1860202,dermoscopic,True,True,,600,450
ISIC_1860926,clinical,True,True,,600,450
ISIC_1861788,dermoscopic,True,True,,600,450
ISIC_1862003,clinical,True,True,,600,450
ISIC_1862304,clinical,True,True,,600,450
ISIC_1862412,clinical,True,True,,600,450
ISIC_1863906,clinical,True,True,,600,450
ISIC_1866476,dermoscopic,True,True,,600,450
ISIC_1867477,clinical,True,True,,600,450
ISIC_1868456,clinical,True,True,,600,450
ISIC_1869252,clinical,True,True,,600,450
ISIC_1874006,clinical,True,True,,600,450
ISIC_1874410,dermoscopic,True,True,,600,450
ISIC_1877271,clinical,True,True,,600,450
ISIC_1881240,dermoscopic,True,True,,600,450
ISIC_1883149,clinical,True,True,,600,450
ISIC_1883913,clinical,True,True,,600,450
ISIC_1884126,dermoscopic,True,True,,600,450
ISIC_1884813,clinical,True,True,,600,450
ISIC_1886909,clinical,True,True,,600,450
ISIC_1887239,dermoscopic,True,True,,600,450
ISIC_1887299,dermoscopic,True,True,,600,450
ISIC_1888829,clinical,True,True,,600,450
ISIC_1889858,clinical,True,True,,600,450
ISIC_1890330,dermoscopic,True,True,,600,450
ISIC_1890998,dermoscopic,True,True,,600,450
ISIC_1891312,dermoscopic,True,True,,600,450
ISIC_1892349,dermoscopic,True,True,,600,450
ISIC_1894495,clinical,True,True,,600,450
ISIC_1894633,dermoscopic,True,True,,600,450
ISIC_1895014,clinical,True,True,,600,450
ISIC_1895300,clinical,True,True,,600,450
ISIC_1895471,dermoscopic,True,True,,600,450
ISIC_1895532,clinical,True,True,,600,450
ISIC_1897052,dermoscopic,True,True,,600,450
ISIC_1897373,clinical,True,True,,600,450
ISIC_1897411,clinical,True,True,,600,450
ISIC_1897923,dermoscopic,True,True,,600,450
ISIC_1899709,clinical,True,True,,600,450
ISIC_1900694,clinical,True,True,,600,450
ISIC_1901212,dermoscopic,True,True,,600,450
ISIC_1901457,dermoscopic,True,True,,600,450
ISIC_1902287,clinical,True,True,,600,450
ISIC_1903516,dermoscopic,True,True,,600,450
ISIC_1904660,clinical,True,True,,600,450
ISIC_1904822,clinical,True,True,,600,450
ISIC_1906798,dermoscopic,True,True,,600,450
ISIC_1906835,dermoscopic,True,True,,600,450
ISIC_1907325,clinical,True,True,,600,450
ISIC_1907930,clinical,True,True,,600,450
ISIC_1908460,clinical,True,True,,600,450
ISIC_1909053,dermoscopic,True,True,,600,450
ISIC_1909122,clinical,True,True,,600,450
ISIC_1909868,dermoscopic,True,True,,600,450
ISIC_1915189,clinical,True,True,,600,450
ISIC_1916169,dermoscopic,True,True,,600,450
ISIC_1916171,clinical,True,True,,600,450
ISIC_1916468,clinical,True,True,,600,450
ISIC_1917329,dermoscopic,True,True,,600,450
ISIC_1919712,clinical,True,True,,600,450
ISIC_1922750,clinical,True,True,,600,450
ISIC_1923268,clinical,True,True,,600,450
ISIC_1923354,dermoscopic,True,True,,600,450
ISIC_1923944,clinical,True,True,,600,450
ISIC_1926542,clinical,True,True,,600,450
ISIC_1926555,dermoscopic,True,True,,600,450
ISIC_1926637,clinical,True,True,,600,450
ISIC_1927934,dermoscopic,True,True,,600,450
ISIC_1928560,dermoscopic,True,True,,600,450
ISIC_1929529,dermoscopic,True,True,,600,450
ISIC_1932617,clinical,True,True,,600,450
ISIC_1932860,clinical,True,True,,600,450
ISIC_1933691,clinical,True,True,,600,450
ISIC_1934403,clinical,True,True,,600,450
ISIC_1936494,clinical,True,True,,600,450
ISIC_1936960,clinical,True,True,,600,450
ISIC_1937581,dermoscopic,True,True,,600,450
ISIC_1938725,clinical,True,True,,600,450
ISIC_1938835,dermoscopic,True,True,,600,450
ISIC_1940214,dermoscopic,True,True,,600,450
ISIC_1940714,dermoscopic,True,True,,600,450
ISIC_1942928,dermoscopic,True,True,,600,450
ISIC_1942943,clinical,True,True,,600,450
ISIC_1943368,clinical,True,True,,600,450
ISIC_1943932,clinical,True,True,,600,450
ISIC_1947192,dermoscopic,True,True,,600,450
ISIC_1947250,clinical,True,True,,600,450
ISIC_1948728,dermoscopic,True,True,,600,450
ISIC_1948930,clinical,True,True,,600,450
ISIC_1949396,clinical,True,True,,600,450
ISIC_1949643,dermoscopic,True,True,,600,450
ISIC_1950578,clinical,True,True,,600,450
ISIC_1950997,dermoscopic,True,True,,600,450
ISIC_1951029,clinical,True,True,,600,450
ISIC_1952689,clinical,True,True,,600,450
ISIC_1953687,dermoscopic,True,True,,600,450
ISIC_1954444,dermoscopic,True,True,,600,450
ISIC_1954450,dermoscopic,True,True,,600,450
ISIC_1955839,clinical,True,True,,600,450
ISIC_1955962,dermoscopic,True,True,,600,450
ISIC_1957687,clinical,True,True,,600,450
ISIC_1958596,clinical,True,True,,600,450
ISIC_1958652,clinical,True,True,,600,450
ISIC_1958859,dermoscopic,True,True,,600,450
ISIC_1958975,clinical,True,True,,600,450
ISIC_1959902,dermoscopic,True,True,,600,450
ISIC_1960660,dermoscopic,True,True,,600,450
ISIC_1961429,clinical,True,True,,600,450
ISIC_1961823,clinical,True,True,,600,450
ISIC_1962329,dermoscopic,True,True,,600,450
ISIC_1963504,clinical,True,True,,600,450
ISIC_1963610,dermoscopic,True,True,,600,450
ISIC_1964200,dermoscopic,True,True,,600,450
ISIC_1966383,dermoscopic,True,True,,600,450
ISIC_1967763,clinical,True,True,,600,450
ISIC_1967830,dermoscopic,True,True,,600,450
ISIC_1969306,dermoscopic,True,True,,600,450
ISIC_1970255,dermoscopic,True,True,,600,450
ISIC_1970706,dermoscopic,True,True,,600,450
ISIC_1970988,dermoscopic,True,True,,600,450
ISIC_1971219,clinical,True,True,,600,450
ISIC_1972798,dermoscopic,True,True,,600,450
ISIC_1973292,clinical,True,True,,600,450
ISIC_1974672,clinical,True,True,,600,450
ISIC_1975493,dermoscopic,True,True,,600,450
ISIC_1977334,clinical,True,True,,600,450
ISIC_1978418,dermoscopic,True,True,,600,450
ISIC_1979828,clinical,True,True,,600,450
ISIC_1980584,dermoscopic,True,True,,600,450
ISIC_1982635,dermoscopic,True,True,,600,450
ISIC_1983761,dermoscopic,True,True,,600,450
ISIC_1984602,dermoscopic,True,True,,600,450
ISIC_1985350,clinical,True,True,,600,450
ISIC_1986655,dermoscopic,True,True,,600,450
ISIC_1987185,dermoscopic,True,True,,600,450
ISIC_1989317,clinical,True,True,,600,450
ISIC_1990181,clinical,True,True,,600,450
ISIC_1990401,clinical,True,True,,600,450
ISIC_1990436,dermoscopic,True,True,,600,450
ISIC_1990622,dermoscopic,True,True,,600,450
ISIC_1991989,dermoscopic,True,True,,600,450
ISIC_1992710,dermoscopic,True,True,,600,450
ISIC_1992759,dermoscopic,True,True,,600,450
ISIC_1992999,clinical,True,True,,600,450
ISIC_1993005,dermoscopic,True,True,,600,450
ISIC_1994166,dermoscopic,True,True,,600,450
ISIC_1994938,clinical,True,True,,600,450
ISIC_1996268,clinical,True,True,,600,450
ISIC_1996485,dermoscopic,True,True,,600,450
ISIC_1997944,clinical,True,True,,600,450
ISIC_1997951,dermoscopic,True,True,,600,450
ISIC_1998166,dermoscopic,True,True,,600,450
ISIC_1999040,clinical,True,True,,600,450
ISIC_1999475,dermoscopic,True,True,,600,450
ISIC_1999632,dermoscopic,True,True,,600,450
ISIC_1999829,dermoscopic,True,True,,600,450
ISIC_2000821,dermoscopic,True,True,,600,450
ISIC_2001011,clinical,True,True,,600,450
ISIC_2001195,dermoscopic,True,True,,600,450
ISIC_2001379,dermoscopic,True,True,,600,450
ISIC_2005096,clinical,True,True,,600,450
ISIC_2005939,clinical,True,True,,600,450
ISIC_2006744,clinical,True,True,,600,450
ISIC_2006791,clinical,True,True,,600,450
ISIC_2011159,dermoscopic,True,True,,600,450
ISIC_2011736,clinical,True,True,,600,450
ISIC_2012204,clinical,True,True,,600,450
ISIC_2013192,dermoscopic,True,True,,600,450
ISIC_2013889,clinical,True,True,,600,450
ISIC_2014762,clinical,True,True,,600,450
ISIC_2014865,dermoscopic,True,True,,600,450
ISIC_2014930,clinical,True,True,,600,450
ISIC_2015391,clinical,True,True,,600,450
ISIC_2015432,clinical,True,True,,600,450
ISIC_2016658,clinical,True,True,,600,450
ISIC_2019971,clinical,True,True,,600,450
ISIC_2020122,dermoscopic,True,True,,600,450
ISIC_2020398,dermoscopic,True,True,,600,450
ISIC_2020975,dermoscopic,True,True,,600,450
ISIC_2021070,dermoscopic,True,True,,600,450
ISIC_2021937,clinical,True,True,,600,450
ISIC_2022315,dermoscopic,True,True,,600,450
ISIC_2022573,clinical,True,True,,600,450
ISIC_2023313,dermoscopic,True,True,,600,450
ISIC_2023729,clinical,True,True,,600,450
ISIC_2024217,dermoscopic,True,True,,600,450
ISIC_2025072,clinical,True,True,,600,450
ISIC_2025477,clinical,True,True,,600,450
ISIC_2025971,dermoscopic,True,True,,600,450
ISIC_2026805,clinical,True,True,,600,450
ISIC_2026823,clinical,True,True,,600,450
ISIC_2027374,dermoscopic,True,True,,600,450
ISIC_2028614,clinical,True,True,,600,450
ISIC_2029702,dermoscopic,True,True,,600,450
ISIC_2030005,dermoscopic,True,True,,600,450
ISIC_2030190,clinical,True,True,,600,450
ISIC_2031105,dermoscopic,True,True,,600,450
ISIC_2031186,clinical,True,True,,600,450
ISIC_2031349,dermoscopic,True,True,,600,450
ISIC_2033119,clinical,True,True,,600,450
ISIC_2033309,clinical,True,True,,600,450
ISIC_2035169,dermoscopic,True,True,,600,450
ISIC_2036187,clinical,True,True,,600,450
ISIC_2036689,dermoscopic,True,True,,600,450
ISIC_2036804,dermoscopic,True,True,,600,450
ISIC_2036909,dermoscopic,True,True,,600,450
ISIC_2038683,clinical,True,True,,600,450
ISIC_2038875,dermoscopic,True,True,,600,450
ISIC_2039556,dermoscopic,True,True,,600,450
ISIC_2040238,clinical,True,True,,600,450
ISIC_2041668,clinical,True,True,,600,450
ISIC_2044054,clinical,True,True,,600,450
ISIC_2046323,dermoscopic,True,True,,600,450
ISIC_2048164,dermoscopic,True,True,,600,450
ISIC_2048857,dermoscopic,True,True,,600,450
ISIC_2049002,dermoscopic,True,True,,600,450
ISIC_2049806,dermoscopic,True,True,,600,450
ISIC_2052135,clinical,True,True,,600,450
ISIC_2054135,dermoscopic,True,True,,600,450
ISIC_2054940,dermoscopic,True,True,,600,450
ISIC_2054960,dermoscopic,True,True,,600,450
ISIC_2055021,clinical,True,True,,600,450
ISIC_2056292,clinical,True,True,,600,450
ISIC_2056374,dermoscopic,True,True,,600,450
ISIC_2057570,clinical,True,True,,600,450
ISIC_2059259,dermoscopic,True,True,,600,450
ISIC_2059897,clinical,True,True,,600,450
ISIC_2060638,clinical,True,True,,600,450
ISIC_2061756,dermoscopic,True,True,,600,450
ISIC_2062148,dermoscopic,True,True,,600,450
ISIC_2062505,dermoscopic,True,True,,600,450
ISIC_2062545,clinical,True,True,,600,450
ISIC_2064223,clinical,True,True,,600,450
ISIC_2068038,dermoscopic,True,True,,600,450
ISIC_2070258,clinical,True,True,,600,450
ISIC_2070457,clinical,True,True,,600,450
ISIC_2072027,clinical,True,True,,600,450
ISIC_2075270,clinical,True,True,,600,450
ISIC_2076601,clinical,True,True,,600,450
ISIC_2077819,clinical,True,True,,600,450
ISIC_2078396,dermoscopic,True,True,,600,450
ISIC_2078548,clinical,True,True,,600,450
ISIC_2078663,clinical,True,True,,600,450
ISIC_2080317,clinical,True,True,,600,450
ISIC_2080755,dermoscopic,True,True,,600,450
ISIC_2083558,clinical,True,True,,600,450
ISIC_2083813,clinical,True,True,,600,450
ISIC_2084154,dermoscopic,True,True,,600,450
ISIC_2084190,dermoscopic,True,True,,600,450
ISIC_2084498,clinical,True,True,,600,450
ISIC_2085484,clinical,True,True,,600,450
ISIC_2086625,dermoscopic,True,True,,600,450
ISIC_2087207,dermoscopic,True,True,,600,450
ISIC_2087722,dermoscopic,True,True,,600,450
ISIC_2088161,clinical,True,True,,600,450
ISIC_2088540,dermoscopic,True,True,,600,450
ISIC_2088803,dermoscopic,True,True,,600,450
ISIC_2089740,clinical,True,True,,600,450
ISIC_2090799,dermoscopic,True,True,,600,450
ISIC_2090929,dermoscopic,True,True,,600,450
ISIC_2091010,clinical,True,True,,600,450
ISIC_2091809,clinical,True,True,,600,450
ISIC_2093474,dermoscopic,True,True,,600,450
ISIC_2093581,clinical,True,True,,600,450
ISIC_2093906,dermoscopic,True,True,,600,450
ISIC_2094021,dermoscopic,True,True,,600,450
ISIC_2094159,clinical,True,True,,600,450
ISIC_2094944,dermoscopic,True,True,,600,450
ISIC_2097701,dermoscopic,True,True,,600,450
ISIC_2098382,dermoscopic,True,True,,600,450
ISIC_2099638,clinical,True,True,,600,450
ISIC_2100652,dermoscopic,True,True,,600,450
ISIC_2100757,dermoscopic,True,True,,600,450
ISIC_2100961,dermoscopic,True,True,,600,450
ISIC_2102002,dermoscopic,True,True,,600,450
ISIC_2104270,clinical,True,True,,600,450
ISIC_2105399,clinical,True,True,,600,450
ISIC_2106139,dermoscopic,True,True,,600,450
ISIC_2106664,dermoscopic,True,True,,600,450
ISIC_2106983,dermoscopic,True,True,,600,450
ISIC_2108278,clinical,True,True,,600,450
ISIC_2110451,dermoscopic,True,True,,600,450
ISIC_2110641,clinical,True,True,,600,450
ISIC_2111264,clinical,True,True,,600,450
ISIC_2113163,clinical,True,True,,600,450
ISIC_2114322,clinical,True,True,,600,450
ISIC_2114789,clinical,True,True,,600,450
ISIC_2116783,dermoscopic,True,True,,600,450
ISIC_2118149,clinical,True,True,,600,450
ISIC_2118620,dermoscopic,True,True,,600,450
ISIC_2118898,clinical,True,True,,600,450
ISIC_2119364,dermoscopic,True,True,,600,450
ISIC_2119936,dermoscopic,True,True,,600,450
ISIC_2120680,clinical,True,True,,600,450
ISIC_2120971,dermoscopic,True,True,,600,450
ISIC_2121573,clinical,True,True,,600,450
ISIC_2122406,clinical,True,True,,600,450
ISIC_2122704,dermoscopic,True,True,,600,450
ISIC_2122841,dermoscopic,True,True,,600,450
ISIC_2123542,clinical,True,True,,600,450
ISIC_2124339,clinical,True,True,,600,450
ISIC_2126637,dermoscopic,True,True,,600,450
ISIC_2127182,clinical,True,True,,600,450
ISIC_2127883,dermoscopic,True,True,,600,450
ISIC_2128019,dermoscopic,True,True,,600,450
ISIC_2128070,dermoscopic,True,True,,600,450
ISIC_2129613,dermoscopic,True,True,,600,450
ISIC_2131769,dermoscopic,True,True,,600,450
ISIC_2132224,clinical,True,True,,600,450
ISIC_2132766,dermoscopic,True,True,,600,450
ISIC_2133291,clinical,True,True,,600,450
ISIC_2134211,dermoscopic,True,True,,600,450
ISIC_2134793,clinical,True,True,,600,450
ISIC_2137894,clinical,True,True,,600,450
ISIC_2144270,dermoscopic,True,True,,600,450
ISIC_2146381,dermoscopic,True,True,,600,450
ISIC_2146757,dermoscopic,True,True,,600,450
ISIC_2148280,clinical,True,True,,600,450
ISIC_2148749,clinical,True,True,,600,450
ISIC_2148940,clinical,True,True,,600,450
ISIC_2149064,dermoscopic,True,True,,600,450
ISIC_2149284,clinical,True,True,,600,450
ISIC_2150126,clinical,True,True,,600,450
ISIC_2150484,clinical,True,True,,600,450
ISIC_2153011,dermoscopic,True,True,,600,450
ISIC_2153022,clinical,True,True,,600,450
ISIC_2153383,clinical,True,True,,600,450
ISIC_2156383,dermoscopic,True,True,,600,450
ISIC_2156824,clinical,True,True,,600,450
ISIC_2160112,clinical,True,True,,600,450
ISIC_2160854,dermoscopic,True,True,,600,450
ISIC_2161258,clinical,True,True,,600,450
ISIC_2161394,dermoscopic,True,True,,600,450
ISIC_2162606,dermoscopic,True,True,,600,450
ISIC_2163581,clinical,True,True,,600,450
ISIC_2164186,clinical,True,True,,600,450
ISIC_2164257,clinical,True,True,,600,450
ISIC_2164571,dermoscopic,True,True,,600,450
ISIC_2167116,clinical,True,True,,600,450
ISIC_2167653,dermoscopic,True,True,,600,450
ISIC_2167765,clinical,True,True,,600,450
ISIC_2168892,dermoscopic,True,True,,600,450
ISIC_2170617,dermoscopic,True,True,,600,450
ISIC_2171027,dermoscopic,True,True,,600,450
ISIC_2174727,dermoscopic,True,True,,600,450
ISIC_2175735,dermoscopic,True,True,,600,450
ISIC_2175811,dermoscopic,True,True,,600,450
ISIC_2176321,clinical,True,True,,600,450
ISIC_2177016,clinical,True,True,,600,450
ISIC_2178421,dermoscopic,True,True,,600,450
ISIC_2179705,dermoscopic,True,True,,600,450
ISIC_2180502,clinical,True,True,,600,450
ISIC_2181342,dermoscopic,True,True,,600,450
ISIC_2181594,dermoscopic,True,True,,600,450
ISIC_2183361,dermoscopic,True,True,,600,450
ISIC_2183795,dermoscopic,True,True,,600,450
ISIC_2183840,clinical,True,True,,600,450
ISIC_2184033,clinical,True,True,,600,450
ISIC_2184268,dermoscopic,True,True,,600,450
ISIC_2184629,clinical,True,True,,600,450
ISIC_2185560,clinical,True,True,,600,450
ISIC_2187177,clinical,True,True,,600,450
ISIC_2187348,dermoscopic,True,True,,600,450
ISIC_2187542,clinical,True,True,,600,450
ISIC_2188105,clinical,True,True,,600,450
ISIC_2188127,clinical,True,True,,600,450
ISIC_2188650,clinical,True,True,,600,450
ISIC_2190119,dermoscopic,True,True,,600,450
ISIC_2193524,dermoscopic,True,True,,600,450
ISIC_2194194,clinical,True,True,,600,450
ISIC_2194211,clinical,True,True,,600,450
ISIC_2195775,dermoscopic,True,True,,600,450
ISIC_2196622,clinical,True,True,,600,450
ISIC_2199762,dermoscopic,True,True,,600,450
ISIC_2199778,clinical,True,True,,600,450
ISIC_2200184,clinical,True,True,,600,450
ISIC_2202352,dermoscopic,True,True,,600,450
ISIC_2202519,dermoscopic,True,True,,600,450
ISIC_2202736,dermoscopic,True,True,,600,450
ISIC_2204119,dermoscopic,True,True,,600,450
ISIC_2204145,clinical,True,True,,600,450
ISIC_2205154,dermoscopic,True,True,,600,450
ISIC_2205187,dermoscopic,True,True,,600,450
ISIC_2205902,dermoscopic,True,True,,600,450
ISIC_2209183,dermoscopic,True,True,,600,450
ISIC_2211437,clinical,True,True,,600,450
ISIC_2211674,dermoscopic,True,True,,600,450
ISIC_2212095,dermoscopic,True,True,,600,450
ISIC_2212859,clinical,True,True,,600,450
ISIC_2212922,dermoscopic,True,True,,600,450
ISIC_2213095,clinical,True,True,,600,450
ISIC_2214376,dermoscopic,True,True,,600,450
ISIC_2214683,clinical,True,True,,600,450
ISIC_2214696,clinical,True,True,,600,450
ISIC_2214827,clinical,True,True,,600,450
ISIC_2215299,dermoscopic,True,True,,600,450
ISIC_2215472,dermoscopic,True,True,,600,450
ISIC_2215653,dermoscopic,True,True,,600,450
ISIC_2216126,dermoscopic,True,True,,600,450
ISIC_2217722,clinical,True,True,,600,450
ISIC_2220505,dermoscopic,True,True,,600,450
ISIC_2221157,clinical,True,True,,600,450
ISIC_2222084,dermoscopic,True,True,,600,450
ISIC_2222551,clinical,True,True,,600,450
ISIC_2223344,clinical,True,True,,600,450
ISIC_2224879,clinical,True,True,,600,450
ISIC_2225323,clinical,True,True,,600,450
ISIC_2226952,clinical,True,True,,600,450
ISIC_2226996,clinical,True,True,,600,450
ISIC_2228341,dermoscopic,True,True,,600,450
ISIC_2228525,clinical,True,True,,600,450
ISIC_2230113,clinical,True,True,,600,450
ISIC_2230159,dermoscopic,True,True,,600,450
ISIC_2231359,dermoscopic,True,True,,600,450
ISIC_2231864,dermoscopic,True,True,,600,450
ISIC_2232926,dermoscopic,True,True,,600,450
ISIC_2233726,clinical,True,True,,600,450
ISIC_2233787,clinical,True,True,,600,450
ISIC_2233970,clinical,True,True,,600,450
ISIC_2235918,dermoscopic,True,True,,600,450
ISIC_2235964,clinical,True,True,,600,450
ISIC_2236717,clinical,True,True,,600,450
ISIC_2237025,dermoscopic,True,True,,600,450
ISIC_2239440,clinical,True,True,,600,450
ISIC_2240330,dermoscopic,True,True,,600,450
ISIC_2240444,clinical,True,True,,600,450
ISIC_2240759,dermoscopic,True,True,,600,450
ISIC_2241043,clinical,True,True,,600,450
ISIC_2243897,clinical,True,True,,600,450
ISIC_2244475,clinical,True,True,,600,450
ISIC_2245518,dermoscopic,True,True,,600,450
ISIC_2246301,clinical,True,True,,600,450
ISIC_2247564,dermoscopic,True,True,,600,450
ISIC_2248270,clinical,True,True,,600,450
ISIC_2252215,dermoscopic,True,True,,600,450
ISIC_2252587,dermoscopic,True,True,,600,450
ISIC_2255098,dermoscopic,True,True,,600,450
ISIC_2258441,clinical,True,True,,600,450
ISIC_2258930,dermoscopic,True,True,,600,450
ISIC_2259826,dermoscopic,True,True,,600,450
ISIC_2260553,clinical,True,True,,600,450
ISIC_2260865,dermoscopic,True,True,,600,450
ISIC_2260901,dermoscopic,True,True,,600,450
ISIC_2260950,clinical,True,True,,600,450
ISIC_2264421,dermoscopic,True,True,,600,450
ISIC_2266613,clinical,True,True,,600,450
ISIC_2267440,dermoscopic,True,True,,600,450
ISIC_2267815,clinical,True,True,,600,450
ISIC_2268118,dermoscopic,True,True,,600,450
ISIC_2271068,clinical,True,True,,600,450
ISIC_2271317,clinical,True,True,,600,450
ISIC_2272478,dermoscopic,True,True,,600,450
ISIC_2273572,dermoscopic,True,True,,600,450
ISIC_2273629,clinical,True,True,,600,450
ISIC_2276012,clinical,True,True,,600,450
ISIC_2277053,clinical,True,True,,600,450
ISIC_2277641,clinical,True,True,,600,450
ISIC_2278278,clinical,True,True,,600,450
ISIC_2281577,clinical,True,True,,600,450
ISIC_2282699,dermoscopic,True,True,,600,450
ISIC_2283574,dermoscopic,True,True,,600,450
ISIC_2283635,dermoscopic,True,True,,600,450
ISIC_2284196,dermoscopic,True,True,,600,450
ISIC_2284535,clinical,True,True,,600,450
ISIC_2286311,clinical,True,True,,600,450
ISIC_2288132,clinical,True,True,,600,450
ISIC_2288200,dermoscopic,True,True,,600,450
ISIC_2288348,dermoscopic,True,True,,600,450
ISIC_2288726,dermoscopic,True,True,,600,450
ISIC_2288878,clinical,True,True,,600,450
ISIC_2288953,clinical,True,True,,600,450
ISIC_2289203,dermoscopic,True,True,,600,450
ISIC_2292844,clinical,True,True,,600,450
ISIC_2293465,clinical,True,True,,600,450
ISIC_2293783,clinical,True,True,,600,450
ISIC_2298923,dermoscopic,True,True,,600,450
ISIC_2299814,clinical,True,True,,600,450
ISIC_2301560,clinical,True,True,,600,450
ISIC_2302262,dermoscopic,True,True,,600,450
ISIC_2302491,dermoscopic,True,True,,600,450
ISIC_2304241,dermoscopic,True,True,,600,450
ISIC_2304487,clinical,True,True,,600,450
ISIC_2304788,clinical,True,True,,600,450
ISIC_2305246,dermoscopic,True,True,,600,450
ISIC_2305541,dermoscopic,True,True,,600,450
ISIC_2306278,dermoscopic,True,True,,600,450
ISIC_2307453,dermoscopic,True,True,,600,450
ISIC_2307898,clinical,True,True,,600,450
ISIC_2307999,clinical,True,True,,600,450
ISIC_2308076,clinical,True,True,,600,450
ISIC_2308599,dermoscopic,True,True,,600,450
ISIC_2309647,dermoscopic,True,True,,600,450
ISIC_2311853,dermoscopic,True,True,,600,450
ISIC_2311991,dermoscopic,True,True,,600,450
ISIC_2312468,dermoscopic,True,True,,600,450
ISIC_2313224,clinical,True,True,,600,450
ISIC_2314639,clinical,True,True,,600,450
ISIC_2314682,dermoscopic,True,True,,600,450
ISIC_2314908,clinical,True,True,,600,450
ISIC_2315875,clinical,True,True,,600,450
ISIC_2319242,dermoscopic,True,True,,600,450
ISIC_2320042,dermoscopic,True,True,,600,450
ISIC_2320067,clinical,True,True,,600,450
ISIC_2320348,dermoscopic,True,True,,600,450
ISIC_2320596,clinical,True,True,,600,450
ISIC_2320914,dermoscopic,True,True,,600,450
ISIC_2321009,dermoscopic,True,True,,600,450
ISIC_2322021,clinical,True,True,,600,450
ISIC_2322494,dermoscopic,True,True,,600,450
ISIC_2323046,clinical,True,True,,600,450
ISIC_2323653,dermoscopic,True,True,,600,450
ISIC_2323901,dermoscopic,True,True,,600,450
ISIC_2324630,dermoscopic,True,True,,600,450
ISIC_2324691,dermoscopic,True,True,,600,450
ISIC_2324920,dermoscopic,True,True,,600,450
ISIC_2325423,clinical,True,True,,600,450
ISIC_2328093,dermoscopic,True,True,,600,450
ISIC_2328520,dermoscopic,True,True,,600,450
ISIC_2329035,dermoscopic,True,True,,600,450
ISIC_2330431,clinical,True,True,,600,450
ISIC_2330723,clinical,True,True,,600,450
ISIC_2332226,clinical,True,True,,600,450
ISIC_2332805,clinical,True,True,,600,450
ISIC_2333635,clinical,True,True,,600,450
ISIC_2334810,dermoscopic,True,True,,600,450
ISIC_2334974,dermoscopic,True,True,,600,450
ISIC_2335013,dermoscopic,True,True,,600,450
ISIC_2335025,dermoscopic,True,True,,600,450
ISIC_2336223,clinical,True,True,,600,450
ISIC_2336235,dermoscopic,True,True,,600,450
ISIC_2337700,dermoscopic,True,True,,600,450
ISIC_2337998,dermoscopic,True,True,,600,450
ISIC_2338396,clinical,True,True,,600,450
ISIC_2338734,clinical,True,True,,600,450
ISIC_2340328,clinical,True,True,,600,450
ISIC_2340494,dermoscopic,True,True,,600,450
ISIC_2340822,clinical,True,True,,600,450
ISIC_2340945,dermoscopic,True,True,,600,450
ISIC_2343149,clinical,True,True,,600,450
ISIC_2343962,clinical,True,True,,600,450
ISIC_2344703,clinical,True,True,,600,450
ISIC_2345535,clinical,True,True,,600,450
ISIC_2346201,clinical,True,True,,600,450
ISIC_2346672,clinical,True,True,,600,450
ISIC_2348044,clinical,True,True,,600,450
ISIC_2348795,dermoscopic,True,True,,600,450
ISIC_2350590,clinical,True,True,,600,450
ISIC_2352071,dermoscopic,True,True,,600,450
ISIC_2352288,dermoscopic,True,True,,600,450
ISIC_2353418,dermoscopic,True,True,,600,450
ISIC_2353638,dermoscopic,True,True,,600,450
ISIC_2354975,dermoscopic,True,True,,600,450
ISIC_2355114,dermoscopic,True,True,,600,450
ISIC_2357212,clinical,True,True,,600,450
ISIC_2359312,clinical,True,True,,600,450
ISIC_2359396,clinical,True,True,,600,450
ISIC_2360770,clinical,True,True,,600,450
ISIC_2361193,clinical,True,True,,600,450
ISIC_2362668,clinical,True,True,,600,450
ISIC_2365922,clinical,True,True,,600,450
ISIC_2366596,dermoscopic,True,True,,600,450
ISIC_2368224,clinical,True,True,,600,450
ISIC_2368450,dermoscopic,True,True,,600,450
ISIC_2368759,clinical,True,True,,600,450
ISIC_2368856,clinical,True,True,,600,450
ISIC_2370968,dermoscopic,True,True,,600,450
ISIC_2371823,clinical,True,True,,600,450
ISIC_2372269,dermoscopic,True,True,,600,450
ISIC_2372341,dermoscopic,True,True,,600,450
ISIC_2372470,dermoscopic,True,True,,600,450
ISIC_2374466,dermoscopic,True,True,,600,450
ISIC_2375503,clinical,True,True,,600,450
ISIC_2376778,clinical,True,True,,600,450
ISIC_2376821,dermoscopic,True,True,,600,450
ISIC_2376934,dermoscopic,True,True,,600,450
ISIC_2377324,dermoscopic,True,True,,600,450
ISIC_2378355,clinical,True,True,,600,450
ISIC_2378626,dermoscopic,True,True,,600,450
ISIC_2378919,dermoscopic,True,True,,600,450
ISIC_2380041,dermoscopic,True,True,,600,450
ISIC_2380836,clinical,True,True,,600,450
ISIC_2383380,dermoscopic,True,True,,600,450
ISIC_2384908,clinical,True,True,,600,450
ISIC_2384953,dermoscopic,True,True,,600,450
ISIC_2387540,dermoscopic,True,True,,600,450
ISIC_2388998,clinical,True,True,,600,450
ISIC_2391545,dermoscopic,True,True,,600,450
ISIC_2392847,clinical,True,True,,600,450
ISIC_2393561,dermoscopic,True,True,,600,450
ISIC_2395293,clinical,True,True,,600,450
ISIC_2396618,clinical,True,True,,600,450
ISIC_2397388,clinical,True,True,,600,450
ISIC_2399021,dermoscopic,True,True,,600,450
ISIC_2400614,clinical,True,True,,600,450
ISIC_2405387,clinical,True,True,,600,450
ISIC_2407507,clinical,True,True,,600,450
ISIC_2408893,clinical,True,True,,600,450
ISIC_2409346,dermoscopic,True,True,,600,450
ISIC_2410311,dermoscopic,True,True,,600,450
ISIC_2410425,clinical,True,True,,600,450
ISIC_2410902,dermoscopic,True,True,,600,450
ISIC_2412335,clinical,True,True,,600,450
ISIC_2414850,clinical,True,True,,600,450
ISIC_2414931,clinical,True,True,,600,450
ISIC_2415100,clinical,True,True,,600,450
ISIC_2415211,clinical,True,True,,600,450
ISIC_2415589,dermoscopic,True,True,,600,450
ISIC_2417592,dermoscopic,True,True,,600,450
ISIC_2418437,dermoscopic,True,True,,600,450
ISIC_2418674,dermoscopic,True,True,,600,450
ISIC_2419039,dermoscopic,True,True,,600,450
ISIC_2419780,clinical,True,True,,600,450
ISIC_2420699,clinical,True,True,,600,450
ISIC_2422166,dermoscopic,True,True,,600,450
ISIC_2424286,clinical,True,True,,600,450
ISIC_2424786,clinical,True,True,,600,450
ISIC_2425477,clinical,True,True,,600,450
ISIC_2425838,clinical,True,True,,600,450
ISIC_2426257,dermoscopic,True,True,,600,450
ISIC_2426618,clinical,True,True,,600,450
ISIC_2427256,dermoscopic,True,True,,600,450
ISIC_2427847,clinical,True,True,,600,450
ISIC_2429951,clinical,True,True,,600,450
ISIC_2431328,clinical,True,True,,600,450
ISIC_2431538,dermoscopic,True,True,,600,450
ISIC_2432981,dermoscopic,True,True,,600,450
ISIC_2434031,dermoscopic,True,True,,600,450
ISIC_2437084,dermoscopic,True,True,,600,450
ISIC_2437960,clinical,True,True,,600,450
ISIC_2439000,clinical,True,True,,600,450
ISIC_2439277,clinical,True,True,,600,450
ISIC_2439944,clinical,True,True,,600,450
ISIC_2440553,clinical,True,True,,600,450
ISIC_2440983,dermoscopic,True,True,,600,450
ISIC_2441019,dermoscopic,True,True,,600,450
ISIC_2443095,clinical,True,True,,600,450
ISIC_2443273,clinical,True,True,,600,450
ISIC_2443446,clinical,True,True,,600,450
ISIC_2444876,clinical,True,True,,600,450
ISIC_2445691,clinical,True,True,,600,450
ISIC_2446716,clinical,True,True,,600,450
ISIC_2446922,clinical,True,True,,600,450
ISIC_2447346,clinical,True,True,,600,450
ISIC_2449691,dermoscopic,True,True,,600,450
ISIC_2449826,clinical,True,True,,600,450
ISIC_2451051,clinical,True,True,,600,450
ISIC_2453345,clinical,True,True,,600,450
ISIC_2453582,clinical,True,True,,600,450
ISIC_2453811,clinical,True,True,,600,450
ISIC_2454008,clinical,True,True,,600,450
ISIC_2455305,clinical,True,True,,600,450
ISIC_2455816,clinical,True,True,,600,450
ISIC_2456679,dermoscopic,True,True,,600,450
ISIC_2457583,dermoscopic,True,True,,600,450
ISIC_2458155,clinical,True,True,,600,450
ISIC_2458475,clinical,True,True,,600,450
ISIC_2459161,dermoscopic,True,True,,600,450
ISIC_2459668,dermoscopic,True,True,,600,450
ISIC_2462068,clinical,True,True,,600,450
ISIC_2463268,clinical,True,True,,600,450
ISIC_2464882,dermoscopic,True,True,,600,450
ISIC_2464952,dermoscopic,True,True,,600,450
ISIC_2465599,dermoscopic,True,True,,600,450
ISIC_2465614,dermoscopic,True,True,,600,450
ISIC_2467349,dermoscopic,True,True,,600,450
ISIC_2467581,clinical,True,True,,600,450
ISIC_2469277,clinical,True,True,,600,450
ISIC_2470660,dermoscopic,True,True,,600,450
ISIC_2471655,dermoscopic,True,True,,600,450
ISIC_2471885,dermoscopic,True,True,,600,450
ISIC_2472012,dermoscopic,True,True,,600,450
ISIC_2473287,clinical,True,True,,600,450
ISIC_2473856,dermoscopic,True,True,,600,450
ISIC_2475585,clinical,True,True,,600,450
ISIC_2475721,clinical,True,True,,600,450
ISIC_2475811,dermoscopic,True,True,,600,450
ISIC_2478957,dermoscopic,True,True,,600,450
ISIC_2481301,clinical,True,True,,600,450
ISIC_2481693,clinical,True,True,,600,450
ISIC_2482447,dermoscopic,True,True,,600,450
ISIC_2482765,clinical,True,True,,600,450
ISIC_2484661,dermoscopic,True,True,,600,450
ISIC_2485009,dermoscopic,True,True,,600,450
ISIC_2485182,dermoscopic,True,True,,600,450
ISIC_2485685,dermoscopic,True,True,,600,450
ISIC_2488572,clinical,True,True,,600,450
ISIC_2489023,clinical,True,True,,600,450
ISIC_2490336,clinical,True,True,,600,450
ISIC_2490728,dermoscopic,True,True,,600,450
ISIC_2492745,dermoscopic,True,True,,600,450
ISIC_2494258,clinical,True,True,,600,450
ISIC_2495535,clinical,True,True,,600,450
ISIC_2495960,clinical,True,True,,600,450
ISIC_2496140,dermoscopic,True,True,,600,450
ISIC_2496144,clinical,True,True,,600,450
ISIC_2498820,dermoscopic,True,True,,600,450
ISIC_2500263,clinical,True,True,,600,450
ISIC_2501467,dermoscopic,True,True,,600,450
ISIC_2501558,dermoscopic,True,True,,600,450
ISIC_2501939,dermoscopic,True,True,,600,450
ISIC_2502243,clinical,True,True,,600,450
ISIC_2504068,clinical,True,True,,600,450
ISIC_2505856,dermoscopic,True,True,,600,450
ISIC_2506667,dermoscopic,True,True,,600,450
ISIC_2508300,clinical,True,True,,600,450
ISIC_2508558,clinical,True,True,,600,450
ISIC_2508643,dermoscopic,True,True,,600,450
ISIC_2508689,clinical,True,True,,600,450
ISIC_2510819,dermoscopic,True,True,,600,450
ISIC_2511643,clinical,True,True,,600,450
ISIC_2512661,clinical,True,True,,600,450
ISIC_2513521,dermoscopic,True,True,,600,450
ISIC_2514435,clinical,True,True,,600,450
ISIC_2514438,clinical,True,True,,600,450
ISIC_2515747,dermoscopic,True,True,,600,450
ISIC_2515838,dermoscopic,True,True,,600,450
ISIC_2516006,dermoscopic,True,True,,600,450
ISIC_2517252,clinical,True,True,,600,450
ISIC_2521142,dermoscopic,True,True,,600,450
ISIC_2522593,dermoscopic,True,True,,600,450
ISIC_2523004,clinical,True,True,,600,450
ISIC_2524673,dermoscopic,True,True,,600,450
ISIC_2525369,dermoscopic,True,True,,600,450
ISIC_2525497,dermoscopic,True,True,,600,450
ISIC_2525661,clinical,True,True,,600,450
ISIC_2526104,dermoscopic,True,True,,600,450
ISIC_2526585,clinical,True,True,,600,450
ISIC_2527161,dermoscopic,True,True,,600,450
ISIC_2530103,dermoscopic,True,True,,600,450
ISIC_2531111,dermoscopic,True,True,,600,450
ISIC_2531173,clinical,True,True,,600,450
ISIC_2533061,dermoscopic,True,True,,600,450
ISIC_2533190,clinical,True,True,,600,450
ISIC_2533248,dermoscopic,True,True,,600,450
ISIC_2533333,dermoscopic,True,True,,600,450
ISIC_2533587,clinical,True,True,,600,450
ISIC_2538384,dermoscopic,True,True,,600,450
ISIC_2538458,dermoscopic,True,True,,600,450
ISIC_2538950,clinical,True,True,,600,450
ISIC_2539660,clinical,True,True,,600,450
ISIC_2542134,dermoscopic,True,True,,600,450
ISIC_2543052,clinical,True,True,,600,450
ISIC_2546414,clinical,True,True,,600,450
ISIC_2546925,dermoscopic,True,True,,600,450
ISIC_2547869,clinical,True,True,,600,450
ISIC_2548075,clinical,True,True,,600,450
ISIC_2550058,dermoscopic,True,True,,600,450
ISIC_2552716,dermoscopic,True,True,,600,450
ISIC_2553729,dermoscopic,True,True,,600,450
ISIC_2553804,clinical,True,True,,600,450
ISIC_2554103,dermoscopic,True,True,,600,450
ISIC_2556147,dermoscopic,True,True,,600,450
ISIC_2556688,clinical,True,True,,600,450
ISIC_2556744,dermoscopic,True,True,,600,450
ISIC_2557089,clinical,True,True,,600,450
ISIC_2557679,clinical,True,True,,600,450
ISIC_2561308,clinical,True,True,,600,450
ISIC_2561690,dermoscopic,True,True,,600,450
ISIC_2563101,clinical,True,True,,600,450
ISIC_2564518,clinical,True,True,,600,450
ISIC_2564687,dermoscopic,True,True,,600,450
ISIC_2565120,clinical,True,True,,600,450
ISIC_2565230,dermoscopic,True,True,,600,450
ISIC_2565297,clinical,True,True,,600,450
ISIC_2566720,clinical,True,True,,600,450
ISIC_2567274,dermoscopic,True,True,,600,450
ISIC_2567925,dermoscopic,True,True,,600,450
ISIC_2567983,dermoscopic,True,True,,600,450
ISIC_2568976,dermoscopic,True,True,,600,450
ISIC_2569198,dermoscopic,True,True,,600,450
ISIC_2571592,clinical,True,True,,600,450
ISIC_2571626,dermoscopic,True,True,,600,450
ISIC_2573194,dermoscopic,True,True,,600,450
ISIC_2577644,dermoscopic,True,True,,600,450
ISIC_2578355,dermoscopic,True,True,,600,450
ISIC_2579863,clinical,True,True,,600,450
ISIC_2580507,clinical,True,True,,600,450
ISIC_2580974,dermoscopic,True,True,,600,450
ISIC_2581720,dermoscopic,True,True,,600,450
ISIC_2583472,clinical,True,True,,600,450
ISIC_2584689,clinical,True,True,,600,450
ISIC_2585061,clinical,True,True,,600,450
ISIC_2585669,dermoscopic,True,True,,600,450
ISIC_2586707,dermoscopic,True,True,,600,450
ISIC_2586728,dermoscopic,True,True,,600,450
ISIC_2588935,clinical,True,True,,600,450
ISIC_2590426,dermoscopic,True,True,,600,450
ISIC_2590498,dermoscopic,True,True,,600,450
ISIC_2590790,dermoscopic,True,True,,600,450
ISIC_2591258,dermoscopic,True,True,,600,450
ISIC_2591806,clinical,True,True,,600,450
ISIC_2592427,clinical,True,True,,600,450
ISIC_2593023,dermoscopic,True,True,,600,450
ISIC_2593896,clinical,True,True,,600,450
ISIC_2594634,dermoscopic,True,True,,600,450
ISIC_2595169,clinical,True,True,,600,450
ISIC_2597603,dermoscopic,True,True,,600,450
ISIC_2598537,dermoscopic,True,True,,600,450
ISIC_2598676,clinical,True,True,,600,450
ISIC_2600012,dermoscopic,True,True,,600,450
ISIC_2601363,dermoscopic,True,True,,600,450
ISIC_2601487,dermoscopic,True,True,,600,450
ISIC_2601688,dermoscopic,True,True,,600,450
ISIC_2603915,dermoscopic,True,True,,600,450
ISIC_2604430,dermoscopic,True,True,,600,450
ISIC_2604782,dermoscopic,True,True,,600,450
ISIC_2605163,dermoscopic,True,True,,600,450
ISIC_2608885,dermoscopic,True,True,,600,450
ISIC_2608904,clinical,True,True,,600,450
ISIC_2611090,clinical,True,True,,600,450
ISIC_2611411,clinical,True,True,,600,450
ISIC_2611469,dermoscopic,True,True,,600,450
ISIC_2612910,dermoscopic,True,True,,600,450
ISIC_2613076,dermoscopic,True,True,,600,450
ISIC_2613429,dermoscopic,True,True,,600,450
ISIC_2614335,clinical,True,True,,600,450
ISIC_2614337,clinical,True,True,,600,450
ISIC_2614390,clinical,True,True,,600,450
ISIC_2615324,dermoscopic,True,True,,600,450
ISIC_2616471,dermoscopic,True,True,,600,450
ISIC_2616510,clinical,True,True,,600,450
ISIC_2617383,clinical,True,True,,600,450
ISIC_2618411,dermoscopic,True,True,,600,450
ISIC_2620132,dermoscopic,True,True,,600,450
ISIC_2620875,clinical,True,True,,600,450
ISIC_2621421,dermoscopic,True,True,,600,450
ISIC_2621619,dermoscopic,True,True,,600,450
ISIC_2621700,clinical,True,True,,600,450
ISIC_2624256,clinical,True,True,,600,450
ISIC_2625621,dermoscopic,True,True,,600,450
ISIC_2626121,clinical,True,True,,600,450
ISIC_2627340,dermoscopic,True,True,,600,450
ISIC_2627411,dermoscopic,True,True,,600,450
ISIC_2628160,clinical,True,True,,600,450
ISIC_2628667,dermoscopic,True,True,,600,450
ISIC_2631859,dermoscopic,True,True,,600,450
ISIC_2633032,dermoscopic,True,True,,600,450
ISIC_2633246,clinical,True,True,,600,450
ISIC_2639604,clinical,True,True,,600,450
ISIC_2640875,clinical,True,True,,600,450
ISIC_2641217,dermoscopic,True,True,,600,450
ISIC_2641644,dermoscopic,True,True,,600,450
ISIC_2642475,dermoscopic,True,True,,600,450
ISIC_2642915,clinical,True,True,,600,450
ISIC_2645316,dermoscopic,True,True,,600,450
ISIC_2645530,dermoscopic,True,True,,600,450
ISIC_2645906,clinical,True,True,,600,450
ISIC_2646200,dermoscopic,True,True,,600,450
ISIC_2647192,dermoscopic,True,True,,600,450
ISIC_2648102,clinical,True,True,,600,450
ISIC_2649421,clinical,True,True,,600,450
ISIC_2650378,clinical,True,True,,600,450
ISIC_2650547,dermoscopic,True,True,,600,450
ISIC_2651140,dermoscopic,True,True,,600,450
ISIC_2654339,dermoscopic,True,True,,600,450
ISIC_2655630,clinical,True,True,,600,450
ISIC_2655730,dermoscopic,True,True,,600,450
ISIC_2657415,dermoscopic,True,True,,600,450
ISIC_2658100,dermoscopic,True,True,,600,450
ISIC_2659768,clinical,True,True,,600,450
ISIC_2664046,clinical,True,True,,600,450
ISIC_2665761,clinical,True,True,,600,450
ISIC_2666138,dermoscopic,True,True,,600,450
ISIC_2667471,clinical,True,True,,600,450
ISIC_2668215,clinical,True,True,,600,450
ISIC_2668584,clinical,True,True,,600,450
ISIC_2668675,dermoscopic,True,True,,600,450
ISIC_2668678,clinical,True,True,,600,450
ISIC_2668760,clinical,True,True,,600,450
ISIC_2669811,dermoscopic,True,True,,600,450
ISIC_2670452,clinical,True,True,,600,450
ISIC_2671356,dermoscopic,True,True,,600,450
ISIC_2671519,clinical,True,True,,600,450
ISIC_2673443,dermoscopic,True,True,,600,450
ISIC_2675122,dermoscopic,True,True,,600,450
ISIC_2677713,clinical,True,True,,600,450
ISIC_2683683,dermoscopic,True,True,,600,450
ISIC_2683795,dermoscopic,True,True,,600,450
ISIC_2684838,clinical,True,True,,600,450
ISIC_2685248,clinical,True,True,,600,450
ISIC_2686432,dermoscopic,True,True,,600,450
ISIC_2687321,clinical,True,True,,600,450
ISIC_2689111,clinical,True,True,,600,450
ISIC_2689339,dermoscopic,True,True,,600,450
ISIC_2689375,clinical,True,True,,600,450
ISIC_2689544,dermoscopic,True,True,,600,450
ISIC_2695360,dermoscopic,True,True,,600,450
ISIC_2695703,clinical,True,True,,600,450
ISIC_2696043,clinical,True,True,,600,450
ISIC_2696566,clinical,True,True,,600,450
ISIC_2698174,dermoscopic,True,True,,600,450
ISIC_2700220,dermoscopic,True,True,,600,450
ISIC_2700916,clinical,True,True,,600,450
ISIC_2701902,dermoscopic,True,True,,600,450
ISIC_2701980,clinical,True,True,,600,450
ISIC_2702984,dermoscopic,True,True,,600,450
ISIC_2704222,clinical,True,True,,600,450
ISIC_2704661,clinical,True,True,,600,450
ISIC_2704901,clinical,True,True,,600,450
ISIC_2705888,clinical,True,True,,600,450
ISIC_2706078,clinical,True,True,,600,450
ISIC_2706513,clinical,True,True,,600,450
ISIC_2708075,clinical,True,True,,600,450
ISIC_2708483,clinical,True,True,,600,450
ISIC_2709383,clinical,True,True,,600,450
ISIC_2710214,clinical,True,True,,600,450
ISIC_2710427,dermoscopic,True,True,,600,450
ISIC_2711142,clinical,True,True,,600,450
ISIC_2712633,clinical,True,True,,600,450
ISIC_2712947,clinical,True,True,,600,450
ISIC_2713587,dermoscopic,True,True,,600,450
ISIC_2714655,clinical,True,True,,600,450
ISIC_2716264,dermoscopic,True,True,,600,450
ISIC_2716370,clinical,True,True,,600,450
ISIC_2716900,dermoscopic,True,True,,600,450
ISIC_2718301,dermoscopic,True,True,,600,450
ISIC_2721277,dermoscopic,True,True,,600,450
ISIC_2721569,clinical,True,True,,600,450
ISIC_2722338,dermoscopic,True,True,,600,450
ISIC_2724480,dermoscopic,True,True,,600,450
ISIC_2725046,dermoscopic,True,True,,600,450
ISIC_2726721,clinical,True,True,,600,450
ISIC_2729094,clinical,True,True,,600,450
ISIC_2729538,clinical,True,True,,600,450
ISIC_2730868,dermoscopic,True,True,,600,450
ISIC_2731321,dermoscopic,True,True,,600,450
ISIC_2731701,dermoscopic,True,True,,600,450
ISIC_2733086,clinical,True,True,,600,450
ISIC_2733266,clinical,True,True,,600,450
ISIC_2733454,dermoscopic,True,True,,600,450
ISIC_2734876,clinical,True,True,,600,450
ISIC_2735511,dermoscopic,True,True,,600,450
ISIC_2735653,dermoscopic,True,True,,600,450
ISIC_2736195,clinical,True,True,,600,450
ISIC_2736440,clinical,True,True,,600,450
ISIC_2738904,dermoscopic,True,True,,600,450
ISIC_2738967,clinical,True,True,,600,450
ISIC_2740122,dermoscopic,True,True,,600,450
ISIC_2740604,dermoscopic,True,True,,600,450
ISIC_2741027,dermoscopic,True,True,,600,450
ISIC_2741156,dermoscopic,True,True,,600,450
ISIC_2744921,clinical,True,True,,600,450
ISIC_2744993,dermoscopic,True,True,,600,450
ISIC_2745537,dermoscopic,True,True,,600,450
ISIC_2745631,clinical,True,True,,600,450
ISIC_2747022,dermoscopic,True,True,,600,450
ISIC_2747596,dermoscopic,True,True,,600,450
ISIC_2747605,clinical,True,True,,600,450
ISIC_2748624,dermoscopic,True,True,,600,450
ISIC_2749853,clinical,True,True,,600,450
ISIC_2750525,dermoscopic,True,True,,600,450
ISIC_2751556,dermoscopic,True,True,,600,450
ISIC_2752768,dermoscopic,True,True,,600,450
ISIC_2752952,clinical,True,True,,600,450
ISIC_2753361,clinical,True,True,,600,450
ISIC_2753382,dermoscopic,True,True,,600,450
ISIC_2754763,dermoscopic,True,True,,600,450
ISIC_2754845,dermoscopic,True,True,,600,450
ISIC_2755460,dermoscopic,True,True,,600,450
ISIC_2755934,clinical,True,True,,600,450
ISIC_2756327,clinical,True,True,,600,450
ISIC_2756867,clinical,True,True,,600,450
ISIC_2758033,clinical,True,True,,600,450
ISIC_2758349,clinical,True,True,,600,450
ISIC_2759533,dermoscopic,True,True,,600,450
ISIC_2760612,clinical,True,True,,600,450
ISIC_2762745,clinical,True,True,,600,450
ISIC_2763588,dermoscopic,True,True,,600,450
ISIC_2764511,dermoscopic,True,True,,600,450
ISIC_2765997,dermoscopic,True,True,,600,450
ISIC_2766210,clinical,True,True,,600,450
ISIC_2767026,clinical,True,True,,600,450
ISIC_2768555,dermoscopic,True,True,,600,450
ISIC_2768681,clinical,True,True,,600,450
ISIC_2769033,dermoscopic,True,True,,600,450
ISIC_2770352,dermoscopic,True,True,,600,450
ISIC_2770547,clinical,True,True,,600,450
ISIC_2770868,dermoscopic,True,True,,600,450
ISIC_2771215,clinical,True,True,,600,450
ISIC_2772004,clinical,True,True,,600,450
ISIC_2772400,clinical,True,True,,600,450
ISIC_2772998,clinical,True,True,,600,450
ISIC_2774941,clinical,True,True,,600,450
ISIC_2775534,dermoscopic,True,True,,600,450
ISIC_2775686,clinical,True,True,,600,450
ISIC_2777762,dermoscopic,True,True,,600,450
ISIC_2778083,dermoscopic,True,True,,600,450
ISIC_2779297,dermoscopic,True,True,,600,450
ISIC_2781687,clinical,True,True,,600,450
ISIC_2783831,dermoscopic,True,True,,600,450
ISIC_2784330,clinical,True,True,,600,450
ISIC_2785273,clinical,True,True,,600,450
ISIC_2786202,clinical,True,True,,600,450
ISIC_2787372,clinical,True,True,,600,450
ISIC_2788480,clinical,True,True,,600,450
ISIC_2790154,clinical,True,True,,600,450
ISIC_2791059,dermoscopic,True,True,,600,450
ISIC_2793180,dermoscopic,True,True,,600,450
ISIC_2794417,clinical,True,True,,600,450
ISIC_2794614,clinical,True,True,,600,450
ISIC_2795308,dermoscopic,True,True,,600,450
ISIC_2796590,clinical,True,True,,600,450
ISIC_2796878,dermoscopic,True,True,,600,450
ISIC_2799124,dermoscopic,True,True,,600,450
ISIC_2799788,dermoscopic,True,True,,600,450
ISIC_2800738,clinical,True,True,,600,450
ISIC_2801800,clinical,True,True,,600,450
ISIC_2802992,clinical,True,True,,600,450
ISIC_2803954,dermoscopic,True,True,,600,450
ISIC_2804242,dermoscopic,True,True,,600,450
ISIC_2806062,clinical,True,True,,600,450
ISIC_2808502,clinical,True,True,,600,450
ISIC_2809795,clinical,True,True,,600,450
ISIC_2811259,clinical,True,True,,600,450
ISIC_2812513,dermoscopic,True,True,,600,450
ISIC_2817890,clinical,True,True,,600,450
ISIC_2818418,dermoscopic,True,True,,600,450
ISIC_2818434,clinical,True,True,,600,450
ISIC_2821063,dermoscopic,True,True,,600,450
ISIC_2822341,dermoscopic,True,True,,600,450
ISIC_2822468,clinical,True,True,,600,450
ISIC_2823934,clinical,True,True,,600,450
ISIC_2824759,dermoscopic,True,True,,600,450
ISIC_2825735,clinical,True,True,,600,450
ISIC_2826779,dermoscopic,True,True,,600,450
ISIC_2826846,dermoscopic,True,True,,600,450
ISIC_2827093,dermoscopic,True,True,,600,450
ISIC_2827872,clinical,True,True,,600,450
ISIC_2827957,clinical,True,True,,600,450
ISIC_2828400,clinical,True,True,,600,450
ISIC_2832798,dermoscopic,True,True,,600,450
ISIC_2832853,dermoscopic,True,True,,600,450
ISIC_2833179,dermoscopic,True,True,,600,450
ISIC_2833803,clinical,True,True,,600,450
ISIC_2834466,clinical,True,True,,600,450
ISIC_2835239,clinical,True,True,,600,450
ISIC_2835261,clinical,True,True,,600,450
ISIC_2837403,clinical,True,True,,600,450
ISIC_2838288,clinical,True,True,,600,450
ISIC_2839422,clinical,True,True,,600,450
ISIC_2839614,dermoscopic,True,True,,600,450
ISIC_2840695,clinical,True,True,,600,450
ISIC_2841434,clinical,True,True,,600,450
ISIC_2842565,dermoscopic,True,True,,600,450
ISIC_2843665,dermoscopic,True,True,,600,450
ISIC_2845349,clinical,True,True,,600,450
ISIC_2845706,dermoscopic,True,True,,600,450
ISIC_2846004,dermoscopic,True,True,,600,450
ISIC_2846074,clinical,True,True,,600,450
ISIC_2846120,clinical,True,True,,600,450
ISIC_2846167,dermoscopic,True,True,,600,450
ISIC_2846740,clinical,True,True,,600,450
ISIC_2847750,dermoscopic,True,True,,600,450
ISIC_2848199,clinical,True,True,,600,450
ISIC_2848487,dermoscopic,True,True,,600,450
ISIC_2851104,clinical,True,True,,600,450
ISIC_2851725,dermoscopic,True,True,,600,450
ISIC_2852852,clinical,True,True,,600,450
ISIC_2854469,dermoscopic,True,True,,600,450
ISIC_2855242,dermoscopic,True,True,,600,450
ISIC_2855373,clinical,True,True,,600,450
ISIC_2855847,clinical,True,True,,600,450
ISIC_2857248,dermoscopic,True,True,,600,450
ISIC_2861255,clinical,True,True,,600,450
ISIC_2861892,dermoscopic,True,True,,600,450
ISIC_2864613,dermoscopic,True,True,,600,450
ISIC_2866672,dermoscopic,True,True,,600,450
ISIC_2866719,dermoscopic,True,True,,600,450
ISIC_2867998,dermoscopic,True,True,,600,450
ISIC_2868713,dermoscopic,True,True,,600,450
ISIC_2868801,clinical,True,True,,600,450
ISIC_2868896,dermoscopic,True,True,,600,450
ISIC_2869457,clinical,True,True,,600,450
ISIC_2869678,clinical,True,True,,600,450
ISIC_2869987,clinical,True,True,,600,450
ISIC_2870164,clinical,True,True,,600,450
ISIC_2872052,dermoscopic,True,True,,600,450
ISIC_2873444,dermoscopic,True,True,,600,450
ISIC_2873569,clinical,True,True,,600,450
ISIC_2873988,dermoscopic,True,True,,600,450
ISIC_2874145,clinical,True,True,,600,450
ISIC_2876063,clinical,True,True,,600,450
ISIC_2877008,clinical,True,True,,600,450
ISIC_2877235,dermoscopic,True,True,,600,450
ISIC_2877846,clinical,True,True,,600,450
ISIC_2878962,clinical,True,True,,600,450
ISIC_2879057,dermoscopic,True,True,,600,450
ISIC_2880667,dermoscopic,True,True,,600,450
ISIC_2882147,clinical,True,True,,600,450
ISIC_2883712,dermoscopic,True,True,,600,450
ISIC_2883948,clinical,True,True,,600,450
ISIC_2886088,clinical,True,True,,600,450
ISIC_2886495,dermoscopic,True,True,,600,450
ISIC_2887419,clinical,True,True,,600,450
ISIC_2888616,dermoscopic,True,True,,600,450
ISIC_2889500,clinical,True,True,,600,450
ISIC_2891101,dermoscopic,True,True,,600,450
ISIC_2891509,dermoscopic,True,True,,600,450
ISIC_2891524,clinical,True,True,,600,450
ISIC_2891584,clinical,True,True,,600,450
ISIC_2891861,clinical,True,True,,600,450
ISIC_2892335,clinical,True,True,,600,450
ISIC_2893311,dermoscopic,True,True,,600,450
ISIC_2894216,dermoscopic,True,True,,600,450
ISIC_2895427,dermoscopic,True,True,,600,450
ISIC_2896896,clinical,True,True,,600,450
ISIC_2897284,dermoscopic,True,True,,600,450
ISIC_2897696,clinical,True,True,,600,450
ISIC_2900527,clinical,True,True,,600,450
ISIC_2900622,dermoscopic,True,True,,600,450
ISIC_2900811,clinical,True,True,,600,450
ISIC_2902367,dermoscopic,True,True,,600,450
ISIC_2903716,clinical,True,True,,600,450
ISIC_2903873,clinical,True,True,,600,450
ISIC_2903895,clinical,True,True,,600,450
ISIC_2905836,dermoscopic,True,True,,600,450
ISIC_2906273,dermoscopic,True,True,,600,450
ISIC_2906597,clinical,True,True,,600,450
ISIC_2907125,dermoscopic,True,True,,600,450
ISIC_2907780,dermoscopic,True,True,,600,450
ISIC_2909896,clinical,True,True,,600,450
ISIC_2911472,clinical,True,True,,600,450
ISIC_2911796,clinical,True,True,,600,450
ISIC_2912041,dermoscopic,True,True,,600,450
ISIC_2913187,dermoscopic,True,True,,600,450
ISIC_2914456,dermoscopic,True,True,,600,450
ISIC_2915213,clinical,True,True,,600,450
ISIC_2915605,clinical,True,True,,600,450
ISIC_2916022,dermoscopic,True,True,,600,450
ISIC_2917647,clinical,True,True,,600,450
ISIC_2918081,dermoscopic,True,True,,600,450
ISIC_2919752,dermoscopic,True,True,,600,450
ISIC_2920020,clinical,True,True,,600,450
ISIC_2920382,clinical,True,True,,600,450
ISIC_2921012,dermoscopic,True,True,,600,450
ISIC_2921430,dermoscopic,True,True,,600,450
ISIC_2923050,dermoscopic,True,True,,600,450
ISIC_2923957,clinical,True,True,,600,450
ISIC_2925612,dermoscopic,True,True,,600,450
ISIC_2925746,dermoscopic,True,True,,600,450
ISIC_2926418,dermoscopic,True,True,,600,450
ISIC_2926621,clinical,True,True,,600,450
ISIC_2926847,clinical,True,True,,600,450
ISIC_2927179,dermoscopic,True,True,,600,450
ISIC_2928924,dermoscopic,True,True,,600,450
ISIC_2930366,dermoscopic,True,True,,600,450
ISIC_2930478,clinical,True,True,,600,450
ISIC_2931409,clinical,True,True,,600,450
ISIC_2935903,clinical,True,True,,600,450
ISIC_2936914,clinical,True,True,,600,450
ISIC_2938744,clinical,True,True,,600,450
ISIC_2941016,clinical,True,True,,600,450
ISIC_2944495,dermoscopic,True,True,,600,450
ISIC_2944503,clinical,True,True,,600,450
ISIC_2944762,clinical,True,True,,600,450
ISIC_2945370,dermoscopic,True,True,,600,450
ISIC_2948051,clinical,True,True,,600,450
ISIC_2949444,clinical,True,True,,600,450
ISIC_2950662,dermoscopic,True,True,,600,450
ISIC_2950781,clinical,True,True,,600,450
ISIC_2952159,clinical,True,True,,600,450
ISIC_2952204,dermoscopic,True,True,,600,450
ISIC_2952786,clinical,True,True,,600,450
ISIC_2953977,clinical,True,True,,600,450
ISIC_2956586,clinical,True,True,,600,450
ISIC_2956882,clinical,True,True,,600,450
ISIC_2957330,clinical,True,True,,600,450
ISIC_2958443,clinical,True,True,,600,450
ISIC_2959395,dermoscopic,True,True,,600,450
ISIC_2959823,clinical,True,True,,600,450
ISIC_2961262,dermoscopic,True,True,,600,450
ISIC_2961437,dermoscopic,True,True,,600,450
ISIC_2962014,dermoscopic,True,True,,600,450
ISIC_2963084,dermoscopic,True,True,,600,450
ISIC_2963181,clinical,True,True,,600,450
ISIC_2964078,clinical,True,True,,600,450
ISIC_2964593,clinical,True,True,,600,450
ISIC_2965800,clinical,True,True,,600,450
ISIC_2968192,clinical,True,True,,600,450
ISIC_2968300,clinical,True,True,,600,450
ISIC_2970872,clinical,True,True,,600,450
ISIC_2970971,dermoscopic,True,True,,600,450
ISIC_2972264,clinical,True,True,,600,450
ISIC_2972596,dermoscopic,True,True,,600,450
ISIC_2973033,dermoscopic,True,True,,600,450
ISIC_2973118,dermoscopic,True,True,,600,450
ISIC_2973605,dermoscopic,True,True,,600,450
ISIC_2973607,dermoscopic,True,True,,600,450
ISIC_2974995,dermoscopic,True,True,,600,450
ISIC_2975261,dermoscopic,True,True,,600,450
ISIC_2976358,dermoscopic,True,True,,600,450
ISIC_2977377,dermoscopic,True,True,,600,450
ISIC_2977779,clinical,True,True,,600,450
ISIC_2977955,clinical,True,True,,600,450
ISIC_2977980,dermoscopic,True,True,,600,450
ISIC_2978483,clinical,True,True,,600,450
ISIC_2983004,clinical,True,True,,600,450
ISIC_2984850,clinical,True,True,,600,450
ISIC_2987179,dermoscopic,True,True,,600,450
ISIC_2987655,clinical,True,True,,600,450
ISIC_2987893,clinical,True,True,,600,450
ISIC_2988309,clinical,True,True,,600,450
ISIC_2989365,dermoscopic,True,True,,600,450
ISIC_2990629,dermoscopic,True,True,,600,450
ISIC_2991167,dermoscopic,True,True,,600,450
ISIC_2992927,clinical,True,True,,600,450
ISIC_2993047,dermoscopic,True,True,,600,450
ISIC_2993083,dermoscopic,True,True,,600,450
ISIC_2993511,clinical,True,True,,600,450
ISIC_2994689,clinical,True,True,,600,450
ISIC_2994885,clinical,True,True,,600,450
ISIC_2995621,dermoscopic,True,True,,600,450
ISIC_2996665,dermoscopic,True,True,,600,450
ISIC_2996843,dermoscopic,True,True,,600,450
ISIC_2997062,clinical,True,True,,600,450
ISIC_2998511,clinical,True,True,,600,450
ISIC_2998536,clinical,True,True,,600,450
ISIC_2999230,clinical,True,True,,600,450
ISIC_2999384,clinical,True,True,,600,450
ISIC_3002045,dermoscopic,True,True,,600,450
ISIC_3002615,clinical,True,True,,600,450
ISIC_3003010,dermoscopic,True,True,,600,450
ISIC_3003493,clinical,True,True,,600,450
ISIC_3003648,dermoscopic,True,True,,600,450
ISIC_3004699,dermoscopic,True,True,,600,450
ISIC_3004974,clinical,True,True,,600,450
ISIC_3005181,dermoscopic,True,True,,600,450
ISIC_3006692,dermoscopic,True,True,,600,450
ISIC_3009842,dermoscopic,True,True,,600,450
ISIC_3011551,dermoscopic,True,True,,600,450
ISIC_3011830,clinical,True,True,,600,450
ISIC_3012180,clinical,True,True,,600,450
ISIC_3013323,clinical,True,True,,600,450
ISIC_3014783,clinical,True,True,,600,450
ISIC_3014842,dermoscopic,True,True,,600,450
ISIC_3015060,clinical,True,True,,600,450
ISIC_3015606,dermoscopic,True,True,,600,450
ISIC_3018802,clinical,True,True,,600,450
ISIC_3020708,clinical,True,True,,600,450
ISIC_3020882,dermoscopic,True,True,,600,450
ISIC_3021033,clinical,True,True,,600,450
ISIC_3022005,dermoscopic,True,True,,600,450
ISIC_3022090,clinical,True,True,,600,450
ISIC_3022261,dermoscopic,True,True,,600,450
ISIC_3023055,dermoscopic,True,True,,600,450
ISIC_3023198,dermoscopic,True,True,,600,450
ISIC_3023437,dermoscopic,True,True,,600,450
ISIC_3023607,dermoscopic,True,True,,600,450
ISIC_3024107,clinical,True,True,,600,450
ISIC_3024690,dermoscopic,True,True,,600,450
ISIC_3025142,clinical,True,True,,600,450
ISIC_3025966,dermoscopic,True,True,,600,450
ISIC_3027737,dermoscopic,True,True,,600,450
ISIC_3028893,dermoscopic,True,True,,600,450
ISIC_3032522,dermoscopic,True,True,,600,450
ISIC_3032936,dermoscopic,True,True,,600,450
ISIC_3032983,dermoscopic,True,True,,600,450
ISIC_3033593,clinical,True,True,,600,450
ISIC_3033732,dermoscopic,True,True,,600,450
ISIC_3034326,clinical,True,True,,600,450
ISIC_3034439,dermoscopic,True,True,,600,450
ISIC_3034620,clinical,True,True,,600,450
ISIC_3036641,clinical,True,True,,600,450
ISIC_3037508,clinical,True,True,,600,450
ISIC_3037740,clinical,True,True,,600,450
ISIC_3039458,clinical,True,True,,600,450
ISIC_3039673,clinical,True,True,,600,450
ISIC_3039744,dermoscopic,True,True,,600,450
ISIC_3040289,dermoscopic,True,True,,600,450
ISIC_3042149,clinical,True,True,,600,450
ISIC_3042275,dermoscopic,True,True,,600,450
ISIC_3042456,dermoscopic,True,True,,600,450
ISIC_3043432,clinical,True,True,,600,450
ISIC_3044377,clinical,True,True,,600,450
ISIC_3045023,clinical,True,True,,600,450
ISIC_3045344,clinical,True,True,,600,450
ISIC_3045387,dermoscopic,True,True,,600,450
ISIC_3045477,clinical,True,True,,600,450
ISIC_3045480,dermoscopic,True,True,,600,450
ISIC_3046799,clinical,True,True,,600,450
ISIC_3047578,dermoscopic,True,True,,600,450
ISIC_3048228,dermoscopic,True,True,,600,450
ISIC_3049767,dermoscopic,True,True,,600,450
ISIC_3050024,dermoscopic,True,True,,600,450
ISIC_3050113,clinical,True,True,,600,450
ISIC_3050416,dermoscopic,True,True,,600,450
ISIC_3050487,dermoscopic,True,True,,600,450
ISIC_3050521,dermoscopic,True,True,,600,450
ISIC_3053495,dermoscopic,True,True,,600,450
ISIC_3053943,clinical,True,True,,600,450
ISIC_3055420,clinical,True,True,,600,450
ISIC_3057442,clinical,True,True,,600,450
ISIC_3057675,clinical,True,True,,600,450
ISIC_3059704,clinical,True,True,,600,450
ISIC_3061267,clinical,True,True,,600,450
ISIC_3062370,dermoscopic,True,True,,600,450
ISIC_3063587,dermoscopic,True,True,,600,450
ISIC_3063817,dermoscopic,True,True,,600,450
ISIC_3064112,dermoscopic,True,True,,600,450
ISIC_3066491,dermoscopic,True,True,,600,450
ISIC_3067376,clinical,True,True,,600,450
ISIC_3069767,dermoscopic,True,True,,600,450
ISIC_3070466,dermoscopic,True,True,,600,450
ISIC_3070709,clinical,True,True,,600,450
ISIC_3072008,dermoscopic,True,True,,600,450
ISIC_3072729,clinical,True,True,,600,450
ISIC_3072984,clinical,True,True,,600,450
ISIC_3073821,dermoscopic,True,True,,600,450
ISIC_3078783,clinical,True,True,,600,450
ISIC_3080695,clinical,True,True,,600,450
ISIC_3082193,clinical,True,True,,600,450
ISIC_3082676,clinical,True,True,,600,450
ISIC_3083384,dermoscopic,True,True,,600,450
ISIC_3083566,clinical,True,True,,600,450
ISIC_3085336,dermoscopic,True,True,,600,450
ISIC_3085694,dermoscopic,True,True,,600,450
ISIC_3088033,dermoscopic,True,True,,600,450
ISIC_3088055,dermoscopic,True,True,,600,450
ISIC_3088358,dermoscopic,True,True,,600,450
ISIC_3090517,dermoscopic,True,True,,600,450
ISIC_3091817,clinical,True,True,,600,450
ISIC_3092576,clinical,True,True,,600,450
ISIC_3093760,clinical,True,True,,600,450
ISIC_3094215,dermoscopic,True,True,,600,450
ISIC_3094384,clinical,True,True,,600,450
ISIC_3094600,dermoscopic,True,True,,600,450
ISIC_3095773,clinical,True,True,,600,450
ISIC_3097252,clinical,True,True,,600,450
ISIC_3100024,clinical,True,True,,600,450
ISIC_3100261,clinical,True,True,,600,450
ISIC_3100293,clinical,True,True,,600,450
ISIC_3101169,dermoscopic,True,True,,600,450
ISIC_3102604,clinical,True,True,,600,450
ISIC_3102873,clinical,True,True,,600,450
ISIC_3103579,dermoscopic,True,True,,600,450
ISIC_3103756,dermoscopic,True,True,,600,450
ISIC_3105211,dermoscopic,True,True,,600,450
ISIC_3105418,clinical,True,True,,600,450
ISIC_3111434,clinical,True,True,,600,450
ISIC_3113033,dermoscopic,True,True,,600,450
ISIC_3114974,clinical,True,True,,600,450
ISIC_3115412,clinical,True,True,,600,450
ISIC_3117423,dermoscopic,True,True,,600,450
ISIC_3118860,dermoscopic,True,True,,600,450
ISIC_3119815,clinical,True,True,,600,450
ISIC_3120412,dermoscopic,True,True,,600,450
ISIC_3122081,dermoscopic,True,True,,600,450
ISIC_3122147,dermoscopic,True,True,,600,450
ISIC_3125449,clinical,True,True,,600,450
ISIC_3127556,clinical,True,True,,600,450
ISIC_3127974,dermoscopic,True,True,,600,450
ISIC_3129117,dermoscopic,True,True,,600,450
ISIC_3129795,dermoscopic,True,True,,600,450
ISIC_3132743,clinical,True,True,,600,450
ISIC_3138874,dermoscopic,True,True,,600,450
ISIC_3140203,dermoscopic,True,True,,600,450
ISIC_3140817,clinical,True,True,,600,450
ISIC_3141018,dermoscopic,True,True,,600,450
ISIC_3142156,clinical,True,True,,600,450
ISIC_3145046,clinical,True,True,,600,450
ISIC_3147082,dermoscopic,True,True,,600,450
ISIC_3148432,clinical,True,True,,600,450
ISIC_3148471,dermoscopic,True,True,,600,450
ISIC_3151108,dermoscopic,True,True,,600,450
ISIC_3152857,dermoscopic,True,True,,600,450
ISIC_3154934,dermoscopic,True,True,,600,450
ISIC_3155654,dermoscopic,True,True,,600,450
ISIC_3156175,clinical,True,True,,600,450
ISIC_3157648,dermoscopic,True,True,,600,450
ISIC_3157761,clinical,True,True,,600,450
ISIC_3158315,dermoscopic,True,True,,600,450
ISIC_3159028,clinical,True,True,,600,450
ISIC_3159699,dermoscopic,True,True,,600,450
ISIC_3159993,clinical,True,True,,600,450
ISIC_3160675,dermoscopic,True,True,,600,450
ISIC_3162480,clinical,True,True,,600,450
ISIC_3162488,dermoscopic,True,True,,600,450
ISIC_3162836,clinical,True,True,,600,450
ISIC_3163093,dermoscopic,True,True,,600,450
ISIC_3164080,clinical,True,True,,600,450
ISIC_3164108,dermoscopic,True,True,,600,450
ISIC_3166154,clinical,True,True,,600,450
ISIC_3167280,clinical,True,True,,600,450
ISIC_3167917,dermoscopic,True,True,,600,450
ISIC_3168018,dermoscopic,True,True,,600,450
ISIC_3168049,clinical,True,True,,600,450
ISIC_3171197,clinical,True,True,,600,450
ISIC_3173642,dermoscopic,True,True,,600,450
ISIC_3175404,clinical,True,True,,600,450
ISIC_3175480,dermoscopic,True,True,,600,450
ISIC_3175640,clinical,True,True,,600,450
ISIC_3175755,dermoscopic,True,True,,600,450
ISIC_3177059,clinical,True,True,,600,450
ISIC_3178739,dermoscopic,True,True,,600,450
ISIC_3178939,dermoscopic,True,True,,600,450
ISIC_3178945,dermoscopic,True,True,,600,450
ISIC_3179593,clinical,True,True,,600,450
ISIC_3180901,clinical,True,True,,600,450
ISIC_3181599,clinical,True,True,,600,450
ISIC_3183046,dermoscopic,True,True,,600,450
ISIC_3183514,dermoscopic,True,True,,600,450
ISIC_3184644,clinical,True,True,,600,450
ISIC_3184893,dermoscopic,True,True,,600,450
ISIC_3185277,dermoscopic,True,True,,600,450
ISIC_3185613,clinical,True,True,,600,450
ISIC_3187803,dermoscopic,True,True,,600,450
ISIC_3187907,dermoscopic,True,True,,600,450
ISIC_3188102,clinical,True,True,,600,450
ISIC_3189171,clinical,True,True,,600,450
ISIC_3190111,clinical,True,True,,600,450
ISIC_3191236,clinical,True,True,,600,450
ISIC_3191687,dermoscopic,True,True,,600,450
ISIC_3192193,dermoscopic,True,True,,600,450
ISIC_3193023,clinical,True,True,,600,450
ISIC_3194532,clinical,True,True,,600,450
ISIC_3195835,clinical,True,True,,600,450
ISIC_3197211,dermoscopic,True,True,,600,450
ISIC_3197377,dermoscopic,True,True,,600,450
ISIC_3197379,clinical,True,True,,600,450
ISIC_3198901,clinical,True,True,,600,450
ISIC_3199091,dermoscopic,True,True,,600,450
ISIC_3201153,dermoscopic,True,True,,600,450
ISIC_3201692,dermoscopic,True,True,,600,450
ISIC_3202131,dermoscopic,True,True,,600,450
ISIC_3203799,dermoscopic,True,True,,600,450
ISIC_3203845,clinical,True,True,,600,450
ISIC_3204093,dermoscopic,True,True,,600,450
ISIC_3204703,dermoscopic,True,True,,600,450
ISIC_3206478,clinical,True,True,,600,450
ISIC_3208305,dermoscopic,True,True,,600,450
ISIC_3208971,clinical,True,True,,600,450
ISIC_3209100,clinical,True,True,,600,450
ISIC_3209508,clinical,True,True,,600,450
ISIC_3210379,dermoscopic,True,True,,600,450
ISIC_3210975,dermoscopic,True,True,,600,450
ISIC_3211369,clinical,True,True,,600,450
ISIC_3211851,dermoscopic,True,True,,600,450
ISIC_3211877,dermoscopic,True,True,,600,450
ISIC_3213706,clinical,True,True,,600,450
ISIC_3215995,dermoscopic,True,True,,600,450
ISIC_3217005,dermoscopic,True,True,,600,450
ISIC_3217731,clinical,True,True,,600,450
ISIC_3217799,dermoscopic,True,True,,600,450
ISIC_3220453,clinical,True,True,,600,450
ISIC_3220827,clinical,True,True,,600,450
ISIC_3223440,dermoscopic,True,True,,600,450
ISIC_3224359,dermoscopic,True,True,,600,450
ISIC_3225420,dermoscopic,True,True,,600,450
ISIC_3225587,clinical,True,True,,600,450
ISIC_3228433,clinical,True,True,,600,450
ISIC_3229589,dermoscopic,True,True,,600,450
ISIC_3231371,clinical,True,True,,600,450
ISIC_3233781,clinical,True,True,,600,450
ISIC_3234625,clinical,True,True,,600,450
ISIC_3235167,dermoscopic,True,True,,600,450
ISIC_3235332,dermoscopic,True,True,,600,450
ISIC_3236056,dermoscopic,True,True,,600,450
ISIC_3237026,clinical,True,True,,600,450
ISIC_3237120,clinical,True,True,,600,450
ISIC_3242637,clinical,True,True,,600,450
ISIC_3243335,clinical,True,True,,600,450
ISIC_3244506,clinical,True,True,,600,450
ISIC_3247057,dermoscopic,True,True,,600,450
ISIC_3248418,dermoscopic,True,True,,600,450
ISIC_3248460,clinical,True,True,,600,450
ISIC_3250445,clinical,True,True,,600,450
ISIC_3250692,dermoscopic,True,True,,600,450
ISIC_3251194,clinical,True,True,,600,450
ISIC_3251490,clinical,True,True,,600,450
ISIC_3251714,dermoscopic,True,True,,600,450
ISIC_3252559,dermoscopic,True,True,,600,450
ISIC_3252878,clinical,True,True,,600,450
ISIC_3253665,clinical,True,True,,600,450
ISIC_3255507,clinical,True,True,,600,450
ISIC_3256836,dermoscopic,True,True,,600,450
ISIC_3258327,clinical,True,True,,600,450
ISIC_3259414,dermoscopic,True,True,,600,450
ISIC_3259871,dermoscopic,True,True,,600,450
ISIC_3261040,clinical,True,True,,600,450
ISIC_3261212,clinical,True,True,,600,450
ISIC_3262566,dermoscopic,True,True,,600,450
ISIC_3262933,clinical,True,True,,600,450
ISIC_3265547,dermoscopic,True,True,,600,450
ISIC_3265655,dermoscopic,True,True,,600,450
ISIC_3265817,dermoscopic,True,True,,600,450
ISIC_3265828,clinical,True,True,,600,450
ISIC_3266019,clinical,True,True,,600,450
ISIC_3267303,dermoscopic,True,True,,600,450
ISIC_3267363,dermoscopic,True,True,,600,450
ISIC_3268800,dermoscopic,True,True,,600,450
ISIC_3269390,clinical,True,True,,600,450
ISIC_3269995,dermoscopic,True,True,,600,450
ISIC_3272276,clinical,True,True,,600,450
ISIC_3273623,clinical,True,True,,600,450
ISIC_3273746,clinical,True,True,,600,450
ISIC_3275271,dermoscopic,True,True,,600,450
ISIC_3275406,dermoscopic,True,True,,600,450
ISIC_3277305,dermoscopic,True,True,,600,450
ISIC_3277520,clinical,True,True,,600,450
ISIC_3277541,dermoscopic,True,True,,600,450
ISIC_3278222,clinical,True,True,,600,450
ISIC_3280000,dermoscopic,True,True,,600,450
ISIC_3281875,dermoscopic,True,True,,600,450
ISIC_3284065,clinical,True,True,,600,450
ISIC_3284822,clinical,True,True,,600,450
ISIC_3284879,dermoscopic,True,True,,600,450
ISIC_3287000,clinical,True,True,,600,450
ISIC_3288032,dermoscopic,True,True,,600,450
ISIC_3288726,clinical,True,True,,600,450
ISIC_3289736,clinical,True,True,,600,450
ISIC_3290113,clinical,True,True,,600,450
ISIC_3290988,clinical,True,True,,600,450
ISIC_3295711,clinical,True,True,,600,450
ISIC_3297304,clinical,True,True,,600,450
ISIC_3298166,dermoscopic,True,True,,600,450
ISIC_3298684,clinical,True,True,,600,450
ISIC_3298721,clinical,True,True,,600,450
ISIC_3298769,clinical,True,True,,600,450
ISIC_3300164,clinical,True,True,,600,450
ISIC_3301517,clinical,True,True,,600,450
ISIC_3302093,dermoscopic,True,True,,600,450
ISIC_3302174,dermoscopic,True,True,,600,450
ISIC_3302562,dermoscopic,True,True,,600,450
ISIC_3302639,clinical,True,True,,600,450
ISIC_3302986,dermoscopic,True,True,,600,450
ISIC_3303065,dermoscopic,True,True,,600,450
ISIC_3303508,clinical,True,True,,600,450
ISIC_3303900,clinical,True,True,,600,450
ISIC_3304492,clinical,True,True,,600,450
ISIC_3304699,dermoscopic,True,True,,600,450
ISIC_3305380,clinical,True,True,,600,450
ISIC_3305736,clinical,True,True,,600,450
ISIC_3306172,clinical,True,True,,600,450
ISIC_3306550,clinical,True,True,,600,450
ISIC_3307206,dermoscopic,True,True,,600,450
ISIC_3307579,dermoscopic,True,True,,600,450
ISIC_3308043,clinical,True,True,,600,450
ISIC_3308945,clinical,True,True,,600,450
ISIC_3309783,clinical,True,True,,600,450
ISIC_3310439,clinical,True,True,,600,450
ISIC_3312614,clinical,True,True,,600,450
ISIC_3312778,dermoscopic,True,True,,600,450
ISIC_3313109,clinical,True,True,,600,450
ISIC_3313166,dermoscopic,True,True,,600,450
ISIC_3316082,clinical,True,True,,600,450
ISIC_3317235,dermoscopic,True,True,,600,450
ISIC_3317643,dermoscopic,True,True,,600,450
ISIC_3317755,dermoscopic,True,True,,600,450
ISIC_3318295,clinical,True,True,,600,450
ISIC_3318403,clinical,True,True,,600,450
ISIC_3318576,clinical,True,True,,600,450
ISIC_3320667,dermoscopic,True,True,,600,450
ISIC_3322515,dermoscopic,True,True,,600,450
ISIC_3323980,clinical,True,True,,600,450
ISIC_3326999,clinical,True,True,,600,450
ISIC_3327085,clinical,True,True,,600,450
ISIC_3327886,clinical,True,True,,600,450
ISIC_3327928,dermoscopic,True,True,,600,450
ISIC_3327943,dermoscopic,True,True,,600,450
ISIC_3328177,dermoscopic,True,True,,600,450
ISIC_3328629,clinical,True,True,,600,450
ISIC_3329063,clinical,True,True,,600,450
ISIC_3331148,dermoscopic,True,True,,600,450
ISIC_3331894,clinical,True,True,,600,450
ISIC_3331939,clinical,True,True,,600,450
ISIC_3334508,clinical,True,True,,600,450
ISIC_3334573,dermoscopic,True,True,,600,450
ISIC_3334868,clinical,True,True,,600,450
ISIC_3336579,clinical,True,True,,600,450
ISIC_3336886,dermoscopic,True,True,,600,450
ISIC_3336908,dermoscopic,True,True,,600,450
ISIC_3337707,clinical,True,True,,600,450
ISIC_3338902,clinical,True,True,,600,450
ISIC_3340382,clinical,True,True,,600,450
ISIC_3341226,dermoscopic,True,True,,600,450
ISIC_3341232,clinical,True,True,,600,450
ISIC_3341530,clinical,True,True,,600,450
ISIC_3343720,clinical,True,True,,600,450
ISIC_3343865,dermoscopic,True,True,,600,450
ISIC_3344295,dermoscopic,True,True,,600,450
ISIC_3344319,dermoscopic,True,True,,600,450
ISIC_3345386,clinical,True,True,,600,450
ISIC_3346679,dermoscopic,True,True,,600,450
ISIC_3347493,dermoscopic,True,True,,600,450
ISIC_3349058,dermoscopic,True,True,,600,450
ISIC_3349986,clinical,True,True,,600,450
ISIC_3352589,dermoscopic,True,True,,600,450
ISIC_3354653,dermoscopic,True,True,,600,450
ISIC_3355310,clinical,True,True,,600,450
ISIC_3356311,clinical,True,True,,600,450
ISIC_3356573,dermoscopic,True,True,,600,450
ISIC_3357525,dermoscopic,True,True,,600,450
ISIC_3357576,dermoscopic,True,True,,600,450
ISIC_3357733,clinical,True,True,,600,450
ISIC_3359951,clinical,True,True,,600,450
ISIC_3360186,dermoscopic,True,True,,600,450
ISIC_3360235,dermoscopic,True,True,,600,450
ISIC_3361208,dermoscopic,True,True,,600,450
ISIC_3361791,clinical,True,True,,600,450
ISIC_3362091,dermoscopic,True,True,,600,450
ISIC_3362890,dermoscopic,True,True,,600,450
ISIC_3364269,dermoscopic,True,True,,600,450
ISIC_3365241,dermoscopic,True,True,,600,450
ISIC_3365437,dermoscopic,True,True,,600,450
ISIC_3366370,clinical,True,True,,600,450
ISIC_3368184,clinical,True,True,,600,450
ISIC_3368269,clinical,True,True,,600,450
ISIC_3368991,dermoscopic,True,True,,600,450
ISIC_3369429,clinical,True,True,,600,450
ISIC_3369700,clinical,True,True,,600,450
ISIC_3370385,clinical,True,True,,600,450
ISIC_3371218,clinical,True,True,,600,450
ISIC_3372353,dermoscopic,True,True,,600,450
ISIC_3372650,dermoscopic,True,True,,600,450
ISIC_3374597,dermoscopic,True,True,,600,450
ISIC_3375059,clinical,True,True,,600,450
ISIC_3379605,clinical,True,True,,600,450
ISIC_3384621,dermoscopic,True,True,,600,450
ISIC_3386852,clinical,True,True,,600,450
ISIC_3388002,clinical,True,True,,600,450
ISIC_3389727,dermoscopic,True,True,,600,450
ISIC_3389976,clinical,True,True,,600,450
ISIC_3392380,dermoscopic,True,True,,600,450
ISIC_3392397,dermoscopic,True,True,,600,450
ISIC_3394938,dermoscopic,True,True,,600,450
ISIC_3395616,dermoscopic,True,True,,600,450
ISIC_3395847,dermoscopic,True,True,,600,450
ISIC_3396463,dermoscopic,True,True,,600,450
ISIC_3396860,dermoscopic,True,True,,600,450
ISIC_3397320,clinical,True,True,,600,450
ISIC_3397720,dermoscopic,True,True,,600,450
ISIC_3399647,dermoscopic,True,True,,600,450
ISIC_3401124,dermoscopic,True,True,,600,450
ISIC_3401455,clinical,True,True,,600,450
ISIC_3405243,dermoscopic,True,True,,600,450
ISIC_3408569,clinical,True,True,,600,450
ISIC_3408726,clinical,True,True,,600,450
ISIC_3408779,dermoscopic,True,True,,600,450
ISIC_3410251,dermoscopic,True,True,,600,450
ISIC_3411624,clinical,True,True,,600,450
ISIC_3412303,dermoscopic,True,True,,600,450
ISIC_3414486,dermoscopic,True,True,,600,450
ISIC_3416227,clinical,True,True,,600,450
ISIC_3418096,dermoscopic,True,True,,600,450
ISIC_3418246,dermoscopic,True,True,,600,450
ISIC_3418625,clinical,True,True,,600,450
ISIC_3420179,dermoscopic,True,True,,600,450
ISIC_3420236,dermoscopic,True,True,,600,450
ISIC_3420711,dermoscopic,True,True,,600,450
ISIC_3420842,clinical,True,True,,600,450
ISIC_3422780,dermoscopic,True,True,,600,450
ISIC_3425683,dermoscopic,True,True,,600,450
ISIC_3427526,dermoscopic,True,True,,600,450
ISIC_3427742,clinical,True,True,,600,450
ISIC_3428379,clinical,True,True,,600,450
ISIC_3428455,clinical,True,True,,600,450
ISIC_3428486,dermoscopic,True,True,,600,450
ISIC_3428806,clinical,True,True,,600,450
ISIC_3429549,dermoscopic,True,True,,600,450
ISIC_3430375,clinical,True,True,,600,450
ISIC_3430609,dermoscopic,True,True,,600,450
ISIC_3430932,dermoscopic,True,True,,600,450
ISIC_3431348,dermoscopic,True,True,,600,450
ISIC_3431588,clinical,True,True,,600,450
ISIC_3431903,dermoscopic,True,True,,600,450
ISIC_3431989,dermoscopic,True,True,,600,450
ISIC_3432012,dermoscopic,True,True,,600,450
ISIC_3432469,clinical,True,True,,600,450
ISIC_3433968,clinical,True,True,,600,450
ISIC_3434316,dermoscopic,True,True,,600,450
ISIC_3436668,dermoscopic,True,True,,600,450
ISIC_3436899,clinical,True,True,,600,450
ISIC_3439130,clinical,True,True,,600,450
ISIC_3439175,clinical,True,True,,600,450
ISIC_3441354,clinical,True,True,,600,450
ISIC_3442516,clinical,True,True,,600,450
ISIC_3442836,dermoscopic,True,True,,600,450
ISIC_3444223,clinical,True,True,,600,450
ISIC_3445025,dermoscopic,True,True,,600,450
ISIC_3445145,dermoscopic,True,True,,600,450
ISIC_3445231,dermoscopic,True,True,,600,450
ISIC_3446046,dermoscopic,True,True,,600,450
ISIC_3446517,clinical,True,True,,600,450
ISIC_3447417,dermoscopic,True,True,,600,450
ISIC_3447732,clinical,True,True,,600,450
ISIC_3451684,dermoscopic,True,True,,600,450
ISIC_3454940,dermoscopic,True,True,,600,450
ISIC_3455310,dermoscopic,True,True,,600,450
ISIC_3456765,clinical,True,True,,600,450
ISIC_3456998,dermoscopic,True,True,,600,450
ISIC_3457455,dermoscopic,True,True,,600,450
ISIC_3459198,clinical,True,True,,600,450
ISIC_3460141,dermoscopic,True,True,,600,450
ISIC_3460349,clinical,True,True,,600,450
ISIC_3461504,clinical,True,True,,600,450
ISIC_3462090,dermoscopic,True,True,,600,450
ISIC_3462970,clinical,True,True,,600,450
ISIC_3464724,dermoscopic,True,True,,600,450
ISIC_3466390,clinical,True,True,,600,450
ISIC_3466904,dermoscopic,True,True,,600,450
ISIC_3467950,clinical,True,True,,600,450
ISIC_3468250,dermoscopic,True,True,,600,450
ISIC_3468757,dermoscopic,True,True,,600,450
ISIC_3469093,clinical,True,True,,600,450
ISIC_3469837,dermoscopic,True,True,,600,450
ISIC_3472228,dermoscopic,True,True,,600,450
ISIC_3472289,clinical,True,True,,600,450
ISIC_3473807,dermoscopic,True,True,,600,450
ISIC_3475592,clinical,True,True,,600,450
ISIC_3475953,clinical,True,True,,600,450
ISIC_3477325,dermoscopic,True,True,,600,450
ISIC_3477335,dermoscopic,True,True,,600,450
ISIC_3479083,dermoscopic,True,True,,600,450
ISIC_3480084,dermoscopic,True,True,,600,450
ISIC_3480499,dermoscopic,True,True,,600,450
ISIC_3480611,dermoscopic,True,True,,600,450
ISIC_3482213,clinical,True,True,,600,450
ISIC_3482891,dermoscopic,True,True,,600,450
ISIC_3483103,dermoscopic,True,True,,600,450
ISIC_3483575,clinical,True,True,,600,450
ISIC_3483843,clinical,True,True,,600,450
ISIC_3485059,clinical,True,True,,600,450
ISIC_3485522,clinical,True,True,,600,450
ISIC_3486312,dermoscopic,True,True,,600,450
ISIC_3487034,dermoscopic,True,True,,600,450
ISIC_3488397,dermoscopic,True,True,,600,450
ISIC_3489676,dermoscopic,True,True,,600,450
ISIC_3489797,clinical,True,True,,600,450
ISIC_3490874,clinical,True,True,,600,450
ISIC_3491198,clinical,True,True,,600,450
ISIC_3491804,clinical,True,True,,600,450
ISIC_3494647,dermoscopic,True,True,,600,450
ISIC_3494719,dermoscopic,True,True,,600,450
ISIC_3496072,clinical,True,True,,600,450
ISIC_3496143,clinical,True,True,,600,450
ISIC_3497836,clinical,True,True,,600,450
ISIC_3500227,dermoscopic,True,True,,600,450
ISIC_3500691,dermoscopic,True,True,,600,450
ISIC_3501503,dermoscopic,True,True,,600,450
ISIC_3503700,clinical,True,True,,600,450
ISIC_3503789,clinical,True,True,,600,450
ISIC_3504270,dermoscopic,True,True,,600,450
ISIC_3505887,clinical,True,True,,600,450
ISIC_3507270,clinical,True,True,,600,450
ISIC_3507614,dermoscopic,True,True,,600,450
ISIC_3508395,clinical,True,True,,600,450
ISIC_3508606,clinical,True,True,,600,450
ISIC_3508744,clinical,True,True,,600,450
ISIC_3510532,clinical,True,True,,600,450
ISIC_3511086,dermoscopic,True,True,,600,450
ISIC_3513521,dermoscopic,True,True,,600,450
ISIC_3513821,dermoscopic,True,True,,600,450
ISIC_3515169,clinical,True,True,,600,450
ISIC_3515780,dermoscopic,True,True,,600,450
ISIC_3515789,clinical,True,True,,600,450
ISIC_3518193,dermoscopic,True,True,,600,450
ISIC_3518720,dermoscopic,True,True,,600,450
ISIC_3518967,dermoscopic,True,True,,600,450
ISIC_3519677,clinical,True,True,,600,450
ISIC_3520227,dermoscopic,True,True,,600,450
ISIC_3521430,clinical,True,True,,600,450
ISIC_3522468,clinical,True,True,,600,450
ISIC_3524883,clinical,True,True,,600,450
ISIC_3525463,clinical,True,True,,600,450
ISIC_3526427,dermoscopic,True,True,,600,450
ISIC_3526708,dermoscopic,True,True,,600,450
ISIC_3527498,dermoscopic,True,True,,600,450
ISIC_3528840,clinical,True,True,,600,450
ISIC_3530269,clinical,True,True,,600,450
ISIC_3531459,dermoscopic,True,True,,600,450
ISIC_3532225,clinical,True,True,,600,450
ISIC_3532575,clinical,True,True,,600,450
ISIC_3535393,clinical,True,True,,600,450
ISIC_3535882,dermoscopic,True,True,,600,450
ISIC_3536529,clinical,True,True,,600,450
ISIC_3537131,dermoscopic,True,True,,600,450
ISIC_3538568,dermoscopic,True,True,,600,450
ISIC_3539413,dermoscopic,True,True,,600,450
ISIC_3539669,clinical,True,True,,600,450
ISIC_3539795,dermoscopic,True,True,,600,450
ISIC_3540017,dermoscopic,True,True,,600,450
ISIC_3540431,dermoscopic,True,True,,600,450
ISIC_3540482,dermoscopic,True,True,,600,450
ISIC_3542359,clinical,True,True,,600,450
ISIC_3543603,clinical,True,True,,600,450
ISIC_3545489,clinical,True,True,,600,450
ISIC_3545744,dermoscopic,True,True,,600,450
ISIC_3547942,dermoscopic,True,True,,600,450
ISIC_3548384,clinical,True,True,,600,450
ISIC_3548770,dermoscopic,True,True,,600,450
ISIC_3553184,clinical,True,True,,600,450
ISIC_3553315,dermoscopic,True,True,,600,450
ISIC_3553323,clinical,True,True,,600,450
ISIC_3555396,dermoscopic,True,True,,600,450
ISIC_3558339,dermoscopic,True,True,,600,450
ISIC_3560001,clinical,True,True,,600,450
ISIC_3560179,dermoscopic,True,True,,600,450
ISIC_3562485,dermoscopic,True,True,,600,450
ISIC_3563806,clinical,True,True,,600,450
ISIC_3564212,clinical,True,True,,600,450
ISIC_3564428,clinical,True,True,,600,450
ISIC_3566394,clinical,True,True,,600,450
ISIC_3567091,dermoscopic,True,True,,600,450
ISIC_3567360,dermoscopic,True,True,,600,450
ISIC_3567810,clinical,True,True,,600,450
ISIC_3568310,dermoscopic,True,True,,600,450
ISIC_3569610,clinical,True,True,,600,450
ISIC_3570541,dermoscopic,True,True,,600,450
ISIC_3573102,clinical,True,True,,600,450
ISIC_3573447,clinical,True,True,,600,450
ISIC_3573709,clinical,True,True,,600,450
ISIC_3574989,clinical,True,True,,600,450
ISIC_3577401,clinical,True,True,,600,450
ISIC_3577478,dermoscopic,True,True,,600,450
ISIC_3578286,dermoscopic,True,True,,600,450
ISIC_3578842,dermoscopic,True,True,,600,450
ISIC_3581058,clinical,True,True,,600,450
ISIC_3581694,clinical,True,True,,600,450
ISIC_3584546,clinical,True,True,,600,450
ISIC_3584809,dermoscopic,True,True,,600,450
ISIC_3585425,dermoscopic,True,True,,600,450
ISIC_3585759,dermoscopic,True,True,,600,450
ISIC_3587587,clinical,True,True,,600,450
ISIC_3587674,dermoscopic,True,True,,600,450
ISIC_3587898,dermoscopic,True,True,,600,450
ISIC_3589220,dermoscopic,True,True,,600,450
ISIC_3589795,clinical,True,True,,600,450
ISIC_3590185,clinical,True,True,,600,450
ISIC_3590619,clinical,True,True,,600,450
ISIC_3591898,dermoscopic,True,True,,600,450
ISIC_3593419,dermoscopic,True,True,,600,450
ISIC_3594514,dermoscopic,True,True,,600,450
ISIC_3594638,dermoscopic,True,True,,600,450
ISIC_3595631,clinical,True,True,,600,450
ISIC_3595673,clinical,True,True,,600,450
ISIC_3596200,clinical,True,True,,600,450
ISIC_3596524,dermoscopic,True,True,,600,450
ISIC_3597945,dermoscopic,True,True,,600,450
ISIC_3599295,dermoscopic,True,True,,600,450
ISIC_3599799,dermoscopic,True,True,,600,450
ISIC_3601357,clinical,True,True,,600,450
ISIC_3601726,clinical,True,True,,600,450
ISIC_3601752,clinical,True,True,,600,450
ISIC_3602145,dermoscopic,True,True,,600,450
ISIC_3603310,clinical,True,True,,600,450
ISIC_3606192,dermoscopic,True,True,,600,450
ISIC_3609001,dermoscopic,True,True,,600,450
ISIC_3610123,clinical,True,True,,600,450
ISIC_3610158,clinical,True,True,,600,450
ISIC_3612044,dermoscopic,True,True,,600,450
ISIC_3613098,clinical,True,True,,600,450
ISIC_3613928,clinical,True,True,,600,450
ISIC_3614265,clinical,True,True,,600,450
ISIC_3614372,clinical,True,True,,600,450
ISIC_3617005,clinical,True,True,,600,450
ISIC_3619795,clinical,True,True,,600,450
ISIC_3620839,dermoscopic,True,True,,600,450
ISIC_3623141,dermoscopic,True,True,,600,450
ISIC_3624913,dermoscopic,True,True,,600,450
ISIC_3625335,dermoscopic,True,True,,600,450
ISIC_3626191,dermoscopic,True,True,,600,450
ISIC_3627147,dermoscopic,True,True,,600,450
ISIC_3627294,dermoscopic,True,True,,600,450
ISIC_3627368,clinical,True,True,,600,450
ISIC_3627672,dermoscopic,True,True,,600,450
ISIC_3628532,dermoscopic,True,True,,600,450
ISIC_3628920,clinical,True,True,,600,450
ISIC_3629047,clinical,True,True,,600,450
ISIC_3631183,dermoscopic,True,True,,600,450
ISIC_3631653,dermoscopic,True,True,,600,450
ISIC_3632192,clinical,True,True,,600,450
ISIC_3633147,dermoscopic,True,True,,600,450
ISIC_3634737,clinical,True,True,,600,450
ISIC_3636477,clinical,True,True,,600,450
ISIC_3636953,dermoscopic,True,True,,600,450
ISIC_3636991,dermoscopic,True,True,,600,450
ISIC_3637593,dermoscopic,True,True,,600,450
ISIC_3638194,clinical,True,True,,600,450
ISIC_3639193,clinical,True,True,,600,450
ISIC_3640695,clinical,True,True,,600,450
ISIC_3642409,clinical,True,True,,600,450
ISIC_3642584,dermoscopic,True,True,,600,450
ISIC_3642704,dermoscopic,True,True,,600,450
ISIC_3643046,clinical,True,True,,600,450
ISIC_3644082,dermoscopic,True,True,,600,450
ISIC_3644112,clinical,True,True,,600,450
ISIC_3644578,clinical,True,True,,600,450
ISIC_3645026,clinical,True,True,,600,450
ISIC_3646755,clinical,True,True,,600,450
ISIC_3651770,clinical,True,True,,600,450
ISIC_3652498,clinical,True,True,,600,450
ISIC_3653173,clinical,True,True,,600,450
ISIC_3654837,dermoscopic,True,True,,600,450
ISIC_3656292,clinical,True,True,,600,450
ISIC_3657842,clinical,True,True,,600,450
ISIC_3658597,dermoscopic,True,True,,600,450
ISIC_3658823,dermoscopic,True,True,,600,450
ISIC_3659324,dermoscopic,True,True,,600,450
ISIC_3661021,clinical,True,True,,600,450
ISIC_3661670,dermoscopic,True,True,,600,450
ISIC_3663283,dermoscopic,True,True,,600,450
ISIC_3665449,dermoscopic,True,True,,600,450
ISIC_3666002,dermoscopic,True,True,,600,450
ISIC_3666907,dermoscopic,True,True,,600,450
ISIC_3667052,dermoscopic,True,True,,600,450
ISIC_3668445,dermoscopic,True,True,,600,450
ISIC_3668509,clinical,True,True,,600,450
ISIC_3669176,dermoscopic,True,True,,600,450
ISIC_3669322,clinical,True,True,,600,450
ISIC_3670069,dermoscopic,True,True,,600,450
ISIC_3672274,dermoscopic,True,True,,600,450
ISIC_3672764,clinical,True,True,,600,450
ISIC_3672834,clinical,True,True,,600,450
ISIC_3672849,clinical,True,True,,600,450
ISIC_3673744,dermoscopic,True,True,,600,450
ISIC_3673916,dermoscopic,True,True,,600,450
ISIC_3675396,dermoscopic,True,True,,600,450
ISIC_3675883,dermoscopic,True,True,,600,450
ISIC_3676018,dermoscopic,True,True,,600,450
ISIC_3676848,clinical,True,True,,600,450
ISIC_3678654,dermoscopic,True,True,,600,450
ISIC_3679455,clinical,True,True,,600,450
ISIC_3683640,clinical,True,True,,600,450
ISIC_3685267,dermoscopic,True,True,,600,450
ISIC_3685271,clinical,True,True,,600,450
ISIC_3687721,dermoscopic,True,True,,600,450
ISIC_3688627,clinical,True,True,,600,450
ISIC_3688805,dermoscopic,True,True,,600,450
ISIC_3689085,dermoscopic,True,True,,600,450
ISIC_3689711,dermoscopic,True,True,,600,450
ISIC_3690079,clinical,True,True,,600,450
ISIC_3691801,dermoscopic,True,True,,600,450
ISIC_3693749,clinical,True,True,,600,450
ISIC_3694172,clinical,True,True,,600,450
ISIC_3694700,clinical,True,True,,600,450
ISIC_3696217,clinical,True,True,,600,450
ISIC_3698441,dermoscopic,True,True,,600,450
ISIC_3701587,clinical,True,True,,600,450
ISIC_3703123,dermoscopic,True,True,,600,450
ISIC_3704603,dermoscopic,True,True,,600,450
ISIC_3705057,dermoscopic,True,True,,600,450
ISIC_3705158,dermoscopic,True,True,,600,450
ISIC_3706698,dermoscopic,True,True,,600,450
ISIC_3707347,clinical,True,True,,600,450
ISIC_3708140,clinical,True,True,,600,450
ISIC_3708334,dermoscopic,True,True,,600,450
ISIC_3709727,dermoscopic,True,True,,600,450
ISIC_3712412,dermoscopic,True,True,,600,450
ISIC_3713055,dermoscopic,True,True,,600,450
ISIC_3715127,dermoscopic,True,True,,600,450
ISIC_3715527,clinical,True,True,,600,450
ISIC_3716241,clinical,True,True,,600,450
ISIC_3716373,clinical,True,True,,600,450
ISIC_3717176,dermoscopic,True,True,,600,450
ISIC_3719395,clinical,True,True,,600,450
ISIC_3719515,clinical,True,True,,600,450
ISIC_3720143,dermoscopic,True,True,,600,450
ISIC_3721391,dermoscopic,True,True,,600,450
ISIC_3722054,dermoscopic,True,True,,600,450
ISIC_3722799,dermoscopic,True,True,,600,450
ISIC_3723692,clinical,True,True,,600,450
ISIC_3724648,clinical,True,True,,600,450
ISIC_3725108,clinical,True,True,,600,450
ISIC_3727364,clinical,True,True,,600,450
ISIC_3727371,dermoscopic,True,True,,600,450
ISIC_3727735,dermoscopic,True,True,,600,450
ISIC_3729094,clinical,True,True,,600,450
ISIC_3729865,dermoscopic,True,True,,600,450
ISIC_3730239,dermoscopic,True,True,,600,450
ISIC_3730545,dermoscopic,True,True,,600,450
ISIC_3733902,dermoscopic,True,True,,600,450
ISIC_3734095,dermoscopic,True,True,,600,450
ISIC_3734574,clinical,True,True,,600,450
ISIC_3735182,dermoscopic,True,True,,600,450
ISIC_3735481,dermoscopic,True,True,,600,450
ISIC_3735485,clinical,True,True,,600,450
ISIC_3736563,clinical,True,True,,600,450
ISIC_3736605,clinical,True,True,,600,450
ISIC_3737700,dermoscopic,True,True,,600,450
ISIC_3739337,clinical,True,True,,600,450
ISIC_3740583,clinical,True,True,,600,450
ISIC_3740957,clinical,True,True,,600,450
ISIC_3740979,clinical,True,True,,600,450
ISIC_3741929,dermoscopic,True,True,,600,450
ISIC_3743625,clinical,True,True,,600,450
ISIC_3744785,clinical,True,True,,600,450
ISIC_3744853,clinical,True,True,,600,450
ISIC_3746960,clinical,True,True,,600,450
ISIC_3748464,clinical,True,True,,600,450
ISIC_3748838,clinical,True,True,,600,450
ISIC_3750512,dermoscopic,True,True,,600,450
ISIC_3750787,dermoscopic,True,True,,600,450
ISIC_3751292,dermoscopic,True,True,,600,450
ISIC_3751769,clinical,True,True,,600,450
ISIC_3754933,dermoscopic,True,True,,600,450
ISIC_3757262,clinical,True,True,,600,450
ISIC_3759305,clinical,True,True,,600,450
ISIC_3759344,clinical,True,True,,600,450
ISIC_3760355,dermoscopic,True,True,,600,450
ISIC_3761563,clinical,True,True,,600,450
ISIC_3762115,dermoscopic,True,True,,600,450
ISIC_3762126,dermoscopic,True,True,,600,450
ISIC_3763694,clinical,True,True,,600,450
ISIC_3763896,dermoscopic,True,True,,600,450
ISIC_3765070,clinical,True,True,,600,450
ISIC_3765481,dermoscopic,True,True,,600,450
ISIC_3766990,dermoscopic,True,True,,600,450
ISIC_3769180,dermoscopic,True,True,,600,450
ISIC_3769575,clinical,True,True,,600,450
ISIC_3769921,clinical,True,True,,600,450
ISIC_3770337,dermoscopic,True,True,,600,450
ISIC_3770484,clinical,True,True,,600,450
ISIC_3772519,dermoscopic,True,True,,600,450
ISIC_3773277,dermoscopic,True,True,,600,450
ISIC_3774225,dermoscopic,True,True,,600,450
ISIC_3774678,clinical,True,True,,600,450
ISIC_3774739,clinical,True,True,,600,450
ISIC_3776498,clinical,True,True,,600,450
ISIC_3776721,clinical,True,True,,600,450
ISIC_3778059,clinical,True,True,,600,450
ISIC_3779625,dermoscopic,True,True,,600,450
ISIC_3780652,dermoscopic,True,True,,600,450
ISIC_3782736,dermoscopic,True,True,,600,450
ISIC_3782737,clinical,True,True,,600,450
ISIC_3782771,dermoscopic,True,True,,600,450
ISIC_3783849,dermoscopic,True,True,,600,450
ISIC_3783885,dermoscopic,True,True,,600,450
ISIC_3784009,clinical,True,True,,600,450
ISIC_3785074,clinical,True,True,,600,450
ISIC_3785448,clinical,True,True,,600,450
ISIC_3786263,clinical,True,True,,600,450
ISIC_3788301,dermoscopic,True,True,,600,450
ISIC_3788562,dermoscopic,True,True,,600,450
ISIC_3788989,dermoscopic,True,True,,600,450
ISIC_3789455,dermoscopic,True,True,,600,450
ISIC_3789914,dermoscopic,True,True,,600,450
ISIC_3790590,clinical,True,True,,600,450
ISIC_3791100,clinical,True,True,,600,450
ISIC_3791559,dermoscopic,True,True,,600,450
ISIC_3792868,dermoscopic,True,True,,600,450
ISIC_3793299,clinical,True,True,,600,450
ISIC_3794267,dermoscopic,True,True,,600,450
ISIC_3794620,dermoscopic,True,True,,600,450
ISIC_3797221,clinical,True,True,,600,450
ISIC_3797260,dermoscopic,True,True,,600,450
ISIC_3799041,dermoscopic,True,True,,600,450
ISIC_3799953,dermoscopic,True,True,,600,450
ISIC_3807230,dermoscopic,True,True,,600,450
ISIC_3807348,dermoscopic,True,True,,600,450
ISIC_3810251,dermoscopic,True,True,,600,450
ISIC_3813726,dermoscopic,True,True,,600,450
ISIC_3814826,clinical,True,True,,600,450
ISIC_3817961,clinical,True,True,,600,450
ISIC_3818412,dermoscopic,True,True,,600,450
ISIC_3818502,clinical,True,True,,600,450
ISIC_3818927,dermoscopic,True,True,,600,450
ISIC_3819646,clinical,True,True,,600,450
ISIC_3819687,dermoscopic,True,True,,600,450
ISIC_3820500,dermoscopic,True,True,,600,450
ISIC_3822340,dermoscopic,True,True,,600,450
ISIC_3822722,dermoscopic,True,True,,600,450
ISIC_3824162,dermoscopic,True,True,,600,450
ISIC_3824264,dermoscopic,True,True,,600,450
ISIC_3824638,clinical,True,True,,600,450
ISIC_3825515,dermoscopic,True,True,,600,450
ISIC_3825679,dermoscopic,True,True,,600,450
ISIC_3826101,dermoscopic,True,True,,600,450
ISIC_3826563,dermoscopic,True,True,,600,450
ISIC_3827392,clinical,True,True,,600,450
ISIC_3830454,clinical,True,True,,600,450
ISIC_3830802,clinical,True,True,,600,450
ISIC_3831165,dermoscopic,True,True,,600,450
ISIC_3831775,dermoscopic,True,True,,600,450
ISIC_3831969,clinical,True,True,,600,450
ISIC_3832062,dermoscopic,True,True,,600,450
ISIC_3833952,clinical,True,True,,600,450
ISIC_3835932,dermoscopic,True,True,,600,450
ISIC_3836165,dermoscopic,True,True,,600,450
ISIC_3836510,dermoscopic,True,True,,600,450
ISIC_3836605,clinical,True,True,,600,450
ISIC_3836648,dermoscopic,True,True,,600,450
ISIC_3837734,dermoscopic,True,True,,600,450
ISIC_3838800,clinical,True,True,,600,450
ISIC_3838940,clinical,True,True,,600,450
ISIC_3840818,clinical,True,True,,600,450
ISIC_3841279,clinical,True,True,,600,450
ISIC_3843458,clinical,True,True,,600,450
ISIC_3844756,clinical,True,True,,600,450
ISIC_3845463,clinical,True,True,,600,450
ISIC_3845812,clinical,True,True,,600,450
ISIC_3845941,clinical,True,True,,600,450
ISIC_3846189,clinical,True,True,,600,450
ISIC_3846256,dermoscopic,True,True,,600,450
ISIC_3846262,dermoscopic,True,True,,600,450
ISIC_3849096,dermoscopic,True,True,,600,450
ISIC_3851477,dermoscopic,True,True,,600,450
ISIC_3852303,clinical,True,True,,600,450
ISIC_3852630,dermoscopic,True,True,,600,450
ISIC_3853000,dermoscopic,True,True,,600,450
ISIC_3853115,clinical,True,True,,600,450
ISIC_3859478,dermoscopic,True,True,,600,450
ISIC_3860071,dermoscopic,True,True,,600,450
ISIC_3861067,clinical,True,True,,600,450
ISIC_3861361,dermoscopic,True,True,,600,450
ISIC_3861977,dermoscopic,True,True,,600,450
ISIC_3862106,dermoscopic,True,True,,600,450
ISIC_3862963,dermoscopic,True,True,,600,450
ISIC_3865643,dermoscopic,True,True,,600,450
ISIC_3865889,clinical,True,True,,600,450
ISIC_3866655,dermoscopic,True,True,,600,450
ISIC_3869104,dermoscopic,True,True,,600,450
ISIC_3869200,dermoscopic,True,True,,600,450
ISIC_3869672,dermoscopic,True,True,,600,450
ISIC_3870717,clinical,True,True,,600,450
ISIC_3871156,clinical,True,True,,600,450
ISIC_3873129,clinical,True,True,,600,450
ISIC_3873657,clinical,True,True,,600,450
ISIC_3873824,dermoscopic,True,True,,600,450
ISIC_3874242,dermoscopic,True,True,,600,450
ISIC_3875460,clinical,True,True,,600,450
ISIC_3877266,dermoscopic,True,True,,600,450
ISIC_3877513,dermoscopic,True,True,,600,450
ISIC_3877894,clinical,True,True,,600,450
ISIC_3881302,clinical,True,True,,600,450
ISIC_3881677,dermoscopic,True,True,,600,450
ISIC_3881896,dermoscopic,True,True,,600,450
ISIC_3884851,clinical,True,True,,600,450
ISIC_3885747,dermoscopic,True,True,,600,450
ISIC_3885798,clinical,True,True,,600,450
ISIC_3885903,clinical,True,True,,600,450
ISIC_3887050,dermoscopic,True,True,,600,450
ISIC_3888868,dermoscopic,True,True,,600,450
ISIC_3890513,clinical,True,True,,600,450
ISIC_3892467,clinical,True,True,,600,450
ISIC_3892538,dermoscopic,True,True,,600,450
ISIC_3897449,clinical,True,True,,600,450
ISIC_3897642,clinical,True,True,,600,450
ISIC_3897686,dermoscopic,True,True,,600,450
ISIC_3900958,clinical,True,True,,600,450
ISIC_3902457,clinical,True,True,,600,450
ISIC_3902522,dermoscopic,True,True,,600,450
ISIC_3903505,clinical,True,True,,600,450
ISIC_3904045,clinical,True,True,,600,450
ISIC_3905088,dermoscopic,True,True,,600,450
ISIC_3905157,dermoscopic,True,True,,600,450
ISIC_3905379,clinical,True,True,,600,450
ISIC_3905888,dermoscopic,True,True,,600,450
ISIC_3906432,clinical,True,True,,600,450
ISIC_3906498,clinical,True,True,,600,450
ISIC_3906512,dermoscopic,True,True,,600,450
ISIC_3908025,clinical,True,True,,600,450
ISIC_3908138,clinical,True,True,,600,450
ISIC_3909654,dermoscopic,True,True,,600,450
ISIC_3910778,dermoscopic,True,True,,600,450
ISIC_3911179,dermoscopic,True,True,,600,450
ISIC_3913255,dermoscopic,True,True,,600,450
ISIC_3914025,clinical,True,True,,600,450
ISIC_3916461,clinical,True,True,,600,450
ISIC_3917002,dermoscopic,True,True,,600,450
ISIC_3917176,dermoscopic,True,True,,600,450
ISIC_3917948,dermoscopic,True,True,,600,450
ISIC_3918888,dermoscopic,True,True,,600,450
ISIC_3921610,clinical,True,True,,600,450
ISIC_3924227,clinical,True,True,,600,450
ISIC_3925970,clinical,True,True,,600,450
ISIC_3926968,dermoscopic,True,True,,600,450
ISIC_3928700,clinical,True,True,,600,450
ISIC_3931577,dermoscopic,True,True,,600,450
ISIC_3931844,clinical,True,True,,600,450
ISIC_3932303,clinical,True,True,,600,450
ISIC_3933164,dermoscopic,True,True,,600,450
ISIC_3933356,clinical,True,True,,600,450
ISIC_3933736,dermoscopic,True,True,,600,450
ISIC_3934861,dermoscopic,True,True,,600,450
ISIC_3934885,dermoscopic,True,True,,600,450
ISIC_3935025,dermoscopic,True,True,,600,450
ISIC_3935952,clinical,True,True,,600,450
ISIC_3937278,dermoscopic,True,True,,600,450
ISIC_3938095,dermoscopic,True,True,,600,450
ISIC_3939868,clinical,True,True,,600,450
ISIC_3942613,dermoscopic,True,True,,600,450
ISIC_3942749,clinical,True,True,,600,450
ISIC_3943135,dermoscopic,True,True,,600,450
ISIC_3943289,clinical,True,True,,600,450
ISIC_3945160,dermoscopic,True,True,,600,450
ISIC_3945933,dermoscopic,True,True,,600,450
ISIC_3945964,clinical,True,True,,600,450
ISIC_3946401,dermoscopic,True,True,,600,450
ISIC_3946986,clinical,True,True,,600,450
ISIC_3947520,clinical,True,True,,600,450
ISIC_3950514,dermoscopic,True,True,,600,450
ISIC_3952412,dermoscopic,True,True,,600,450
ISIC_3952676,clinical,True,True,,600,450
ISIC_3955799,clinical,True,True,,600,450
ISIC_3957660,dermoscopic,True,True,,600,450
ISIC_3959129,dermoscopic,True,True,,600,450
ISIC_3959224,clinical,True,True,,600,450
ISIC_3959713,dermoscopic,True,True,,600,450
ISIC_3961718,dermoscopic,True,True,,600,450
ISIC_3961758,clinical,True,True,,600,450
ISIC_3962666,clinical,True,True,,600,450
ISIC_3963646,clinical,True,True,,600,450
ISIC_3965246,clinical,True,True,,600,450
ISIC_3965502,dermoscopic,True,True,,600,450
ISIC_3966507,clinical,True,True,,600,450
ISIC_3967417,dermoscopic,True,True,,600,450
ISIC_3967970,clinical,True,True,,600,450
ISIC_3968898,dermoscopic,True,True,,600,450
ISIC_3970730,clinical,True,True,,600,450
ISIC_3973393,clinical,True,True,,600,450
ISIC_3974488,dermoscopic,True,True,,600,450
ISIC_3974637,clinical,True,True,,600,450
ISIC_3974863,clinical,True,True,,600,450
ISIC_3974904,dermoscopic,True,True,,600,450
ISIC_3975783,dermoscopic,True,True,,600,450
ISIC_3977951,clinical,True,True,,600,450
ISIC_3979561,clinical,True,True,,600,450
ISIC_3981334,clinical,True,True,,600,450
ISIC_3981430,dermoscopic,True,True,,600,450
ISIC_3981911,dermoscopic,True,True,,600,450
ISIC_3982759,dermoscopic,True,True,,600,450
ISIC_3983224,dermoscopic,True,True,,600,450
ISIC_3984912,clinical,True,True,,600,450
ISIC_3985588,clinical,True,True,,600,450
ISIC_3986103,dermoscopic,True,True,,600,450
ISIC_3986538,dermoscopic,True,True,,600,450
ISIC_3991986,clinical,True,True,,600,450
ISIC_3993701,dermoscopic,True,True,,600,450
ISIC_3994760,clinical,True,True,,600,450
ISIC_3995849,dermoscopic,True,True,,600,450
ISIC_3995853,dermoscopic,True,True,,600,450
ISIC_3997102,dermoscopic,True,True,,600,450
ISIC_3999304,dermoscopic,True,True,,600,450
ISIC_4004241,clinical,True,True,,600,450
ISIC_4005803,clinical,True,True,,600,450
ISIC_4007259,clinical,True,True,,600,450
ISIC_4009830,clinical,True,True,,600,450
ISIC_4011704,clinical,True,True,,600,450
ISIC_4013061,clinical,True,True,,600,450
ISIC_4013307,dermoscopic,True,True,,600,450
ISIC_4013983,clinical,True,True,,600,450
ISIC_4014870,clinical,True,True,,600,450
ISIC_4017835,clinical,True,True,,600,450
ISIC_4018932,clinical,True,True,,600,450
ISIC_4018978,clinical,True,True,,600,450
ISIC_4019827,dermoscopic,True,True,,600,450
ISIC_4020367,dermoscopic,True,True,,600,450
ISIC_4021072,clinical,True,True,,600,450
ISIC_4022483,dermoscopic,True,True,,600,450
ISIC_4022680,clinical,True,True,,600,450
ISIC_4025658,dermoscopic,True,True,,600,450
ISIC_4026621,clinical,True,True,,600,450
ISIC_4026962,clinical,True,True,,600,450
ISIC_4027141,dermoscopic,True,True,,600,450
ISIC_4028106,clinical,True,True,,600,450
ISIC_4028370,dermoscopic,True,True,,600,450
ISIC_4030094,clinical,True,True,,600,450
ISIC_4030354,dermoscopic,True,True,,600,450
ISIC_4031105,clinical,True,True,,600,450
ISIC_4031450,clinical,True,True,,600,450
ISIC_4032370,dermoscopic,True,True,,600,450
ISIC_4033538,clinical,True,True,,600,450
ISIC_4034196,clinical,True,True,,600,450
ISIC_4034626,dermoscopic,True,True,,600,450
ISIC_4034716,clinical,True,True,,600,450
ISIC_4037796,clinical,True,True,,600,450
ISIC_4038238,dermoscopic,True,True,,600,450
ISIC_4040199,clinical,True,True,,600,450
ISIC_4040829,clinical,True,True,,600,450
ISIC_4042084,clinical,True,True,,600,450
ISIC_4042132,dermoscopic,True,True,,600,450
ISIC_4043291,clinical,True,True,,600,450
ISIC_4043337,clinical,True,True,,600,450
ISIC_4043651,dermoscopic,True,True,,600,450
ISIC_4045574,dermoscopic,True,True,,600,450
ISIC_4045666,clinical,True,True,,600,450
ISIC_4046643,clinical,True,True,,600,450
ISIC_4048377,clinical,True,True,,600,450
ISIC_4049057,dermoscopic,True,True,,600,450
ISIC_4051459,clinical,True,True,,600,450
ISIC_4051514,dermoscopic,True,True,,600,450
ISIC_4051799,dermoscopic,True,True,,600,450
ISIC_4056904,dermoscopic,True,True,,600,450
ISIC_4057179,clinical,True,True,,600,450
ISIC_4057182,clinical,True,True,,600,450
ISIC_4058425,clinical,True,True,,600,450
ISIC_4060384,dermoscopic,True,True,,600,450
ISIC_4060718,clinical,True,True,,600,450
ISIC_4061154,dermoscopic,True,True,,600,450
ISIC_4061158,clinical,True,True,,600,450
ISIC_4062304,dermoscopic,True,True,,600,450
ISIC_4063953,dermoscopic,True,True,,600,450
ISIC_4064312,clinical,True,True,,600,450
ISIC_4065190,clinical,True,True,,600,450
ISIC_4065256,clinical,True,True,,600,450
ISIC_4065657,clinical,True,True,,600,450
ISIC_4065991,clinical,True,True,,600,450
ISIC_4066448,clinical,True,True,,600,450
ISIC_4066771,dermoscopic,True,True,,600,450
ISIC_4070008,clinical,True,True,,600,450
ISIC_4071197,clinical,True,True,,600,450
ISIC_4071486,clinical,True,True,,600,450
ISIC_4071634,clinical,True,True,,600,450
ISIC_4071700,clinical,True,True,,600,450
ISIC_4071946,clinical,True,True,,600,450
ISIC_4072524,dermoscopic,True,True,,600,450
ISIC_4072785,clinical,True,True,,600,450
ISIC_4075407,clinical,True,True,,600,450
ISIC_4075850,dermoscopic,True,True,,600,450
ISIC_4079070,clinical,True,True,,600,450
ISIC_4080936,clinical,True,True,,600,450
ISIC_4080973,dermoscopic,True,True,,600,450
ISIC_4081526,clinical,True,True,,600,450
ISIC_4082323,clinical,True,True,,600,450
ISIC_4082328,dermoscopic,True,True,,600,450
ISIC_4082454,dermoscopic,True,True,,600,450
ISIC_4083123,clinical,True,True,,600,450
ISIC_4083158,dermoscopic,True,True,,600,450
ISIC_4090560,dermoscopic,True,True,,600,450
ISIC_4091147,clinical,True,True,,600,450
ISIC_4091460,dermoscopic,True,True,,600,450
ISIC_4092604,dermoscopic,True,True,,600,450
ISIC_4093313,dermoscopic,True,True,,600,450
ISIC_4093535,clinical,True,True,,600,450
ISIC_4093606,dermoscopic,True,True,,600,450
ISIC_4094390,clinical,True,True,,600,450
ISIC_4097142,clinical,True,True,,600,450
ISIC_4098601,clinical,True,True,,600,450
ISIC_4101918,dermoscopic,True,True,,600,450
ISIC_4103277,clinical,True,True,,600,450
ISIC_4103339,dermoscopic,True,True,,600,450
ISIC_4104303,clinical,True,True,,600,450
ISIC_4104512,clinical,True,True,,600,450
ISIC_4106032,dermoscopic,True,True,,600,450
ISIC_4109800,clinical,True,True,,600,450
ISIC_4112456,dermoscopic,True,True,,600,450
ISIC_4112547,clinical,True,True,,600,450
ISIC_4113126,clinical,True,True,,600,450
ISIC_4113429,dermoscopic,True,True,,600,450
ISIC_4113553,dermoscopic,True,True,,600,450
ISIC_4116005,dermoscopic,True,True,,600,450
ISIC_4116218,dermoscopic,True,True,,600,450
ISIC_4117748,dermoscopic,True,True,,600,450
ISIC_4117941,clinical,True,True,,600,450
ISIC_4119665,dermoscopic,True,True,,600,450
ISIC_4119708,clinical,True,True,,600,450
ISIC_4120065,clinical,True,True,,600,450
ISIC_4120304,dermoscopic,True,True,,600,450
ISIC_4122077,clinical,True,True,,600,450
ISIC_4122632,clinical,True,True,,600,450
ISIC_4122655,clinical,True,True,,600,450
ISIC_4123254,clinical,True,True,,600,450
ISIC_4123715,clinical,True,True,,600,450
ISIC_4127514,clinical,True,True,,600,450
ISIC_4128998,clinical,True,True,,600,450
ISIC_4129053,clinical,True,True,,600,450
ISIC_4129256,clinical,True,True,,600,450
ISIC_4132905,dermoscopic,True,True,,600,450
ISIC_4133448,dermoscopic,True,True,,600,450
ISIC_4135378,clinical,True,True,,600,450
ISIC_4135497,dermoscopic,True,True,,600,450
ISIC_4136790,clinical,True,True,,600,450
ISIC_4138482,clinical,True,True,,600,450
ISIC_4138489,dermoscopic,True,True,,600,450
ISIC_4138560,clinical,True,True,,600,450
ISIC_4138716,clinical,True,True,,600,450
ISIC_4139755,clinical,True,True,,600,450
ISIC_4140673,clinical,True,True,,600,450
ISIC_4140786,clinical,True,True,,600,450
ISIC_4141251,dermoscopic,True,True,,600,450
ISIC_4141321,dermoscopic,True,True,,600,450
ISIC_4141354,clinical,True,True,,600,450
ISIC_4141476,dermoscopic,True,True,,600,450
ISIC_4145656,clinical,True,True,,600,450
ISIC_4146139,dermoscopic,True,True,,600,450
ISIC_4146599,clinical,True,True,,600,450
ISIC_4146633,dermoscopic,True,True,,600,450
ISIC_4146816,clinical,True,True,,600,450
ISIC_4148797,dermoscopic,True,True,,600,450
ISIC_4148971,dermoscopic,True,True,,600,450
ISIC_4150948,clinical,True,True,,600,450
ISIC_4152827,dermoscopic,True,True,,600,450
ISIC_4154321,clinical,True,True,,600,450
ISIC_4155558,dermoscopic,True,True,,600,450
ISIC_4155762,clinical,True,True,,600,450
ISIC_4156101,clinical,True,True,,600,450
ISIC_4156387,clinical,True,True,,600,450
ISIC_4156431,dermoscopic,True,True,,600,450
ISIC_4156628,dermoscopic,True,True,,600,450
ISIC_4156886,clinical,True,True,,600,450
ISIC_4157522,dermoscopic,True,True,,600,450
ISIC_4158219,dermoscopic,True,True,,600,450
ISIC_4158420,clinical,True,True,,600,450
ISIC_4161639,clinical,True,True,,600,450
ISIC_4162103,clinical,True,True,,600,450
ISIC_4162668,clinical,True,True,,600,450
ISIC_4163384,dermoscopic,True,True,,600,450
ISIC_4167447,dermoscopic,True,True,,600,450
ISIC_4168419,dermoscopic,True,True,,600,450
ISIC_4168673,dermoscopic,True,True,,600,450
ISIC_4169509,dermoscopic,True,True,,600,450
ISIC_4170754,clinical,True,True,,600,450
ISIC_4171190,clinical,True,True,,600,450
ISIC_4171479,clinical,True,True,,600,450
ISIC_4171839,dermoscopic,True,True,,600,450
ISIC_4174672,dermoscopic,True,True,,600,450
ISIC_4175612,clinical,True,True,,600,450
ISIC_4175828,clinical,True,True,,600,450
ISIC_4176108,dermoscopic,True,True,,600,450
ISIC_4176839,clinical,True,True,,600,450
ISIC_4176987,clinical,True,True,,600,450
ISIC_4177510,clinical,True,True,,600,450
ISIC_4178605,clinical,True,True,,600,450
ISIC_4178690,dermoscopic,True,True,,600,450
ISIC_4179264,clinical,True,True,,600,450
ISIC_4179757,clinical,True,True,,600,450
ISIC_4180324,dermoscopic,True,True,,600,450
ISIC_4180763,clinical,True,True,,600,450
ISIC_4181074,clinical,True,True,,600,450
ISIC_4181298,clinical,True,True,,600,450
ISIC_4183641,dermoscopic,True,True,,600,450
ISIC_4184819,dermoscopic,True,True,,600,450
ISIC_4185473,dermoscopic,True,True,,600,450
ISIC_4185934,dermoscopic,True,True,,600,450
ISIC_4186049,clinical,True,True,,600,450
ISIC_4186883,dermoscopic,True,True,,600,450
ISIC_4187456,dermoscopic,True,True,,600,450
ISIC_4189363,dermoscopic,True,True,,600,450
ISIC_4191448,dermoscopic,True,True,,600,450
ISIC_4191930,dermoscopic,True,True,,600,450
ISIC_4192230,dermoscopic,True,True,,600,450
ISIC_4194168,dermoscopic,True,True,,600,450
ISIC_4194365,clinical,True,True,,600,450
ISIC_4194491,clinical,True,True,,600,450
ISIC_4194507,clinical,True,True,,600,450
ISIC_4196278,dermoscopic,True,True,,600,450
ISIC_4198312,dermoscopic,True,True,,600,450
ISIC_4198936,clinical,True,True,,600,450
ISIC_4200513,dermoscopic,True,True,,600,450
ISIC_4203842,dermoscopic,True,True,,600,450
ISIC_4204828,dermoscopic,True,True,,600,450
ISIC_4204876,dermoscopic,True,True,,600,450
ISIC_4205403,clinical,True,True,,600,450
ISIC_4205802,clinical,True,True,,600,450
ISIC_4206533,clinical,True,True,,600,450
ISIC_4207196,clinical,True,True,,600,450
ISIC_4208233,clinical,True,True,,600,450
ISIC_4209803,dermoscopic,True,True,,600,450
ISIC_4210097,dermoscopic,True,True,,600,450
ISIC_4210592,clinical,True,True,,600,450
ISIC_4213648,dermoscopic,True,True,,600,450
ISIC_4213914,dermoscopic,True,True,,600,450
ISIC_4214316,clinical,True,True,,600,450
ISIC_4215075,dermoscopic,True,True,,600,450
ISIC_4216061,dermoscopic,True,True,,600,450
ISIC_4216162,dermoscopic,True,True,,600,450
ISIC_4217947,clinical,True,True,,600,450
ISIC_4218589,dermoscopic,True,True,,600,450
ISIC_4218751,dermoscopic,True,True,,600,450
ISIC_4222750,dermoscopic,True,True,,600,450
ISIC_4222832,clinical,True,True,,600,450
ISIC_4222996,clinical,True,True,,600,450
ISIC_4224540,dermoscopic,True,True,,600,450
ISIC_4224743,dermoscopic,True,True,,600,450
ISIC_4225046,clinical,True,True,,600,450
ISIC_4225100,clinical,True,True,,600,450
ISIC_4225552,dermoscopic,True,True,,600,450
ISIC_4225650,dermoscopic,True,True,,600,450
ISIC_4226769,clinical,True,True,,600,450
ISIC_4228893,dermoscopic,True,True,,600,450
ISIC_4229124,clinical,True,True,,600,450
ISIC_4229574,clinical,True,True,,600,450
ISIC_4230181,dermoscopic,True,True,,600,450
ISIC_4230532,clinical,True,True,,600,450
ISIC_4231056,dermoscopic,True,True,,600,450
ISIC_4231370,clinical,True,True,,600,450
ISIC_4231378,dermoscopic,True,True,,600,450
ISIC_4232474,dermoscopic,True,True,,600,450
ISIC_4235290,dermoscopic,True,True,,600,450
ISIC_4235575,dermoscopic,True,True,,600,450
ISIC_4235697,dermoscopic,True,True,,600,450
ISIC_4235972,dermoscopic,True,True,,600,450
ISIC_4236187,dermoscopic,True,True,,600,450
ISIC_4237744,dermoscopic,True,True,,600,450
ISIC_4237789,clinical,True,True,,600,450
ISIC_4239743,clinical,True,True,,600,450
ISIC_4242454,clinical,True,True,,600,450
ISIC_4243006,dermoscopic,True,True,,600,450
ISIC_4243113,dermoscopic,True,True,,600,450
ISIC_4245317,clinical,True,True,,600,450
ISIC_4246217,clinical,True,True,,600,450
ISIC_4246393,dermoscopic,True,True,,600,450
ISIC_4246896,dermoscopic,True,True,,600,450
ISIC_4247695,dermoscopic,True,True,,600,450
ISIC_4249004,dermoscopic,True,True,,600,450
ISIC_4252005,dermoscopic,True,True,,600,450
ISIC_4252694,dermoscopic,True,True,,600,450
ISIC_4253845,clinical,True,True,,600,450
ISIC_4254313,clinical,True,True,,600,450
ISIC_4254329,clinical,True,True,,600,450
ISIC_4254662,clinical,True,True,,600,450
ISIC_4254772,dermoscopic,True,True,,600,450
ISIC_4256565,clinical,True,True,,600,450
ISIC_4256719,dermoscopic,True,True,,600,450
ISIC_4257125,clinical,True,True,,600,450
ISIC_4257621,clinical,True,True,,600,450
ISIC_4257866,dermoscopic,True,True,,600,450
ISIC_4258900,clinical,True,True,,600,450
ISIC_4260452,clinical,True,True,,600,450
ISIC_4261803,clinical,True,True,,600,450
ISIC_4262185,dermoscopic,True,True,,600,450
ISIC_4263491,clinical,True,True,,600,450
ISIC_4264456,clinical,True,True,,600,450
ISIC_4265106,dermoscopic,True,True,,600,450
ISIC_4265404,clinical,True,True,,600,450
ISIC_4267031,clinical,True,True,,600,450
ISIC_4267147,clinical,True,True,,600,450
ISIC_4268667,clinical,True,True,,600,450
ISIC_4268847,clinical,True,True,,600,450
ISIC_4268989,clinical,True,True,,600,450
ISIC_4270494,dermoscopic,True,True,,600,450
ISIC_4271987,clinical,True,True,,600,450
ISIC_4272095,dermoscopic,True,True,,600,450
ISIC_4272600,dermoscopic,True,True,,600,450
ISIC_4273109,clinical,True,True,,600,450
ISIC_4273674,dermoscopic,True,True,,600,450
ISIC_4275458,dermoscopic,True,True,,600,450
ISIC_4275620,clinical,True,True,,600,450
ISIC_4275923,dermoscopic,True,True,,600,450
ISIC_4276424,clinical,True,True,,600,450
ISIC_4277194,dermoscopic,True,True,,600,450
ISIC_4277953,dermoscopic,True,True,,600,450
ISIC_4277959,dermoscopic,True,True,,600,450
ISIC_4278930,dermoscopic,True,True,,600,450
ISIC_4279073,clinical,True,True,,600,450
ISIC_4281031,dermoscopic,True,True,,600,450
ISIC_4281048,dermoscopic,True,True,,600,450
ISIC_4282374,clinical,True,True,,600,450
ISIC_4282506,dermoscopic,True,True,,600,450
ISIC_4282860,dermoscopic,True,True,,600,450
ISIC_4283540,clinical,True,True,,600,450
ISIC_4285661,clinical,True,True,,600,450
ISIC_4288009,clinical,True,True,,600,450
ISIC_4291049,dermoscopic,True,True,,600,450
ISIC_4291408,clinical,True,True,,600,450
ISIC_4292605,clinical,True,True,,600,450
ISIC_4294236,clinical,True,True,,600,450
ISIC_4296407,dermoscopic,True,True,,600,450
ISIC_4297082,clinical,True,True,,600,450
ISIC_4297088,clinical,True,True,,600,450
ISIC_4297812,dermoscopic,True,True,,600,450
ISIC_4299958,clinical,True,True,,600,450
ISIC_4300672,dermoscopic,True,True,,600,450
ISIC_4301316,clinical,True,True,,600,450
ISIC_4301937,clinical,True,True,,600,450
ISIC_4301953,dermoscopic,True,True,,600,450
ISIC_4302597,dermoscopic,True,True,,600,450
ISIC_4303207,clinical,True,True,,600,450
ISIC_4303795,clinical,True,True,,600,450
ISIC_4305600,clinical,True,True,,600,450
ISIC_4306480,dermoscopic,True,True,,600,450
ISIC_4307237,dermoscopic,True,True,,600,450
ISIC_4307786,dermoscopic,True,True,,600,450
ISIC_4307964,clinical,True,True,,600,450
ISIC_4308394,clinical,True,True,,600,450
ISIC_4308587,dermoscopic,True,True,,600,450
ISIC_4310441,dermoscopic,True,True,,600,450
ISIC_4310588,dermoscopic,True,True,,600,450
ISIC_4310927,dermoscopic,True,True,,600,450
ISIC_4311112,dermoscopic,True,True,,600,450
ISIC_4311703,dermoscopic,True,True,,600,450
ISIC_4312494,dermoscopic,True,True,,600,450
ISIC_4313961,clinical,True,True,,600,450
ISIC_4314742,dermoscopic,True,True,,600,450
ISIC_4315074,dermoscopic,True,True,,600,450
ISIC_4315238,clinical,True,True,,600,450
ISIC_4315425,dermoscopic,True,True,,600,450
ISIC_4315588,clinical,True,True,,600,450
ISIC_4316216,clinical,True,True,,600,450
ISIC_4316755,clinical,True,True,,600,450
ISIC_4316947,dermoscopic,True,True,,600,450
ISIC_4317864,clinical,True,True,,600,450
ISIC_4318027,clinical,True,True,,600,450
ISIC_4320592,clinical,True,True,,600,450
ISIC_4322162,clinical,True,True,,600,450
ISIC_4323016,dermoscopic,True,True,,600,450
ISIC_4323711,clinical,True,True,,600,450
ISIC_4324758,dermoscopic,True,True,,600,450
ISIC_4325142,clinical,True,True,,600,450
ISIC_4325233,dermoscopic,True,True,,600,450
ISIC_4325605,dermoscopic,True,True,,600,450
ISIC_4325688,dermoscopic,True,True,,600,450
ISIC_4328393,dermoscopic,True,True,,600,450
ISIC_4329526,dermoscopic,True,True,,600,450
ISIC_4329801,dermoscopic,True,True,,600,450
ISIC_4330244,clinical,True,True,,600,450
ISIC_4330850,clinical,True,True,,600,450
ISIC_4330964,dermoscopic,True,True,,600,450
ISIC_4331231,clinical,True,True,,600,450
ISIC_4336547,clinical,True,True,,600,450
ISIC_4337041,clinical,True,True,,600,450
ISIC_4337693,dermoscopic,True,True,,600,450
ISIC_4338535,dermoscopic,True,True,,600,450
ISIC_4341118,dermoscopic,True,True,,600,450
ISIC_4342189,clinical,True,True,,600,450
ISIC_4342648,clinical,True,True,,600,450
ISIC_4343032,clinical,True,True,,600,450
ISIC_4343132,clinical,True,True,,600,450
ISIC_4343144,clinical,True,True,,600,450
ISIC_4343848,dermoscopic,True,True,,600,450
ISIC_4344365,clinical,True,True,,600,450
ISIC_4345273,dermoscopic,True,True,,600,450
ISIC_4345415,dermoscopic,True,True,,600,450
ISIC_4345756,dermoscopic,True,True,,600,450
ISIC_4345819,clinical,True,True,,600,450
ISIC_4345873,clinical,True,True,,600,450
ISIC_4346905,dermoscopic,True,True,,600,450
ISIC_4347690,dermoscopic,True,True,,600,450
ISIC_4347782,clinical,True,True,,600,450
ISIC_4347789,dermoscopic,True,True,,600,450
ISIC_4348115,dermoscopic,True,True,,600,450
ISIC_4349004,dermoscopic,True,True,,600,450
ISIC_4349051,clinical,True,True,,600,450
ISIC_4349272,dermoscopic,True,True,,600,450
ISIC_4350109,clinical,True,True,,600,450
ISIC_4350222,dermoscopic,True,True,,600,450
ISIC_4351882,dermoscopic,True,True,,600,450
ISIC_4352140,dermoscopic,True,True,,600,450
ISIC_4352572,clinical,True,True,,600,450
ISIC_4352757,clinical,True,True,,600,450
ISIC_4353551,dermoscopic,True,True,,600,450
ISIC_4354115,dermoscopic,True,True,,600,450
ISIC_4357109,clinical,True,True,,600,450
ISIC_4357637,dermoscopic,True,True,,600,450
ISIC_4357940,dermoscopic,True,True,,600,450
ISIC_4358555,clinical,True,True,,600,450
ISIC_4358907,dermoscopic,True,True,,600,450
ISIC_4360620,dermoscopic,True,True,,600,450
ISIC_4362069,clinical,True,True,,600,450
ISIC_4362166,clinical,True,True,,600,450
ISIC_4363100,dermoscopic,True,True,,600,450
ISIC_4363333,dermoscopic,True,True,,600,450
ISIC_4365319,clinical,True,True,,600,450
ISIC_4368655,clinical,True,True,,600,450
ISIC_4369433,dermoscopic,True,True,,600,450
ISIC_4370328,dermoscopic,True,True,,600,450
ISIC_4370676,dermoscopic,True,True,,600,450
ISIC_4371078,clinical,True,True,,600,450
ISIC_4371553,clinical,True,True,,600,450
ISIC_4373192,clinical,True,True,,600,450
ISIC_4375630,clinical,True,True,,600,450
ISIC_4375866,dermoscopic,True,True,,600,450
ISIC_4376280,dermoscopic,True,True,,600,450
ISIC_4377239,dermoscopic,True,True,,600,450
ISIC_4378281,clinical,True,True,,600,450
ISIC_4378484,dermoscopic,True,True,,600,450
ISIC_4378485,dermoscopic,True,True,,600,450
ISIC_4379610,clinical,True,True,,600,450
ISIC_4380028,dermoscopic,True,True,,600,450
ISIC_4380499,dermoscopic,True,True,,600,450
ISIC_4381433,dermoscopic,True,True,,600,450
ISIC_4381662,dermoscopic,True,True,,600,450
ISIC_4382908,clinical,True,True,,600,450
ISIC_4384446,clinical,True,True,,600,450
ISIC_4384547,dermoscopic,True,True,,600,450
ISIC_4385584,dermoscopic,True,True,,600,450
ISIC_4386149,dermoscopic,True,True,,600,450
ISIC_4386519,dermoscopic,True,True,,600,450
ISIC_4388573,dermoscopic,True,True,,600,450
ISIC_4389317,clinical,True,True,,600,450
ISIC_4389754,dermoscopic,True,True,,600,450
ISIC_4391227,dermoscopic,True,True,,600,450
ISIC_4391247,clinical,True,True,,600,450
ISIC_4391320,clinical,True,True,,600,450
ISIC_4391368,dermoscopic,True,True,,600,450
ISIC_4393750,clinical,True,True,,600,450
ISIC_4395957,clinical,True,True,,600,450
ISIC_4396652,clinical,True,True,,600,450
ISIC_4397628,clinical,True,True,,600,450
ISIC_4399830,dermoscopic,True,True,,600,450
ISIC_4400687,dermoscopic,True,True,,600,450
ISIC_4401551,clinical,True,True,,600,450
ISIC_4406265,clinical,True,True,,600,450
ISIC_4406973,dermoscopic,True,True,,600,450
ISIC_4407417,dermoscopic,True,True,,600,450
ISIC_4407741,clinical,True,True,,600,450
ISIC_4408708,clinical,True,True,,600,450
ISIC_4409610,dermoscopic,True,True,,600,450
ISIC_4410078,dermoscopic,True,True,,600,450
ISIC_4411067,dermoscopic,True,True,,600,450
ISIC_4412263,clinical,True,True,,600,450
ISIC_4412646,dermoscopic,True,True,,600,450
ISIC_4413011,dermoscopic,True,True,,600,450
ISIC_4416373,dermoscopic,True,True,,600,450
ISIC_4416938,dermoscopic,True,True,,600,450
ISIC_4419306,dermoscopic,True,True,,600,450
ISIC_4420449,clinical,True,True,,600,450
ISIC_4420662,clinical,True,True,,600,450
ISIC_4421204,clinical,True,True,,600,450
ISIC_4421697,dermoscopic,True,True,,600,450
ISIC_4423752,dermoscopic,True,True,,600,450
ISIC_4424010,clinical,True,True,,600,450
ISIC_4424871,clinical,True,True,,600,450
ISIC_4425251,dermoscopic,True,True,,600,450
ISIC_4425852,dermoscopic,True,True,,600,450
ISIC_4426174,clinical,True,True,,600,450
ISIC_4426257,dermoscopic,True,True,,600,450
ISIC_4426808,dermoscopic,True,True,,600,450
ISIC_4426986,clinical,True,True,,600,450
ISIC_4427207,dermoscopic,True,True,,600,450
ISIC_4427785,dermoscopic,True,True,,600,450
ISIC_4428176,dermoscopic,True,True,,600,450
ISIC_4428215,clinical,True,True,,600,450
ISIC_4429484,clinical,True,True,,600,450
ISIC_4429526,clinical,True,True,,600,450
ISIC_4429544,dermoscopic,True,True,,600,450
ISIC_4430642,clinical,True,True,,600,450
ISIC_4431113,dermoscopic,True,True,,600,450
ISIC_4431906,clinical,True,True,,600,450
ISIC_4432152,dermoscopic,True,True,,600,450
ISIC_4437851,clinical,True,True,,600,450
ISIC_4438000,clinical,True,True,,600,450
ISIC_4438089,clinical,True,True,,600,450
ISIC_4438725,dermoscopic,True,True,,600,450
ISIC_4439069,clinical,True,True,,600,450
ISIC_4439657,clinical,True,True,,600,450
ISIC_4440119,dermoscopic,True,True,,600,450
ISIC_4441956,clinical,True,True,,600,450
ISIC_4442146,dermoscopic,True,True,,600,450
ISIC_4442378,dermoscopic,True,True,,600,450
ISIC_4442537,clinical,True,True,,600,450
ISIC_4443257,clinical,True,True,,600,450
ISIC_4443638,dermoscopic,True,True,,600,450
ISIC_4444763,dermoscopic,True,True,,600,450
ISIC_4444955,dermoscopic,True,True,,600,450
ISIC_4444976,dermoscopic,True,True,,600,450
ISIC_4445549,dermoscopic,True,True,,600,450
ISIC_4448691,clinical,True,True,,600,450
ISIC_4449884,clinical,True,True,,600,450
ISIC_4452365,clinical,True,True,,600,450
ISIC_4452788,clinical,True,True,,600,450
ISIC_4454419,dermoscopic,True,True,,600,450
ISIC_4456941,clinical,True,True,,600,450
ISIC_4458763,dermoscopic,True,True,,600,450
ISIC_4460423,clinical,True,True,,600,450
ISIC_4463160,dermoscopic,True,True,,600,450
ISIC_4463461,clinical,True,True,,600,450
ISIC_4464487,clinical,True,True,,600,450
ISIC_4464668,clinical,True,True,,600,450
ISIC_4465960,dermoscopic,True,True,,600,450
ISIC_4466417,clinical,True,True,,600,450
ISIC_4466925,clinical,True,True,,600,450
ISIC_4467312,dermoscopic,True,True,,600,450
ISIC_4467591,clinical,True,True,,600,450
ISIC_4467920,clinical,True,True,,600,450
ISIC_4468146,clinical,True,True,,600,450
ISIC_4468660,clinical,True,True,,600,450
ISIC_4469500,clinical,True,True,,600,450
ISIC_4469657,dermoscopic,True,True,,600,450
ISIC_4470087,clinical,True,True,,600,450
ISIC_4470805,dermoscopic,True,True,,600,450
ISIC_4471113,dermoscopic,True,True,,600,450
ISIC_4471122,clinical,True,True,,600,450
ISIC_4471156,clinical,True,True,,600,450
ISIC_4471703,clinical,True,True,,600,450
ISIC_4471978,clinical,True,True,,600,450
ISIC_4472727,clinical,True,True,,600,450
ISIC_4473773,dermoscopic,True,True,,600,450
ISIC_4474327,clinical,True,True,,600,450
ISIC_4474700,clinical,True,True,,600,450
ISIC_4474831,clinical,True,True,,600,450
ISIC_4475597,clinical,True,True,,600,450
ISIC_4476901,clinical,True,True,,600,450
ISIC_4478313,clinical,True,True,,600,450
ISIC_4478363,dermoscopic,True,True,,600,450
ISIC_4480326,dermoscopic,True,True,,600,450
ISIC_4480429,clinical,True,True,,600,450
ISIC_4481385,dermoscopic,True,True,,600,450
ISIC_4482208,dermoscopic,True,True,,600,450
ISIC_4482209,dermoscopic,True,True,,600,450
ISIC_4482349,dermoscopic,True,True,,600,450
ISIC_4483583,dermoscopic,True,True,,600,450
ISIC_4484543,clinical,True,True,,600,450
ISIC_4484804,clinical,True,True,,600,450
ISIC_4485409,dermoscopic,True,True,,600,450
ISIC_4485467,dermoscopic,True,True,,600,450
ISIC_4485874,dermoscopic,True,True,,600,450
ISIC_4486341,dermoscopic,True,True,,600,450
ISIC_4486982,clinical,True,True,,600,450
ISIC_4487781,clinical,True,True,,600,450
ISIC_4488663,clinical,True,True,,600,450
ISIC_4489369,dermoscopic,True,True,,600,450
ISIC_4489370,clinical,True,True,,600,450
ISIC_4489436,clinical,True,True,,600,450
ISIC_4489686,dermoscopic,True,True,,600,450
ISIC_4490295,dermoscopic,True,True,,600,450
ISIC_4490552,dermoscopic,True,True,,600,450
ISIC_4490935,dermoscopic,True,True,,600,450
ISIC_4491028,dermoscopic,True,True,,600,450
ISIC_4491147,clinical,True,True,,600,450
ISIC_4492675,clinical,True,True,,600,450
ISIC_4492759,dermoscopic,True,True,,600,450
ISIC_4493203,clinical,True,True,,600,450
ISIC_4494081,clinical,True,True,,600,450
ISIC_4494886,dermoscopic,True,True,,600,450
ISIC_4497112,dermoscopic,True,True,,600,450
ISIC_4497730,dermoscopic,True,True,,600,450
ISIC_4499437,clinical,True,True,,600,450
ISIC_4499587,clinical,True,True,,600,450
ISIC_4499650,dermoscopic,True,True,,600,450
ISIC_4500149,clinical,True,True,,600,450
ISIC_4502250,clinical,True,True,,600,450
ISIC_4502259,clinical,True,True,,600,450
ISIC_4503581,dermoscopic,True,True,,600,450
ISIC_4504390,clinical,True,True,,600,450
ISIC_4505155,dermoscopic,True,True,,600,450
ISIC_4506914,dermoscopic,True,True,,600,450
ISIC_4509108,dermoscopic,True,True,,600,450
ISIC_4509507,clinical,True,True,,600,450
ISIC_4509723,clinical,True,True,,600,450
ISIC_4513123,clinical,True,True,,600,450
ISIC_4514529,clinical,True,True,,600,450
ISIC_4516611,clinical,True,True,,600,450
ISIC_4516929,clinical,True,True,,600,450
ISIC_4517185,dermoscopic,True,True,,600,450
ISIC_4517401,dermoscopic,True,True,,600,450
ISIC_4518133,dermoscopic,True,True,,600,450
ISIC_4520270,clinical,True,True,,600,450
ISIC_4520562,clinical,True,True,,600,450
ISIC_4523106,dermoscopic,True,True,,600,450
ISIC_4523157,clinical,True,True,,600,450
ISIC_4523213,clinical,True,True,,600,450
ISIC_4523525,dermoscopic,True,True,,600,450
ISIC_4524898,clinical,True,True,,600,450
ISIC_4526071,clinical,True,True,,600,450
ISIC_4526175,clinical,True,True,,600,450
ISIC_4526994,clinical,True,True,,600,450
ISIC_4527478,dermoscopic,True,True,,600,450
ISIC_4529113,clinical,True,True,,600,450
ISIC_4529704,clinical,True,True,,600,450
ISIC_4530809,clinical,True,True,,600,450
ISIC_4531147,clinical,True,True,,600,450
ISIC_4532622,clinical,True,True,,600,450
ISIC_4533084,clinical,True,True,,600,450
ISIC_4534460,dermoscopic,True,True,,600,450
ISIC_4536103,dermoscopic,True,True,,600,450
ISIC_4536273,clinical,True,True,,600,450
ISIC_4538438,dermoscopic,True,True,,600,450
ISIC_4540189,clinical,True,True,,600,450
ISIC_4541978,clinical,True,True,,600,450
ISIC_4542004,dermoscopic,True,True,,600,450
ISIC_4542447,clinical,True,True,,600,450
ISIC_4544829,clinical,True,True,,600,450
ISIC_4546388,dermoscopic,True,True,,600,450
ISIC_4546539,clinical,True,True,,600,450
ISIC_4548708,dermoscopic,True,True,,600,450
ISIC_4548759,dermoscopic,True,True,,600,450
ISIC_4549707,clinical,True,True,,600,450
ISIC_4552372,dermoscopic,True,True,,600,450
ISIC_4552842,dermoscopic,True,True,,600,450
ISIC_4553466,dermoscopic,True,True,,600,450
ISIC_4553574,clinical,True,True,,600,450
ISIC_4554471,dermoscopic,True,True,,600,450
ISIC_4554893,dermoscopic,True,True,,600,450
ISIC_4557242,clinical,True,True,,600,450
ISIC_4557470,clinical,True,True,,600,450
ISIC_4558719,clinical,True,True,,600,450
ISIC_4560708,clinical,True,True,,600,450
ISIC_4560761,clinical,True,True,,600,450
ISIC_4561114,dermoscopic,True,True,,600,450
ISIC_4562629,dermoscopic,True,True,,600,450
ISIC_4563142,dermoscopic,True,True,,600,450
ISIC_4564343,clinical,True,True,,600,450
ISIC_4564652,clinical,True,True,,600,450
ISIC_4564958,dermoscopic,True,True,,600,450
ISIC_4565131,dermoscopic,True,True,,600,450
ISIC_4565417,dermoscopic,True,True,,600,450
ISIC_4566511,clinical,True,True,,600,450
ISIC_4566874,dermoscopic,True,True,,600,450
ISIC_4568904,clinical,True,True,,600,450
ISIC_4571498,dermoscopic,True,True,,600,450
ISIC_4572206,clinical,True,True,,600,450
ISIC_4573337,dermoscopic,True,True,,600,450
ISIC_4573444,dermoscopic,True,True,,600,450
ISIC_4574340,clinical,True,True,,600,450
ISIC_4574908,clinical,True,True,,600,450
ISIC_4575840,clinical,True,True,,600,450
ISIC_4576379,dermoscopic,True,True,,600,450
ISIC_4577203,dermoscopic,True,True,,600,450
ISIC_4578129,clinical,True,True,,600,450
ISIC_4581129,dermoscopic,True,True,,600,450
ISIC_4581953,dermoscopic,True,True,,600,450
ISIC_4582043,dermoscopic,True,True,,600,450
ISIC_4583576,clinical,True,True,,600,450
ISIC_4583761,dermoscopic,True,True,,600,450
ISIC_4584837,clinical,True,True,,600,450
ISIC_4584930,clinical,True,True,,600,450
ISIC_4584962,dermoscopic,True,True,,600,450
ISIC_4585749,dermoscopic,True,True,,600,450
ISIC_4586954,dermoscopic,True,True,,600,450
ISIC_4587766,clinical,True,True,,600,450
ISIC_4588258,dermoscopic,True,True,,600,450
ISIC_4588701,dermoscopic,True,True,,600,450
ISIC_4588970,dermoscopic,True,True,,600,450
ISIC_4589630,dermoscopic,True,True,,600,450
ISIC_4590231,clinical,True,True,,600,450
ISIC_4590345,clinical,True,True,,600,450
ISIC_4591575,dermoscopic,True,True,,600,450
ISIC_4594517,clinical,True,True,,600,450
ISIC_4594686,dermoscopic,True,True,,600,450
ISIC_4596353,dermoscopic,True,True,,600,450
ISIC_4597054,dermoscopic,True,True,,600,450
ISIC_4597469,dermoscopic,True,True,,600,450
ISIC_4597516,clinical,True,True,,600,450
ISIC_4597536,clinical,True,True,,600,450
ISIC_4597624,clinical,True,True,,600,450
ISIC_4597915,clinical,True,True,,600,450
ISIC_4598485,dermoscopic,True,True,,600,450
ISIC_4598786,dermoscopic,True,True,,600,450
ISIC_4599000,dermoscopic,True,True,,600,450
ISIC_4599594,dermoscopic,True,True,,600,450
ISIC_4601154,dermoscopic,True,True,,600,450
ISIC_4602130,dermoscopic,True,True,,600,450
ISIC_4602849,dermoscopic,True,True,,600,450
ISIC_4602943,clinical,True,True,,600,450
ISIC_4604175,clinical,True,True,,600,450
ISIC_4604978,dermoscopic,True,True,,600,450
ISIC_4605939,dermoscopic,True,True,,600,450
ISIC_4606877,dermoscopic,True,True,,600,450
ISIC_4607582,dermoscopic,True,True,,600,450
ISIC_4607649,dermoscopic,True,True,,600,450
ISIC_4608930,dermoscopic,True,True,,600,450
ISIC_4609417,dermoscopic,True,True,,600,450
ISIC_4612891,clinical,True,True,,600,450
ISIC_4613132,clinical,True,True,,600,450
ISIC_4613268,dermoscopic,True,True,,600,450
ISIC_4613280,clinical,True,True,,600,450
ISIC_4613878,clinical,True,True,,600,450
ISIC_4613924,dermoscopic,True,True,,600,450
ISIC_4616394,dermoscopic,True,True,,600,450
ISIC_4617290,dermoscopic,True,True,,600,450
ISIC_4618150,clinical,True,True,,600,450
ISIC_4618811,clinical,True,True,,600,450
ISIC_4620865,clinical,True,True,,600,450
ISIC_4620895,clinical,True,True,,600,450
ISIC_4621745,clinical,True,True,,600,450
ISIC_4622192,dermoscopic,True,True,,600,450
ISIC_4622676,dermoscopic,True,True,,600,450
ISIC_4626097,dermoscopic,True,True,,600,450
ISIC_4626190,dermoscopic,True,True,,600,450
ISIC_4628391,clinical,True,True,,600,450
ISIC_4629088,dermoscopic,True,True,,600,450
ISIC_4630771,dermoscopic,True,True,,600,450
ISIC_4631892,clinical,True,True,,600,450
ISIC_4632123,dermoscopic,True,True,,600,450
ISIC_4635975,clinical,True,True,,600,450
ISIC_4637440,dermoscopic,True,True,,600,450
ISIC_4637590,clinical,True,True,,600,450
ISIC_4638443,clinical,True,True,,600,450
ISIC_4639628,dermoscopic,True,True,,600,450
ISIC_4639978,clinical,True,True,,600,450
ISIC_4640009,dermoscopic,True,True,,600,450
ISIC_4640643,clinical,True,True,,600,450
ISIC_4640979,clinical,True,True,,600,450
ISIC_4641356,dermoscopic,True,True,,600,450
ISIC_4641479,clinical,True,True,,600,450
ISIC_4642078,clinical,True,True,,600,450
ISIC_4642906,dermoscopic,True,True,,600,450
ISIC_4646662,dermoscopic,True,True,,600,450
ISIC_4647126,dermoscopic,True,True,,600,450
ISIC_4648640,dermoscopic,True,True,,600,450
ISIC_4648933,dermoscopic,True,True,,600,450
ISIC_4649816,dermoscopic,True,True,,600,450
ISIC_4652327,clinical,True,True,,600,450
ISIC_4653572,dermoscopic,True,True,,600,450
ISIC_4653787,clinical,True,True,,600,450
ISIC_4654586,dermoscopic,True,True,,600,450
ISIC_4654961,clinical,True,True,,600,450
ISIC_4655906,clinical,True,True,,600,450
ISIC_4656199,dermoscopic,True,True,,600,450
ISIC_4656723,clinical,True,True,,600,450
ISIC_4659670,dermoscopic,True,True,,600,450
ISIC_4660700,dermoscopic,True,True,,600,450
ISIC_4661049,clinical,True,True,,600,450
ISIC_4662348,dermoscopic,True,True,,600,450
ISIC_4662941,clinical,True,True,,600,450
ISIC_4665494,clinical,True,True,,600,450
ISIC_4666384,clinical,True,True,,600,450
ISIC_4668008,dermoscopic,True,True,,600,450
ISIC_4668657,dermoscopic,True,True,,600,450
ISIC_4668708,dermoscopic,True,True,,600,450
ISIC_4668728,clinical,True,True,,600,450
ISIC_4669543,clinical,True,True,,600,450
ISIC_4671410,dermoscopic,True,True,,600,450
ISIC_4671582,dermoscopic,True,True,,600,450
ISIC_4672310,clinical,True,True,,600,450
ISIC_4674125,dermoscopic,True,True,,600,450
ISIC_4675163,clinical,True,True,,600,450
ISIC_4678467,clinical,True,True,,600,450
ISIC_4679707,dermoscopic,True,True,,600,450
ISIC_4680472,clinical,True,True,,600,450
ISIC_4680765,dermoscopic,True,True,,600,450
ISIC_4681024,dermoscopic,True,True,,600,450
ISIC_4682172,clinical,True,True,,600,450
ISIC_4683265,dermoscopic,True,True,,600,450
ISIC_4683384,clinical,True,True,,600,450
ISIC_4683499,clinical,True,True,,600,450
ISIC_4684596,dermoscopic,True,True,,600,450
ISIC_4684676,dermoscopic,True,True,,600,450
ISIC_4685235,clinical,True,True,,600,450
ISIC_4685270,clinical,True,True,,600,450
ISIC_4686711,dermoscopic,True,True,,600,450
ISIC_4687962,dermoscopic,True,True,,600,450
ISIC_4689083,clinical,True,True,,600,450
ISIC_4689149,clinical,True,True,,600,450
ISIC_4690427,dermoscopic,True,True,,600,450
ISIC_4691032,clinical,True,True,,600,450
ISIC_4691479,dermoscopic,True,True,,600,450
ISIC_4692254,clinical,True,True,,600,450
ISIC_4696657,clinical,True,True,,600,450
ISIC_4700136,clinical,True,True,,600,450
ISIC_4700918,dermoscopic,True,True,,600,450
ISIC_4701849,clinical,True,True,,600,450
ISIC_4703321,dermoscopic,True,True,,600,450
ISIC_4703455,clinical,True,True,,600,450
ISIC_4707994,clinical,True,True,,600,450
ISIC_4708288,dermoscopic,True,True,,600,450
ISIC_4710855,dermoscopic,True,True,,600,450
ISIC_4712387,clinical,True,True,,600,450
ISIC_4712987,dermoscopic,True,True,,600,450
ISIC_4713403,dermoscopic,True,True,,600,450
ISIC_4713478,clinical,True,True,,600,450
ISIC_4714408,clinical,True,True,,600,450
ISIC_4716627,dermoscopic,True,True,,600,450
ISIC_4716765,clinical,True,True,,600,450
ISIC_4718280,clinical,True,True,,600,450
ISIC_4719265,clinical,True,True,,600,450
ISIC_4720694,dermoscopic,True,True,,600,450
ISIC_4720934,clinical,True,True,,600,450
ISIC_4721060,dermoscopic,True,True,,600,450
ISIC_4722161,clinical,True,True,,600,450
ISIC_4722294,dermoscopic,True,True,,600,450
ISIC_4726329,clinical,True,True,,600,450
ISIC_4726470,dermoscopic,True,True,,600,450
ISIC_4727154,clinical,True,True,,600,450
ISIC_4728787,dermoscopic,True,True,,600,450
ISIC_4729676,dermoscopic,True,True,,600,450
ISIC_4730750,clinical,True,True,,600,450
ISIC_4733269,dermoscopic,True,True,,600,450
ISIC_4733429,dermoscopic,True,True,,600,450
ISIC_4733745,clinical,True,True,,600,450
ISIC_4735258,dermoscopic,True,True,,600,450
ISIC_4735270,clinical,True,True,,600,450
ISIC_4736865,dermoscopic,True,True,,600,450
ISIC_4737695,dermoscopic,True,True,,600,450
ISIC_4737794,clinical,True,True,,600,450
ISIC_4738070,dermoscopic,True,True,,600,450
ISIC_4738084,clinical,True,True,,600,450
ISIC_4740515,dermoscopic,True,True,,600,450
ISIC_4740743,clinical,True,True,,600,450
ISIC_4741194,clinical,True,True,,600,450
ISIC_4741777,clinical,True,True,,600,450
ISIC_4742339,dermoscopic,True,True,,600,450
ISIC_4742379,dermoscopic,True,True,,600,450
ISIC_4743338,dermoscopic,True,True,,600,450
ISIC_4743479,clinical,True,True,,600,450
ISIC_4749092,dermoscopic,True,True,,600,450
ISIC_4752546,clinical,True,True,,600,450
ISIC_4753918,dermoscopic,True,True,,600,450
ISIC_4756850,clinical,True,True,,600,450
ISIC_4757362,dermoscopic,True,True,,600,450
ISIC_4757447,dermoscopic,True,True,,600,450
ISIC_4759066,clinical,True,True,,600,450
ISIC_4759275,clinical,True,True,,600,450
ISIC_4760114,dermoscopic,True,True,,600,450
ISIC_4760443,dermoscopic,True,True,,600,450
ISIC_4761686,dermoscopic,True,True,,600,450
ISIC_4763505,dermoscopic,True,True,,600,450
ISIC_4765663,dermoscopic,True,True,,600,450
ISIC_4767902,clinical,True,True,,600,450
ISIC_4768009,clinical,True,True,,600,450
ISIC_4769059,clinical,True,True,,600,450
ISIC_4770601,clinical,True,True,,600,450
ISIC_4770621,dermoscopic,True,True,,600,450
ISIC_4770739,clinical,True,True,,600,450
ISIC_4771395,clinical,True,True,,600,450
ISIC_4771678,dermoscopic,True,True,,600,450
ISIC_4771926,clinical,True,True,,600,450
ISIC_4773028,dermoscopic,True,True,,600,450
ISIC_4775207,clinical,True,True,,600,450
ISIC_4775625,clinical,True,True,,600,450
ISIC_4780938,dermoscopic,True,True,,600,450
ISIC_4783176,clinical,True,True,,600,450
ISIC_4784047,clinical,True,True,,600,450
ISIC_4785619,dermoscopic,True,True,,600,450
ISIC_4787120,dermoscopic,True,True,,600,450
ISIC_4788552,dermoscopic,True,True,,600,450
ISIC_4791946,clinical,True,True,,600,450
ISIC_4792565,dermoscopic,True,True,,600,450
ISIC_4793381,clinical,True,True,,600,450
ISIC_4793606,dermoscopic,True,True,,600,450
ISIC_4794413,dermoscopic,True,True,,600,450
ISIC_4794988,clinical,True,True,,600,450
ISIC_4795806,dermoscopic,True,True,,600,450
ISIC_4796147,dermoscopic,True,True,,600,450
ISIC_4796243,clinical,True,True,,600,450
ISIC_4797048,clinical,True,True,,600,450
ISIC_4797688,clinical,True,True,,600,450
ISIC_4799293,dermoscopic,True,True,,600,450
ISIC_4799523,clinical,True,True,,600,450
ISIC_4801832,dermoscopic,True,True,,600,450
ISIC_4803004,dermoscopic,True,True,,600,450
ISIC_4803473,clinical,True,True,,600,450
ISIC_4806633,clinical,True,True,,600,450
ISIC_4806887,clinical,True,True,,600,450
ISIC_4807163,dermoscopic,True,True,,600,450
ISIC_4807554,dermoscopic,True,True,,600,450
ISIC_4810104,clinical,True,True,,600,450
ISIC_4811323,clinical,True,True,,600,450
ISIC_4815149,clinical,True,True,,600,450
ISIC_4820255,dermoscopic,True,True,,600,450
ISIC_4821214,dermoscopic,True,True,,600,450
ISIC_4821829,clinical,True,True,,600,450
ISIC_4822631,dermoscopic,True,True,,600,450
ISIC_4823638,dermoscopic,True,True,,600,450
ISIC_4823764,clinical,True,True,,600,450
ISIC_4827917,dermoscopic,True,True,,600,450
ISIC_4829038,dermoscopic,True,True,,600,450
ISIC_4830413,clinical,True,True,,600,450
ISIC_4833123,dermoscopic,True,True,,600,450
ISIC_4834358,clinical,True,True,,600,450
ISIC_4835287,clinical,True,True,,600,450
ISIC_4836899,clinical,True,True,,600,450
ISIC_4837156,clinical,True,True,,600,450
ISIC_4838706,clinical,True,True,,600,450
ISIC_4839895,clinical,True,True,,600,450
ISIC_4840056,dermoscopic,True,True,,600,450
ISIC_4840771,clinical,True,True,,600,450
ISIC_4841357,clinical,True,True,,600,450
ISIC_4842094,clinical,True,True,,600,450
ISIC_4842466,dermoscopic,True,True,,600,450
ISIC_4842886,dermoscopic,True,True,,600,450
ISIC_4845560,dermoscopic,True,True,,600,450
ISIC_4845673,clinical,True,True,,600,450
ISIC_4845899,dermoscopic,True,True,,600,450
ISIC_4847052,dermoscopic,True,True,,600,450
ISIC_4848886,clinical,True,True,,600,450
ISIC_4849294,clinical,True,True,,600,450
ISIC_4849906,dermoscopic,True,True,,600,450
ISIC_4850035,clinical,True,True,,600,450
ISIC_4851185,dermoscopic,True,True,,600,450
ISIC_4851411,dermoscopic,True,True,,600,450
ISIC_4853537,dermoscopic,True,True,,600,450
ISIC_4857268,dermoscopic,True,True,,600,450
ISIC_4857675,clinical,True,True,,600,450
ISIC_4859866,dermoscopic,True,True,,600,450
ISIC_4859968,dermoscopic,True,True,,600,450
ISIC_4860954,clinical,True,True,,600,450
ISIC_4860957,clinical,True,True,,600,450
ISIC_4862456,clinical,True,True,,600,450
ISIC_4862589,clinical,True,True,,600,450
ISIC_4865809,dermoscopic,True,True,,600,450
ISIC_4868603,clinical,True,True,,600,450
ISIC_4869343,dermoscopic,True,True,,600,450
ISIC_4869964,dermoscopic,True,True,,600,450
ISIC_4871000,clinical,True,True,,600,450
ISIC_4871002,clinical,True,True,,600,450
ISIC_4871864,clinical,True,True,,600,450
ISIC_4872000,clinical,True,True,,600,450
ISIC_4872496,dermoscopic,True,True,,600,450
ISIC_4873477,clinical,True,True,,600,450
ISIC_4873822,dermoscopic,True,True,,600,450
ISIC_4875335,dermoscopic,True,True,,600,450
ISIC_4875678,clinical,True,True,,600,450
ISIC_4876540,dermoscopic,True,True,,600,450
ISIC_4877646,dermoscopic,True,True,,600,450
ISIC_4877797,dermoscopic,True,True,,600,450
ISIC_4879615,clinical,True,True,,600,450
ISIC_4879730,clinical,True,True,,600,450
ISIC_4881815,dermoscopic,True,True,,600,450
ISIC_4881986,clinical,True,True,,600,450
ISIC_4885518,clinical,True,True,,600,450
ISIC_4885574,dermoscopic,True,True,,600,450
ISIC_4886295,dermoscopic,True,True,,600,450
ISIC_4886441,dermoscopic,True,True,,600,450
ISIC_4886585,clinical,True,True,,600,450
ISIC_4887914,clinical,True,True,,600,450
ISIC_4887943,dermoscopic,True,True,,600,450
ISIC_4888153,clinical,True,True,,600,450
ISIC_4888771,dermoscopic,True,True,,600,450
ISIC_4889654,clinical,True,True,,600,450
ISIC_4889821,dermoscopic,True,True,,600,450
ISIC_4889822,dermoscopic,True,True,,600,450
ISIC_4890139,dermoscopic,True,True,,600,450
ISIC_4891216,dermoscopic,True,True,,600,450
ISIC_4891974,dermoscopic,True,True,,600,450
ISIC_4892815,clinical,True,True,,600,450
ISIC_4893353,clinical,True,True,,600,450
ISIC_4894144,clinical,True,True,,600,450
ISIC_4895877,clinical,True,True,,600,450
ISIC_4896772,clinical,True,True,,600,450
ISIC_4896814,dermoscopic,True,True,,600,450
ISIC_4896910,dermoscopic,True,True,,600,450
ISIC_4897116,clinical,True,True,,600,450
ISIC_4898312,clinical,True,True,,600,450
ISIC_4898917,dermoscopic,True,True,,600,450
ISIC_4900087,clinical,True,True,,600,450
ISIC_4900201,clinical,True,True,,600,450
ISIC_4900556,clinical,True,True,,600,450
ISIC_4901003,clinical,True,True,,600,450
ISIC_4901933,dermoscopic,True,True,,600,450
ISIC_4902119,clinical,True,True,,600,450
ISIC_4905525,dermoscopic,True,True,,600,450
ISIC_4905823,dermoscopic,True,True,,600,450
ISIC_4907310,clinical,True,True,,600,450
ISIC_4908497,clinical,True,True,,600,450
ISIC_4909505,dermoscopic,True,True,,600,450
ISIC_4909590,clinical,True,True,,600,450
ISIC_4909682,clinical,True,True,,600,450
ISIC_4910424,dermoscopic,True,True,,600,450
ISIC_4911521,dermoscopic,True,True,,600,450
ISIC_4912510,dermoscopic,True,True,,600,450
ISIC_4913073,clinical,True,True,,600,450
ISIC_4913500,dermoscopic,True,True,,600,450
ISIC_4914433,dermoscopic,True,True,,600,450
ISIC_4914852,dermoscopic,True,True,,600,450
ISIC_4915601,clinical,True,True,,600,450
ISIC_4916643,dermoscopic,True,True,,600,450
ISIC_4916835,clinical,True,True,,600,450
ISIC_4919090,dermoscopic,True,True,,600,450
ISIC_4919280,dermoscopic,True,True,,600,450
ISIC_4919326,clinical,True,True,,600,450
ISIC_4920461,dermoscopic,True,True,,600,450
ISIC_4921441,clinical,True,True,,600,450
ISIC_4923148,clinical,True,True,,600,450
ISIC_4923499,clinical,True,True,,600,450
ISIC_4923934,dermoscopic,True,True,,600,450
ISIC_4924759,clinical,True,True,,600,450
ISIC_4924775,dermoscopic,True,True,,600,450
ISIC_4925038,clinical,True,True,,600,450
ISIC_4925748,clinical,True,True,,600,450
ISIC_4926295,clinical,True,True,,600,450
ISIC_4927149,dermoscopic,True,True,,600,450
ISIC_4929016,clinical,True,True,,600,450
ISIC_4929247,dermoscopic,True,True,,600,450
ISIC_4929586,dermoscopic,True,True,,600,450
ISIC_4930751,clinical,True,True,,600,450
ISIC_4932148,dermoscopic,True,True,,600,450
ISIC_4932799,clinical,True,True,,600,450
ISIC_4933345,dermoscopic,True,True,,600,450
ISIC_4933905,dermoscopic,True,True,,600,450
ISIC_4933959,clinical,True,True,,600,450
ISIC_4934707,dermoscopic,True,True,,600,450
ISIC_4935816,dermoscopic,True,True,,600,450
ISIC_4936029,dermoscopic,True,True,,600,450
ISIC_4937672,dermoscopic,True,True,,600,450
ISIC_4938829,dermoscopic,True,True,,600,450
ISIC_4939357,dermoscopic,True,True,,600,450
ISIC_4940127,dermoscopic,True,True,,600,450
ISIC_4940435,clinical,True,True,,600,450
ISIC_4940514,clinical,True,True,,600,450
ISIC_4941462,clinical,True,True,,600,450
ISIC_4942291,clinical,True,True,,600,450
ISIC_4943359,dermoscopic,True,True,,600,450
ISIC_4943472,dermoscopic,True,True,,600,450
ISIC_4943764,clinical,True,True,,600,450
ISIC_4945500,clinical,True,True,,600,450
ISIC_4946681,clinical,True,True,,600,450
ISIC_4949237,dermoscopic,True,True,,600,450
ISIC_4949753,clinical,True,True,,600,450
ISIC_4950049,clinical,True,True,,600,450
ISIC_4951263,clinical,True,True,,600,450
ISIC_4951972,dermoscopic,True,True,,600,450
ISIC_4952289,clinical,True,True,,600,450
ISIC_4952639,clinical,True,True,,600,450
ISIC_4953526,clinical,True,True,,600,450
ISIC_4954192,dermoscopic,True,True,,600,450
ISIC_4955572,dermoscopic,True,True,,600,450
ISIC_4955834,clinical,True,True,,600,450
ISIC_4955912,dermoscopic,True,True,,600,450
ISIC_4956012,dermoscopic,True,True,,600,450
ISIC_4957395,clinical,True,True,,600,450
ISIC_4957526,dermoscopic,True,True,,600,450
ISIC_4957929,dermoscopic,True,True,,600,450
ISIC_4958487,clinical,True,True,,600,450
ISIC_4958589,dermoscopic,True,True,,600,450
ISIC_4959784,dermoscopic,True,True,,600,450
ISIC_4960098,clinical,True,True,,600,450
ISIC_4960789,clinical,True,True,,600,450
ISIC_4961582,clinical,True,True,,600,450
ISIC_4962195,clinical,True,True,,600,450
ISIC_4963201,dermoscopic,True,True,,600,450
ISIC_4964410,clinical,True,True,,600,450
ISIC_4964428,dermoscopic,True,True,,600,450
ISIC_4964694,dermoscopic,True,True,,600,450
ISIC_4965110,dermoscopic,True,True,,600,450
ISIC_4966803,dermoscopic,True,True,,600,450
ISIC_4967282,clinical,True,True,,600,450
ISIC_4968641,dermoscopic,True,True,,600,450
ISIC_4969084,dermoscopic,True,True,,600,450
ISIC_4969277,dermoscopic,True,True,,600,450
ISIC_4970256,dermoscopic,True,True,,600,450
ISIC_4970657,clinical,True,True,,600,450
ISIC_4971008,dermoscopic,True,True,,600,450
ISIC_4971911,clinical,True,True,,600,450
ISIC_4973062,dermoscopic,True,True,,600,450
ISIC_4973067,clinical,True,True,,600,450
ISIC_4975719,clinical,True,True,,600,450
ISIC_4976142,clinical,True,True,,600,450
ISIC_4976629,dermoscopic,True,True,,600,450
ISIC_4977351,dermoscopic,True,True,,600,450
ISIC_4978173,clinical,True,True,,600,450
ISIC_4979236,clinical,True,True,,600,450
ISIC_4979533,dermoscopic,True,True,,600,450
ISIC_4980158,dermoscopic,True,True,,600,450
ISIC_4980196,dermoscopic,True,True,,600,450
ISIC_4981008,dermoscopic,True,True,,600,450
ISIC_4982700,dermoscopic,True,True,,600,450
ISIC_4983165,dermoscopic,True,True,,600,450
ISIC_4983893,dermoscopic,True,True,,600,450
ISIC_4984469,dermoscopic,True,True,,600,450
ISIC_4984580,clinical,True,True,,600,450
ISIC_4984773,dermoscopic,True,True,,600,450
ISIC_4985100,clinical,True,True,,600,450
ISIC_4985739,dermoscopic,True,True,,600,450
ISIC_4987638,clinical,True,True,,600,450
ISIC_4987986,clinical,True,True,,600,450
ISIC_4988567,dermoscopic,True,True,,600,450
ISIC_4989932,clinical,True,True,,600,450
ISIC_4990358,dermoscopic,True,True,,600,450
ISIC_4991395,clinical,True,True,,600,450
ISIC_4992936,clinical,True,True,,600,450
ISIC_4993836,clinical,True,True,,600,450
ISIC_4996777,dermoscopic,True,True,,600,450
ISIC_5000414,dermoscopic,True,True,,600,450
ISIC_5001424,dermoscopic,True,True,,600,450
ISIC_5003991,dermoscopic,True,True,,600,450
ISIC_5004150,clinical,True,True,,600,450
ISIC_5006126,clinical,True,True,,600,450
ISIC_5006235,dermoscopic,True,True,,600,450
ISIC_5007628,clinical,True,True,,600,450
ISIC_5007629,clinical,True,True,,600,450
ISIC_5010015,clinical,True,True,,600,450
ISIC_5010177,clinical,True,True,,600,450
ISIC_5010590,dermoscopic,True,True,,600,450
ISIC_5013715,clinical,True,True,,600,450
ISIC_5013822,dermoscopic,True,True,,600,450
ISIC_5015322,clinical,True,True,,600,450
ISIC_5016123,clinical,True,True,,600,450
ISIC_5017355,dermoscopic,True,True,,600,450
ISIC_5018463,dermoscopic,True,True,,600,450
ISIC_5018607,clinical,True,True,,600,450
ISIC_5019119,dermoscopic,True,True,,600,450
ISIC_5019273,clinical,True,True,,600,450
ISIC_5020961,dermoscopic,True,True,,600,450
ISIC_5021319,clinical,True,True,,600,450
ISIC_5022439,dermoscopic,True,True,,600,450
ISIC_5022731,dermoscopic,True,True,,600,450
ISIC_5023550,dermoscopic,True,True,,600,450
ISIC_5026774,dermoscopic,True,True,,600,450
ISIC_5027597,dermoscopic,True,True,,600,450
ISIC_5027796,dermoscopic,True,True,,600,450
ISIC_5029533,clinical,True,True,,600,450
ISIC_5030554,clinical,True,True,,600,450
ISIC_5030934,dermoscopic,True,True,,600,450
ISIC_5030992,clinical,True,True,,600,450
ISIC_5031508,clinical,True,True,,600,450
ISIC_5032675,dermoscopic,True,True,,600,450
ISIC_5033470,dermoscopic,True,True,,600,450
ISIC_5036259,dermoscopic,True,True,,600,450
ISIC_5037023,clinical,True,True,,600,450
ISIC_5037826,clinical,True,True,,600,450
ISIC_5038305,clinical,True,True,,600,450
ISIC_5042080,dermoscopic,True,True,,600,450
ISIC_5042253,dermoscopic,True,True,,600,450
ISIC_5042685,dermoscopic,True,True,,600,450
ISIC_5043276,clinical,True,True,,600,450
ISIC_5043555,clinical,True,True,,600,450
ISIC_5043700,clinical,True,True,,600,450
ISIC_5044856,dermoscopic,True,True,,600,450
ISIC_5047126,clinical,True,True,,600,450
ISIC_5047162,dermoscopic,True,True,,600,450
ISIC_5047383,clinical,True,True,,600,450
ISIC_5049585,dermoscopic,True,True,,600,450
ISIC_5050587,dermoscopic,True,True,,600,450
ISIC_5052804,dermoscopic,True,True,,600,450
ISIC_5053442,dermoscopic,True,True,,600,450
ISIC_5054723,clinical,True,True,,600,450
ISIC_5054841,dermoscopic,True,True,,600,450
ISIC_5054970,dermoscopic,True,True,,600,450
ISIC_5055083,dermoscopic,True,True,,600,450
ISIC_5056247,dermoscopic,True,True,,600,450
ISIC_5056347,clinical,True,True,,600,450
ISIC_5058087,clinical,True,True,,600,450
ISIC_5058400,clinical,True,True,,600,450
ISIC_5058408,dermoscopic,True,True,,600,450
ISIC_5059174,clinical,True,True,,600,450
ISIC_5060422,clinical,True,True,,600,450
ISIC_5062257,clinical,True,True,,600,450
ISIC_5062776,dermoscopic,True,True,,600,450
ISIC_5063002,dermoscopic,True,True,,600,450
ISIC_5063574,clinical,True,True,,600,450
ISIC_5064090,dermoscopic,True,True,,600,450
ISIC_5064865,dermoscopic,True,True,,600,450
ISIC_5065727,clinical,True,True,,600,450
ISIC_5067697,clinical,True,True,,600,450
ISIC_5068413,dermoscopic,True,True,,600,450
ISIC_5070126,dermoscopic,True,True,,600,450
ISIC_5070221,dermoscopic,True,True,,600,450
ISIC_5071145,clinical,True,True,,600,450
ISIC_5072182,dermoscopic,True,True,,600,450
ISIC_5074726,clinical,True,True,,600,450
ISIC_5076582,clinical,True,True,,600,450
ISIC_5076767,clinical,True,True,,600,450
ISIC_5077872,dermoscopic,True,True,,600,450
ISIC_5078639,dermoscopic,True,True,,600,450
ISIC_5079694,dermoscopic,True,True,,600,450
ISIC_5080331,dermoscopic,True,True,,600,450
ISIC_5082399,clinical,True,True,,600,450
ISIC_5083462,clinical,True,True,,600,450
ISIC_5083538,clinical,True,True,,600,450
ISIC_5083671,clinical,True,True,,600,450
ISIC_5083751,clinical,True,True,,600,450
ISIC_5084322,clinical,True,True,,600,450
ISIC_5084418,clinical,True,True,,600,450
ISIC_5084798,clinical,True,True,,600,450
ISIC_5084963,dermoscopic,True,True,,600,450
ISIC_5085980,dermoscopic,True,True,,600,450
ISIC_5086729,clinical,True,True,,600,450
ISIC_5087027,clinical,True,True,,600,450
ISIC_5087561,clinical,True,True,,600,450
ISIC_5089274,dermoscopic,True,True,,600,450
ISIC_5089532,dermoscopic,True,True,,600,450
ISIC_5090480,dermoscopic,True,True,,600,450
ISIC_5091185,clinical,True,True,,600,450
ISIC_5092515,dermoscopic,True,True,,600,450
ISIC_5092532,dermoscopic,True,True,,600,450
ISIC_5092781,clinical,True,True,,600,450
ISIC_5093195,dermoscopic,True,True,,600,450
ISIC_5093287,clinical,True,True,,600,450
ISIC_5093839,dermoscopic,True,True,,600,450
ISIC_5093862,dermoscopic,True,True,,600,450
ISIC_5097119,clinical,True,True,,600,450
ISIC_5097850,clinical,True,True,,600,450
ISIC_5099169,dermoscopic,True,True,,600,450
ISIC_5100065,clinical,True,True,,600,450
ISIC_5101018,clinical,True,True,,600,450
ISIC_5101364,clinical,True,True,,600,450
ISIC_5101807,clinical,True,True,,600,450
ISIC_5103206,dermoscopic,True,True,,600,450
ISIC_5104415,dermoscopic,True,True,,600,450
ISIC_5107821,dermoscopic,True,True,,600,450
ISIC_5110123,clinical,True,True,,600,450
ISIC_5110194,clinical,True,True,,600,450
ISIC_5111361,clinical,True,True,,600,450
ISIC_5115393,clinical,True,True,,600,450
ISIC_5116256,dermoscopic,True,True,,600,450
ISIC_5116537,clinical,True,True,,600,450
ISIC_5116668,dermoscopic,True,True,,600,450
ISIC_5120336,clinical,True,True,,600,450
ISIC_5120362,dermoscopic,True,True,,600,450
ISIC_5121043,clinical,True,True,,600,450
ISIC_5121192,clinical,True,True,,600,450
ISIC_5124607,dermoscopic,True,True,,600,450
ISIC_5126567,dermoscopic,True,True,,600,450
ISIC_5128007,clinical,True,True,,600,450
ISIC_5128167,clinical,True,True,,600,450
ISIC_5128796,dermoscopic,True,True,,600,450
ISIC_5129541,dermoscopic,True,True,,600,450
ISIC_5129863,dermoscopic,True,True,,600,450
ISIC_5132321,dermoscopic,True,True,,600,450
ISIC_5132630,dermoscopic,True,True,,600,450
ISIC_5133092,dermoscopic,True,True,,600,450
ISIC_5134271,clinical,True,True,,600,450
ISIC_5135274,clinical,True,True,,600,450
ISIC_5135443,dermoscopic,True,True,,600,450
ISIC_5135848,clinical,True,True,,600,450
ISIC_5136915,clinical,True,True,,600,450
ISIC_5137393,clinical,True,True,,600,450
ISIC_5137477,clinical,True,True,,600,450
ISIC_5138441,dermoscopic,True,True,,600,450
ISIC_5138739,clinical,True,True,,600,450
ISIC_5139740,clinical,True,True,,600,450
ISIC_5140960,clinical,True,True,,600,450
ISIC_5142210,dermoscopic,True,True,,600,450
ISIC_5144687,dermoscopic,True,True,,600,450
ISIC_5145664,dermoscopic,True,True,,600,450
ISIC_5148533,dermoscopic,True,True,,600,450
ISIC_5149059,clinical,True,True,,600,450
ISIC_5149156,clinical,True,True,,600,450
ISIC_5149324,dermoscopic,True,True,,600,450
ISIC_5149579,clinical,True,True,,600,450
ISIC_5150525,clinical,True,True,,600,450
ISIC_5150740,clinical,True,True,,600,450
ISIC_5151650,dermoscopic,True,True,,600,450
ISIC_5152130,clinical,True,True,,600,450
ISIC_5152492,dermoscopic,True,True,,600,450
ISIC_5156331,clinical,True,True,,600,450
ISIC_5156395,dermoscopic,True,True,,600,450
ISIC_5157183,dermoscopic,True,True,,600,450
ISIC_5157495,dermoscopic,True,True,,600,450
ISIC_5158158,dermoscopic,True,True,,600,450
ISIC_5159139,dermoscopic,True,True,,600,450
ISIC_5159606,clinical,True,True,,600,450
ISIC_5163313,clinical,True,True,,600,450
ISIC_5164012,dermoscopic,True,True,,600,450
ISIC_5164646,dermoscopic,True,True,,600,450
ISIC_5165824,dermoscopic,True,True,,600,450
ISIC_5167204,clinical,True,True,,600,450
ISIC_5168814,clinical,True,True,,600,450
ISIC_5168853,clinical,True,True,,600,450
ISIC_5169938,dermoscopic,True,True,,600,450
ISIC_5171624,dermoscopic,True,True,,600,450
ISIC_5171808,dermoscopic,True,True,,600,450
ISIC_5173097,clinical,True,True,,600,450
ISIC_5173419,clinical,True,True,,600,450
ISIC_5173718,dermoscopic,True,True,,600,450
ISIC_5174175,dermoscopic,True,True,,600,450
ISIC_5174728,dermoscopic,True,True,,600,450
ISIC_5175946,dermoscopic,True,True,,600,450
ISIC_5176734,clinical,True,True,,600,450
ISIC_5177404,clinical,True,True,,600,450
ISIC_5178054,clinical,True,True,,600,450
ISIC_5178949,dermoscopic,True,True,,600,450
ISIC_5179024,dermoscopic,True,True,,600,450
ISIC_5179141,clinical,True,True,,600,450
ISIC_5180185,dermoscopic,True,True,,600,450
ISIC_5180599,dermoscopic,True,True,,600,450
ISIC_5182952,dermoscopic,True,True,,600,450
ISIC_5184106,dermoscopic,True,True,,600,450
ISIC_5185179,dermoscopic,True,True,,600,450
ISIC_5185355,clinical,True,True,,600,450
ISIC_5185588,dermoscopic,True,True,,600,450
ISIC_5186161,clinical,True,True,,600,450
ISIC_5186218,dermoscopic,True,True,,600,450
ISIC_5186409,dermoscopic,True,True,,600,450
ISIC_5187564,clinical,True,True,,600,450
ISIC_5188025,dermoscopic,True,True,,600,450
ISIC_5188621,dermoscopic,True,True,,600,450
ISIC_5191763,dermoscopic,True,True,,600,450
ISIC_5192756,clinical,True,True,,600,450
ISIC_5192807,clinical,True,True,,600,450
ISIC_5192894,clinical,True,True,,600,450
ISIC_5194644,dermoscopic,True,True,,600,450
ISIC_5195959,dermoscopic,True,True,,600,450
ISIC_5197331,dermoscopic,True,True,,600,450
ISIC_5197529,clinical,True,True,,600,450
ISIC_5199166,clinical,True,True,,600,450
ISIC_5200686,dermoscopic,True,True,,600,450
ISIC_5201104,clinical,True,True,,600,450
ISIC_5203019,clinical,True,True,,600,450
ISIC_5203294,clinical,True,True,,600,450
ISIC_5203599,dermoscopic,True,True,,600,450
ISIC_5205572,clinical,True,True,,600,450
ISIC_5205716,clinical,True,True,,600,450
ISIC_5206219,clinical,True,True,,600,450
ISIC_5207549,dermoscopic,True,True,,600,450
ISIC_5208838,clinical,True,True,,600,450
ISIC_5209351,dermoscopic,True,True,,600,450
ISIC_5210175,clinical,True,True,,600,450
ISIC_5212180,clinical,True,True,,600,450
ISIC_5212488,clinical,True,True,,600,450
ISIC_5213096,clinical,True,True,,600,450
ISIC_5213643,dermoscopic,True,True,,600,450
ISIC_5214169,clinical,True,True,,600,450
ISIC_5214703,dermoscopic,True,True,,600,450
ISIC_5216960,dermoscopic,True,True,,600,450
ISIC_5217075,dermoscopic,True,True,,600,450
ISIC_5217912,clinical,True,True,,600,450
ISIC_5218005,dermoscopic,True,True,,600,450
ISIC_5218432,clinical,True,True,,600,450
ISIC_5221340,dermoscopic,True,True,,600,450
ISIC_5223774,clinical,True,True,,600,450
ISIC_5224246,dermoscopic,True,True,,600,450
ISIC_5225765,dermoscopic,True,True,,600,450
ISIC_5227758,clinical,True,True,,600,450
ISIC_5228122,clinical,True,True,,600,450
ISIC_5230169,clinical,True,True,,600,450
ISIC_5230761,dermoscopic,True,True,,600,450
ISIC_5232497,clinical,True,True,,600,450
ISIC_5232516,dermoscopic,True,True,,600,450
ISIC_5233296,dermoscopic,True,True,,600,450
ISIC_5233519,dermoscopic,True,True,,600,450
ISIC_5233869,clinical,True,True,,600,450
ISIC_5235518,dermoscopic,True,True,,600,450
ISIC_5238772,clinical,True,True,,600,450
ISIC_5239106,dermoscopic,True,True,,600,450
ISIC_5240279,dermoscopic,True,True,,600,450
ISIC_5240908,clinical,True,True,,600,450
ISIC_5242109,clinical,True,True,,600,450
ISIC_5242235,dermoscopic,True,True,,600,450
ISIC_5242239,dermoscopic,True,True,,600,450
ISIC_5242567,clinical,True,True,,600,450
ISIC_5243282,dermoscopic,True,True,,600,450
ISIC_5246161,dermoscopic,True,True,,600,450
ISIC_5246163,clinical,True,True,,600,450
ISIC_5246923,dermoscopic,True,True,,600,450
ISIC_5247248,clinical,True,True,,600,450
ISIC_5248965,clinical,True,True,,600,450
ISIC_5249128,clinical,True,True,,600,450
ISIC_5249321,dermoscopic,True,True,,600,450
ISIC_5253456,clinical,True,True,,600,450
ISIC_5253746,dermoscopic,True,True,,600,450
ISIC_5254610,clinical,True,True,,600,450
ISIC_5255131,dermoscopic,True,True,,600,450
ISIC_5258143,dermoscopic,True,True,,600,450
ISIC_5259848,clinical,True,True,,600,450
ISIC_5260184,clinical,True,True,,600,450
ISIC_5261229,clinical,True,True,,600,450
ISIC_5261867,clinical,True,True,,600,450
ISIC_5264230,dermoscopic,True,True,,600,450
ISIC_5266605,dermoscopic,True,True,,600,450
ISIC_5268767,dermoscopic,True,True,,600,450
ISIC_5270147,dermoscopic,True,True,,600,450
ISIC_5271791,dermoscopic,True,True,,600,450
ISIC_5272574,dermoscopic,True,True,,600,450
ISIC_5273681,dermoscopic,True,True,,600,450
ISIC_5274848,clinical,True,True,,600,450
ISIC_5274972,dermoscopic,True,True,,600,450
ISIC_5275192,dermoscopic,True,True,,600,450
ISIC_5276989,dermoscopic,True,True,,600,450
ISIC_5279946,dermoscopic,True,True,,600,450
ISIC_5280186,clinical,True,True,,600,450
ISIC_5280833,clinical,True,True,,600,450
ISIC_5280874,dermoscopic,True,True,,600,450
ISIC_5280916,clinical,True,True,,600,450
ISIC_5281912,clinical,True,True,,600,450
ISIC_5282437,clinical,True,True,,600,450
ISIC_5283239,dermoscopic,True,True,,600,450
ISIC_5284704,dermoscopic,True,True,,600,450
ISIC_5286872,dermoscopic,True,True,,600,450
ISIC_5287761,clinical,True,True,,600,450
ISIC_5287888,clinical,True,True,,600,450
ISIC_5289955,clinical,True,True,,600,450
ISIC_5291074,clinical,True,True,,600,450
ISIC_5291256,clinical,True,True,,600,450
ISIC_5291973,clinical,True,True,,600,450
ISIC_5293815,dermoscopic,True,True,,600,450
ISIC_5294377,dermoscopic,True,True,,600,450
ISIC_5294669,clinical,True,True,,600,450
ISIC_5296244,dermoscopic,True,True,,600,450
ISIC_5296837,clinical,True,True,,600,450
ISIC_5297462,dermoscopic,True,True,,600,450
ISIC_5298476,dermoscopic,True,True,,600,450
ISIC_5298792,clinical,True,True,,600,450
ISIC_5299228,clinical,True,True,,600,450
ISIC_5299723,clinical,True,True,,600,450
ISIC_5301048,clinical,True,True,,600,450
ISIC_5301687,clinical,True,True,,600,450
ISIC_5304804,dermoscopic,True,True,,600,450
ISIC_5305490,clinical,True,True,,600,450
ISIC_5305591,clinical,True,True,,600,450
ISIC_5306039,clinical,True,True,,600,450
ISIC_5306085,dermoscopic,True,True,,600,450
ISIC_5306258,dermoscopic,True,True,,600,450
ISIC_5308020,clinical,True,True,,600,450
ISIC_5308373,clinical,True,True,,600,450
ISIC_5308424,clinical,True,True,,600,450
ISIC_5310379,dermoscopic,True,True,,600,450
ISIC_5310585,dermoscopic,True,True,,600,450
ISIC_5310763,dermoscopic,True,True,,600,450
ISIC_5311382,dermoscopic,True,True,,600,450
ISIC_5312126,dermoscopic,True,True,,600,450
ISIC_5313254,dermoscopic,True,True,,600,450
ISIC_5313507,clinical,True,True,,600,450
ISIC_5314299,clinical,True,True,,600,450
ISIC_5314319,clinical,True,True,,600,450
ISIC_5315022,clinical,True,True,,600,450
ISIC_5315549,clinical,True,True,,600,450
ISIC_5315833,dermoscopic,True,True,,600,450
ISIC_5317598,clinical,True,True,,600,450
ISIC_5318049,clinical,True,True,,600,450
ISIC_5318502,clinical,True,True,,600,450
ISIC_5318655,clinical,True,True,,600,450
ISIC_5319529,clinical,True,True,,600,450
ISIC_5321479,dermoscopic,True,True,,600,450
ISIC_5322852,dermoscopic,True,True,,600,450
ISIC_5323349,clinical,True,True,,600,450
ISIC_5324767,clinical,True,True,,600,450
ISIC_5325202,clinical,True,True,,600,450
ISIC_5325372,dermoscopic,True,True,,600,450
ISIC_5328474,dermoscopic,True,True,,600,450
ISIC_5328520,clinical,True,True,,600,450
ISIC_5329894,clinical,True,True,,600,450
ISIC_5330823,clinical,True,True,,600,450
ISIC_5333979,clinical,True,True,,600,450
ISIC_5334491,clinical,True,True,,600,450
ISIC_5335240,dermoscopic,True,True,,600,450
ISIC_5340961,clinical,True,True,,600,450
ISIC_5341557,clinical,True,True,,600,450
ISIC_5341584,clinical,True,True,,600,450
ISIC_5342805,clinical,True,True,,600,450
ISIC_5342950,dermoscopic,True,True,,600,450
ISIC_5342997,clinical,True,True,,600,450
ISIC_5343449,clinical,True,True,,600,450
ISIC_5343551,dermoscopic,True,True,,600,450
ISIC_5343716,clinical,True,True,,600,450
ISIC_5344273,dermoscopic,True,True,,600,450
ISIC_5345557,clinical,True,True,,600,450
ISIC_5345684,clinical,True,True,,600,450
ISIC_5348732,dermoscopic,True,True,,600,450
ISIC_5349344,clinical,True,True,,600,450
ISIC_5349431,clinical,True,True,,600,450
ISIC_5349810,clinical,True,True,,600,450
ISIC_5350161,dermoscopic,True,True,,600,450
ISIC_5350286,dermoscopic,True,True,,600,450
ISIC_5350988,dermoscopic,True,True,,600,450
ISIC_5352383,dermoscopic,True,True,,600,450
ISIC_5352485,clinical,True,True,,600,450
ISIC_5352626,dermoscopic,True,True,,600,450
ISIC_5353872,clinical,True,True,,600,450
ISIC_5356282,dermoscopic,True,True,,600,450
ISIC_5358212,dermoscopic,True,True,,600,450
ISIC_5360213,dermoscopic,True,True,,600,450
ISIC_5362779,dermoscopic,True,True,,600,450
ISIC_5363218,dermoscopic,True,True,,600,450
ISIC_5364113,clinical,True,True,,600,450
ISIC_5364143,clinical,True,True,,600,450
ISIC_5364900,dermoscopic,True,True,,600,450
ISIC_5366005,clinical,True,True,,600,450
ISIC_5367270,clinical,True,True,,600,450
ISIC_5371928,dermoscopic,True,True,,600,450
ISIC_5372698,clinical,True,True,,600,450
ISIC_5372884,dermoscopic,True,True,,600,450
ISIC_5372934,dermoscopic,True,True,,600,450
ISIC_5373218,dermoscopic,True,True,,600,450
ISIC_5373976,clinical,True,True,,600,450
ISIC_5374944,clinical,True,True,,600,450
ISIC_5376495,dermoscopic,True,True,,600,450
ISIC_5378143,dermoscopic,True,True,,600,450
ISIC_5378715,clinical,True,True,,600,450
ISIC_5378716,dermoscopic,True,True,,600,450
ISIC_5378878,clinical,True,True,,600,450
ISIC_5379619,clinical,True,True,,600,450
ISIC_5380414,dermoscopic,True,True,,600,450
ISIC_5380664,dermoscopic,True,True,,600,450
ISIC_5380715,dermoscopic,True,True,,600,450
ISIC_5381632,dermoscopic,True,True,,600,450
ISIC_5381727,dermoscopic,True,True,,600,450
ISIC_5383160,dermoscopic,True,True,,600,450
ISIC_5383487,clinical,True,True,,600,450
ISIC_5385783,dermoscopic,True,True,,600,450
ISIC_5386166,dermoscopic,True,True,,600,450
ISIC_5386998,clinical,True,True,,600,450
ISIC_5387219,dermoscopic,True,True,,600,450
ISIC_5387790,clinical,True,True,,600,450
ISIC_5390171,clinical,True,True,,600,450
ISIC_5392764,clinical,True,True,,600,450
ISIC_5395930,clinical,True,True,,600,450
ISIC_5395949,clinical,True,True,,600,450
ISIC_5398396,dermoscopic,True,True,,600,450
ISIC_5398617,dermoscopic,True,True,,600,450
ISIC_5398729,clinical,True,True,,600,450
ISIC_5399025,dermoscopic,True,True,,600,450
ISIC_5399116,clinical,True,True,,600,450
ISIC_5399167,dermoscopic,True,True,,600,450
ISIC_5399582,clinical,True,True,,600,450
ISIC_5400013,clinical,True,True,,600,450
ISIC_5402488,dermoscopic,True,True,,600,450
ISIC_5402789,clinical,True,True,,600,450
ISIC_5403535,clinical,True,True,,600,450
ISIC_5403927,clinical,True,True,,600,450
ISIC_5405039,dermoscopic,True,True,,600,450
ISIC_5406249,clinical,True,True,,600,450
ISIC_5406917,clinical,True,True,,600,450
ISIC_5407200,clinical,True,True,,600,450
ISIC_5408628,clinical,True,True,,600,450
ISIC_5409072,dermoscopic,True,True,,600,450
ISIC_5409281,clinical,True,True,,600,450
ISIC_5409428,clinical,True,True,,600,450
ISIC_5410210,clinical,True,True,,600,450
ISIC_5412380,dermoscopic,True,True,,600,450
ISIC_5412550,dermoscopic,True,True,,600,450
ISIC_5413870,dermoscopic,True,True,,600,450
ISIC_5415740,dermoscopic,True,True,,600,450
ISIC_5416645,clinical,True,True,,600,450
ISIC_5416823,clinical,True,True,,600,450
ISIC_5418047,clinical,True,True,,600,450
ISIC_5419605,dermoscopic,True,True,,600,450
ISIC_5420310,clinical,True,True,,600,450
ISIC_5420985,clinical,True,True,,600,450
ISIC_5423101,clinical,True,True,,600,450
ISIC_5424675,dermoscopic,True,True,,600,450
ISIC_5425472,clinical,True,True,,600,450
ISIC_5425962,dermoscopic,True,True,,600,450
ISIC_5426572,dermoscopic,True,True,,600,450
ISIC_5427398,dermoscopic,True,True,,600,450
ISIC_5428941,dermoscopic,True,True,,600,450
ISIC_5430362,dermoscopic,True,True,,600,450
ISIC_5431278,dermoscopic,True,True,,600,450
ISIC_5432141,clinical,True,True,,600,450
ISIC_5433214,clinical,True,True,,600,450
ISIC_5433476,clinical,True,True,,600,450
ISIC_5433961,clinical,True,True,,600,450
ISIC_5434141,dermoscopic,True,True,,600,450
ISIC_5435068,clinical,True,True,,600,450
ISIC_5435390,clinical,True,True,,600,450
ISIC_5436116,dermoscopic,True,True,,600,450
ISIC_5436595,dermoscopic,True,True,,600,450
ISIC_5437238,clinical,True,True,,600,450
ISIC_5438818,clinical,True,True,,600,450
ISIC_5439956,dermoscopic,True,True,,600,450
ISIC_5440216,clinical,True,True,,600,450
ISIC_5440611,clinical,True,True,,600,450
ISIC_5441520,dermoscopic,True,True,,600,450
ISIC_5441652,clinical,True,True,,600,450
ISIC_5442946,dermoscopic,True,True,,600,450
ISIC_5442968,dermoscopic,True,True,,600,450
ISIC_5443014,clinical,True,True,,600,450
ISIC_5443280,clinical,True,True,,600,450
ISIC_5444755,clinical,True,True,,600,450
ISIC_5446350,dermoscopic,True,True,,600,450
ISIC_5447057,dermoscopic,True,True,,600,450
ISIC_5449503,clinical,True,True,,600,450
ISIC_5449756,clinical,True,True,,600,450
ISIC_5450702,clinical,True,True,,600,450
ISIC_5451038,dermoscopic,True,True,,600,450
ISIC_5452534,clinical,True,True,,600,450
ISIC_5452980,dermoscopic,True,True,,600,450
ISIC_5455211,clinical,True,True,,600,450
ISIC_5456124,clinical,True,True,,600,450
ISIC_5456265,clinical,True,True,,600,450
ISIC_5457545,clinical,True,True,,600,450
ISIC_5459597,clinical,True,True,,600,450
ISIC_5460617,dermoscopic,True,True,,600,450
ISIC_5461210,dermoscopic,True,True,,600,450
ISIC_5462275,clinical,True,True,,600,450
ISIC_5463407,dermoscopic,True,True,,600,450
ISIC_5466262,clinical,True,True,,600,450
ISIC_5466448,dermoscopic,True,True,,600,450
ISIC_5466692,clinical,True,True,,600,450
ISIC_5466838,clinical,True,True,,600,450
ISIC_5467966,dermoscopic,True,True,,600,450
ISIC_5469285,dermoscopic,True,True,,600,450
ISIC_5469861,dermoscopic,True,True,,600,450
ISIC_5471903,clinical,True,True,,600,450
ISIC_5472264,dermoscopic,True,True,,600,450
ISIC_5474962,clinical,True,True,,600,450
ISIC_5475497,clinical,True,True,,600,450
ISIC_5475721,dermoscopic,True,True,,600,450
ISIC_5476166,clinical,True,True,,600,450
ISIC_5478943,clinical,True,True,,600,450
ISIC_5479076,clinical,True,True,,600,450
ISIC_5480309,dermoscopic,True,True,,600,450
ISIC_5481679,dermoscopic,True,True,,600,450
ISIC_5483293,dermoscopic,True,True,,600,450
ISIC_5483404,clinical,True,True,,600,450
ISIC_5483548,clinical,True,True,,600,450
ISIC_5483736,clinical,True,True,,600,450
ISIC_5484742,dermoscopic,True,True,,600,450
ISIC_5488940,dermoscopic,True,True,,600,450
ISIC_5489979,clinical,True,True,,600,450
ISIC_5491732,dermoscopic,True,True,,600,450
ISIC_5492973,dermoscopic,True,True,,600,450
ISIC_5493878,clinical,True,True,,600,450
ISIC_5493908,dermoscopic,True,True,,600,450
ISIC_5494355,clinical,True,True,,600,450
ISIC_5494529,clinical,True,True,,600,450
ISIC_5494556,clinical,True,True,,600,450
ISIC_5494808,clinical,True,True,,600,450
ISIC_5495313,clinical,True,True,,600,450
ISIC_5498094,dermoscopic,True,True,,600,450
ISIC_5498605,clinical,True,True,,600,450
ISIC_5499900,dermoscopic,True,True,,600,450
ISIC_5499953,clinical,True,True,,600,450
ISIC_5501232,dermoscopic,True,True,,600,450
ISIC_5501634,dermoscopic,True,True,,600,450
ISIC_5503156,clinical,True,True,,600,450
ISIC_5503515,dermoscopic,True,True,,600,450
ISIC_5508754,clinical,True,True,,600,450
ISIC_5509679,dermoscopic,True,True,,600,450
ISIC_5509823,dermoscopic,True,True,,600,450
ISIC_5510526,dermoscopic,True,True,,600,450
ISIC_5511054,dermoscopic,True,True,,600,450
ISIC_5511326,clinical,True,True,,600,450
ISIC_5511950,dermoscopic,True,True,,600,450
ISIC_5512440,dermoscopic,True,True,,600,450
ISIC_5513367,dermoscopic,True,True,,600,450
ISIC_5513734,clinical,True,True,,600,450
ISIC_5514135,dermoscopic,True,True,,600,450
ISIC_5517161,dermoscopic,True,True,,600,450
ISIC_5517500,dermoscopic,True,True,,600,450
ISIC_5517639,clinical,True,True,,600,450
ISIC_5518035,clinical,True,True,,600,450
ISIC_5518449,clinical,True,True,,600,450
ISIC_5519093,clinical,True,True,,600,450
ISIC_5520243,clinical,True,True,,600,450
ISIC_5521398,clinical,True,True,,600,450
ISIC_5521729,dermoscopic,True,True,,600,450
ISIC_5527533,clinical,True,True,,600,450
ISIC_5527895,clinical,True,True,,600,450
ISIC_5528057,clinical,True,True,,600,450
ISIC_5529151,clinical,True,True,,600,450
ISIC_5529223,dermoscopic,True,True,,600,450
ISIC_5531874,dermoscopic,True,True,,600,450
ISIC_5533850,clinical,True,True,,600,450
ISIC_5534471,dermoscopic,True,True,,600,450
ISIC_5536536,clinical,True,True,,600,450
ISIC_5539676,dermoscopic,True,True,,600,450
ISIC_5539918,clinical,True,True,,600,450
ISIC_5541499,dermoscopic,True,True,,600,450
ISIC_5542359,clinical,True,True,,600,450
ISIC_5542563,clinical,True,True,,600,450
ISIC_5542664,clinical,True,True,,600,450
ISIC_5543636,clinical,True,True,,600,450
ISIC_5543919,dermoscopic,True,True,,600,450
ISIC_5547547,clinical,True,True,,600,450
ISIC_5548095,dermoscopic,True,True,,600,450
ISIC_5550212,dermoscopic,True,True,,600,450
ISIC_5552185,clinical,True,True,,600,450
ISIC_5552359,clinical,True,True,,600,450
ISIC_5552683,dermoscopic,True,True,,600,450
ISIC_5553297,clinical,True,True,,600,450
ISIC_5553426,clinical,True,True,,600,450
ISIC_5553849,dermoscopic,True,True,,600,450
ISIC_5554081,dermoscopic,True,True,,600,450
ISIC_5554902,clinical,True,True,,600,450
ISIC_5555712,dermoscopic,True,True,,600,450
ISIC_5558301,clinical,True,True,,600,450
ISIC_5558490,clinical,True,True,,600,450
ISIC_5559099,clinical,True,True,,600,450
ISIC_5559799,clinical,True,True,,600,450
ISIC_5562336,dermoscopic,True,True,,600,450
ISIC_5562574,clinical,True,True,,600,450
ISIC_5564663,clinical,True,True,,600,450
ISIC_5564889,dermoscopic,True,True,,600,450
ISIC_5566200,dermoscopic,True,True,,600,450
ISIC_5566320,dermoscopic,True,True,,600,450
ISIC_5566852,dermoscopic,True,True,,600,450
ISIC_5567558,dermoscopic,True,True,,600,450
ISIC_5567599,dermoscopic,True,True,,600,450
ISIC_5569473,dermoscopic,True,True,,600,450
ISIC_5570317,dermoscopic,True,True,,600,450
ISIC_5570534,clinical,True,True,,600,450
ISIC_5574831,clinical,True,True,,600,450
ISIC_5579782,clinical,True,True,,600,450
ISIC_5580645,clinical,True,True,,600,450
ISIC_5584851,dermoscopic,True,True,,600,450
ISIC_5584967,dermoscopic,True,True,,600,450
ISIC_5585397,clinical,True,True,,600,450
ISIC_5587236,dermoscopic,True,True,,600,450
ISIC_5588619,clinical,True,True,,600,450
ISIC_5588711,clinical,True,True,,600,450
ISIC_5592478,clinical,True,True,,600,450
ISIC_5594942,clinical,True,True,,600,450
ISIC_5595298,dermoscopic,True,True,,600,450
ISIC_5596458,clinical,True,True,,600,450
ISIC_5597278,dermoscopic,True,True,,600,450
ISIC_5597408,dermoscopic,True,True,,600,450
ISIC_5597650,dermoscopic,True,True,,600,450
ISIC_5602394,dermoscopic,True,True,,600,450
ISIC_5602590,clinical,True,True,,600,450
ISIC_5602626,dermoscopic,True,True,,600,450
ISIC_5602759,dermoscopic,True,True,,600,450
ISIC_5604357,dermoscopic,True,True,,600,450
ISIC_5605119,clinical,True,True,,600,450
ISIC_5605406,clinical,True,True,,600,450
ISIC_5605573,dermoscopic,True,True,,600,450
ISIC_5607139,dermoscopic,True,True,,600,450
ISIC_5607257,dermoscopic,True,True,,600,450
ISIC_5607559,dermoscopic,True,True,,600,450
ISIC_5607642,dermoscopic,True,True,,600,450
ISIC_5607974,clinical,True,True,,600,450
ISIC_5609956,clinical,True,True,,600,450
ISIC_5610942,dermoscopic,True,True,,600,450
ISIC_5612498,clinical,True,True,,600,450
ISIC_5612751,clinical,True,True,,600,450
ISIC_5614068,dermoscopic,True,True,,600,450
ISIC_5614863,clinical,True,True,,600,450
ISIC_5616230,dermoscopic,True,True,,600,450
ISIC_5620414,clinical,True,True,,600,450
ISIC_5620416,clinical,True,True,,600,450
ISIC_5620717,clinical,True,True,,600,450
ISIC_5622324,dermoscopic,True,True,,600,450
ISIC_5622862,clinical,True,True,,600,450
ISIC_5624559,dermoscopic,True,True,,600,450
ISIC_5625173,clinical,True,True,,600,450
ISIC_5626843,clinical,True,True,,600,450
ISIC_5627117,dermoscopic,True,True,,600,450
ISIC_5628874,dermoscopic,True,True,,600,450
ISIC_5629148,dermoscopic,True,True,,600,450
ISIC_5629312,dermoscopic,True,True,,600,450
ISIC_5630379,dermoscopic,True,True,,600,450
ISIC_5632058,clinical,True,True,,600,450
ISIC_5632079,clinical,True,True,,600,450
ISIC_5633193,clinical,True,True,,600,450
ISIC_5634198,dermoscopic,True,True,,600,450
ISIC_5634823,dermoscopic,True,True,,600,450
ISIC_5636046,dermoscopic,True,True,,600,450
ISIC_5638742,dermoscopic,True,True,,600,450
ISIC_5638800,dermoscopic,True,True,,600,450
ISIC_5640000,dermoscopic,True,True,,600,450
ISIC_5641672,clinical,True,True,,600,450
ISIC_5642029,clinical,True,True,,600,450
ISIC_5642271,clinical,True,True,,600,450
ISIC_5643199,clinical,True,True,,600,450
ISIC_5643547,dermoscopic,True,True,,600,450
ISIC_5644081,clinical,True,True,,600,450
ISIC_5645178,clinical,True,True,,600,450
ISIC_5645559,dermoscopic,True,True,,600,450
ISIC_5647228,clinical,True,True,,600,450
ISIC_5647684,clinical,True,True,,600,450
ISIC_5648144,clinical,True,True,,600,450
ISIC_5648712,clinical,True,True,,600,450
ISIC_5649480,clinical,True,True,,600,450
ISIC_5649736,clinical,True,True,,600,450
ISIC_5651049,dermoscopic,True,True,,600,450
ISIC_5653892,clinical,True,True,,600,450
ISIC_5655170,clinical,True,True,,600,450
ISIC_5655393,clinical,True,True,,600,450
ISIC_5656373,clinical,True,True,,600,450
ISIC_5657135,clinical,True,True,,600,450
ISIC_5657346,dermoscopic,True,True,,600,450
ISIC_5657666,clinical,True,True,,600,450
ISIC_5659142,clinical,True,True,,600,450
ISIC_5659521,dermoscopic,True,True,,600,450
ISIC_5660553,dermoscopic,True,True,,600,450
ISIC_5660758,clinical,True,True,,600,450
ISIC_5661142,clinical,True,True,,600,450
ISIC_5661673,clinical,True,True,,600,450
ISIC_5662432,clinical,True,True,,600,450
ISIC_5663141,clinical,True,True,,600,450
ISIC_5664212,clinical,True,True,,600,450
ISIC_5664395,clinical,True,True,,600,450
ISIC_5665171,dermoscopic,True,True,,600,450
ISIC_5665189,dermoscopic,True,True,,600,450
ISIC_5666984,dermoscopic,True,True,,600,450
ISIC_5667513,clinical,True,True,,600,450
ISIC_5667703,clinical,True,True,,600,450
ISIC_5667730,clinical,True,True,,600,450
ISIC_5671011,clinical,True,True,,600,450
ISIC_5671567,dermoscopic,True,True,,600,450
ISIC_5674733,clinical,True,True,,600,450
ISIC_5675115,clinical,True,True,,600,450
ISIC_5675875,dermoscopic,True,True,,600,450
ISIC_5676014,clinical,True,True,,600,450
ISIC_5678147,dermoscopic,True,True,,600,450
ISIC_5678929,clinical,True,True,,600,450
ISIC_5679759,dermoscopic,True,True,,600,450
ISIC_5680223,clinical,True,True,,600,450
ISIC_5680960,clinical,True,True,,600,450
ISIC_5681371,dermoscopic,True,True,,600,450
ISIC_5681698,clinical,True,True,,600,450
ISIC_5682266,clinical,True,True,,600,450
ISIC_5683123,clinical,True,True,,600,450
ISIC_5685120,dermoscopic,True,True,,600,450
ISIC_5686620,clinical,True,True,,600,450
ISIC_5686692,dermoscopic,True,True,,600,450
ISIC_5686739,dermoscopic,True,True,,600,450
ISIC_5688333,clinical,True,True,,600,450
ISIC_5688654,clinical,True,True,,600,450
ISIC_5689234,clinical,True,True,,600,450
ISIC_5689912,clinical,True,True,,600,450
ISIC_5691487,clinical,True,True,,600,450
ISIC_5693691,dermoscopic,True,True,,600,450
ISIC_5695123,clinical,True,True,,600,450
ISIC_5696217,clinical,True,True,,600,450
ISIC_5696393,clinical,True,True,,600,450
ISIC_5696465,dermoscopic,True,True,,600,450
ISIC_5698613,dermoscopic,True,True,,600,450
ISIC_5699349,dermoscopic,True,True,,600,450
ISIC_5701696,clinical,True,True,,600,450
ISIC_5701708,clinical,True,True,,600,450
ISIC_5702669,dermoscopic,True,True,,600,450
ISIC_5703250,dermoscopic,True,True,,600,450
ISIC_5703946,clinical,True,True,,600,450
ISIC_5706380,dermoscopic,True,True,,600,450
ISIC_5706764,clinical,True,True,,600,450
ISIC_5706903,clinical,True,True,,600,450
ISIC_5707338,dermoscopic,True,True,,600,450
ISIC_5707695,dermoscopic,True,True,,600,450
ISIC_5708137,clinical,True,True,,600,450
ISIC_5709229,clinical,True,True,,600,450
ISIC_5709448,dermoscopic,True,True,,600,450
ISIC_5711226,dermoscopic,True,True,,600,450
ISIC_5711940,dermoscopic,True,True,,600,450
ISIC_5713218,dermoscopic,True,True,,600,450
ISIC_5714213,clinical,True,True,,600,450
ISIC_5714368,dermoscopic,True,True,,600,450
ISIC_5714567,dermoscopic,True,True,,600,450
ISIC_5714835,dermoscopic,True,True,,600,450
ISIC_5715952,clinical,True,True,,600,450
ISIC_5715959,dermoscopic,True,True,,600,450
ISIC_5716450,clinical,True,True,,600,450
ISIC_5719893,clinical,True,True,,600,450
ISIC_5720812,clinical,True,True,,600,450
ISIC_5721106,clinical,True,True,,600,450
ISIC_5721122,clinical,True,True,,600,450
ISIC_5721420,clinical,True,True,,600,450
ISIC_5722425,clinical,True,True,,600,450
ISIC_5722582,clinical,True,True,,600,450
ISIC_5723091,dermoscopic,True,True,,600,450
ISIC_5725725,clinical,True,True,,600,450
ISIC_5728005,dermoscopic,True,True,,600,450
ISIC_5728052,dermoscopic,True,True,,600,450
ISIC_5728121,dermoscopic,True,True,,600,450
ISIC_5728294,dermoscopic,True,True,,600,450
ISIC_5728378,dermoscopic,True,True,,600,450
ISIC_5729101,clinical,True,True,,600,450
ISIC_5731785,clinical,True,True,,600,450
ISIC_5736506,clinical,True,True,,600,450
ISIC_5737122,clinical,True,True,,600,450
ISIC_5739264,dermoscopic,True,True,,600,450
ISIC_5739546,clinical,True,True,,600,450
ISIC_5741122,clinical,True,True,,600,450
ISIC_5743197,dermoscopic,True,True,,600,450
ISIC_5744011,dermoscopic,True,True,,600,450
ISIC_5744822,dermoscopic,True,True,,600,450
ISIC_5744902,dermoscopic,True,True,,600,450
ISIC_5745120,dermoscopic,True,True,,600,450
ISIC_5745126,dermoscopic,True,True,,600,450
ISIC_5745809,dermoscopic,True,True,,600,450
ISIC_5745824,dermoscopic,True,True,,600,450
ISIC_5746261,clinical,True,True,,600,450
ISIC_5748062,dermoscopic,True,True,,600,450
ISIC_5748990,clinical,True,True,,600,450
ISIC_5753091,clinical,True,True,,600,450
ISIC_5754710,dermoscopic,True,True,,600,450
ISIC_5756614,clinical,True,True,,600,450
ISIC_5756622,clinical,True,True,,600,450
ISIC_5759990,clinical,True,True,,600,450
ISIC_5760018,clinical,True,True,,600,450
ISIC_5761443,dermoscopic,True,True,,600,450
ISIC_5761656,clinical,True,True,,600,450
ISIC_5761793,dermoscopic,True,True,,600,450
ISIC_5761944,dermoscopic,True,True,,600,450
ISIC_5763228,dermoscopic,True,True,,600,450
ISIC_5763649,clinical,True,True,,600,450
ISIC_5765413,dermoscopic,True,True,,600,450
ISIC_5765489,clinical,True,True,,600,450
ISIC_5766012,clinical,True,True,,600,450
ISIC_5766792,dermoscopic,True,True,,600,450
ISIC_5766997,dermoscopic,True,True,,600,450
ISIC_5767646,dermoscopic,True,True,,600,450
ISIC_5767870,dermoscopic,True,True,,600,450
ISIC_5770369,clinical,True,True,,600,450
ISIC_5772488,dermoscopic,True,True,,600,450
ISIC_5773512,dermoscopic,True,True,,600,450
ISIC_5775199,clinical,True,True,,600,450
ISIC_5776632,clinical,True,True,,600,450
ISIC_5777376,clinical,True,True,,600,450
ISIC_5777416,dermoscopic,True,True,,600,450
ISIC_5778156,clinical,True,True,,600,450
ISIC_5778552,dermoscopic,True,True,,600,450
ISIC_5780488,dermoscopic,True,True,,600,450
ISIC_5780905,clinical,True,True,,600,450
ISIC_5782959,clinical,True,True,,600,450
ISIC_5783163,clinical,True,True,,600,450
ISIC_5783892,dermoscopic,True,True,,600,450
ISIC_5784227,clinical,True,True,,600,450
ISIC_5785000,clinical,True,True,,600,450
ISIC_5785135,dermoscopic,True,True,,600,450
ISIC_5785962,clinical,True,True,,600,450
ISIC_5787263,dermoscopic,True,True,,600,450
ISIC_5787657,clinical,True,True,,600,450
ISIC_5787999,dermoscopic,True,True,,600,450
ISIC_5788717,dermoscopic,True,True,,600,450
ISIC_5788932,clinical,True,True,,600,450
ISIC_5790117,clinical,True,True,,600,450
ISIC_5792555,dermoscopic,True,True,,600,450
ISIC_5792872,dermoscopic,True,True,,600,450
ISIC_5793548,dermoscopic,True,True,,600,450
ISIC_5794441,clinical,True,True,,600,450
ISIC_5795242,dermoscopic,True,True,,600,450
ISIC_5795871,dermoscopic,True,True,,600,450
ISIC_5796545,clinical,True,True,,600,450
ISIC_5798282,clinical,True,True,,600,450
ISIC_5798737,dermoscopic,True,True,,600,450
ISIC_5800499,clinical,True,True,,600,450
ISIC_5801703,dermoscopic,True,True,,600,450
ISIC_5802479,clinical,True,True,,600,450
ISIC_5803437,clinical,True,True,,600,450
ISIC_5804154,clinical,True,True,,600,450
ISIC_5804522,dermoscopic,True,True,,600,450
ISIC_5804674,dermoscopic,True,True,,600,450
ISIC_5806581,clinical,True,True,,600,450
ISIC_5807024,dermoscopic,True,True,,600,450
ISIC_5811144,dermoscopic,True,True,,600,450
ISIC_5813817,dermoscopic,True,True,,600,450
ISIC_5814193,dermoscopic,True,True,,600,450
ISIC_5814633,clinical,True,True,,600,450
ISIC_5817638,clinical,True,True,,600,450
ISIC_5817907,dermoscopic,True,True,,600,450
ISIC_5818083,dermoscopic,True,True,,600,450
ISIC_5819591,dermoscopic,True,True,,600,450
ISIC_5820253,dermoscopic,True,True,,600,450
ISIC_5821583,clinical,True,True,,600,450
ISIC_5822186,dermoscopic,True,True,,600,450
ISIC_5823053,dermoscopic,True,True,,600,450
ISIC_5824457,clinical,True,True,,600,450
ISIC_5825703,dermoscopic,True,True,,600,450
ISIC_5826859,clinical,True,True,,600,450
ISIC_5826969,dermoscopic,True,True,,600,450
ISIC_5828606,dermoscopic,True,True,,600,450
ISIC_5829304,clinical,True,True,,600,450
ISIC_5829840,dermoscopic,True,True,,600,450
ISIC_5830124,dermoscopic,True,True,,600,450
ISIC_5830376,dermoscopic,True,True,,600,450
ISIC_5831158,dermoscopic,True,True,,600,450
ISIC_5832081,dermoscopic,True,True,,600,450
ISIC_5833236,dermoscopic,True,True,,600,450
ISIC_5833579,dermoscopic,True,True,,600,450
ISIC_5833727,clinical,True,True,,600,450
ISIC_5834421,dermoscopic,True,True,,600,450
ISIC_5835110,dermoscopic,True,True,,600,450
ISIC_5835836,clinical,True,True,,600,450
ISIC_5835958,dermoscopic,True,True,,600,450
ISIC_5836006,clinical,True,True,,600,450
ISIC_5836698,dermoscopic,True,True,,600,450
ISIC_5836740,dermoscopic,True,True,,600,450
ISIC_5836804,clinical,True,True,,600,450
ISIC_5837451,dermoscopic,True,True,,600,450
ISIC_5838920,clinical,True,True,,600,450
ISIC_5838991,clinical,True,True,,600,450
ISIC_5840837,clinical,True,True,,600,450
ISIC_5841367,clinical,True,True,,600,450
ISIC_5841767,dermoscopic,True,True,,600,450
ISIC_5841896,dermoscopic,True,True,,600,450
ISIC_5842417,clinical,True,True,,600,450
ISIC_5842460,dermoscopic,True,True,,600,450
ISIC_5844410,dermoscopic,True,True,,600,450
ISIC_5845284,clinical,True,True,,600,450
ISIC_5846378,clinical,True,True,,600,450
ISIC_5846820,clinical,True,True,,600,450
ISIC_5850185,dermoscopic,True,True,,600,450
ISIC_5850719,dermoscopic,True,True,,600,450
ISIC_5854998,dermoscopic,True,True,,600,450
ISIC_5855684,clinical,True,True,,600,450
ISIC_5856068,dermoscopic,True,True,,600,450
ISIC_5856786,clinical,True,True,,600,450
ISIC_5862938,clinical,True,True,,600,450
ISIC_5863020,clinical,True,True,,600,450
ISIC_5863516,dermoscopic,True,True,,600,450
ISIC_5863762,dermoscopic,True,True,,600,450
ISIC_5866382,clinical,True,True,,600,450
ISIC_5866736,dermoscopic,True,True,,600,450
ISIC_5866836,dermoscopic,True,True,,600,450
ISIC_5867806,dermoscopic,True,True,,600,450
ISIC_5868168,clinical,True,True,,600,450
ISIC_5870525,dermoscopic,True,True,,600,450
ISIC_5871089,clinical,True,True,,600,450
ISIC_5872506,clinical,True,True,,600,450
ISIC_5873094,dermoscopic,True,True,,600,450
ISIC_5873586,dermoscopic,True,True,,600,450
ISIC_5874846,dermoscopic,True,True,,600,450
ISIC_5874977,clinical,True,True,,600,450
ISIC_5876786,dermoscopic,True,True,,600,450
ISIC_5879011,dermoscopic,True,True,,600,450
ISIC_5879809,clinical,True,True,,600,450
ISIC_5880013,dermoscopic,True,True,,600,450
ISIC_5881121,clinical,True,True,,600,450
ISIC_5881643,clinical,True,True,,600,450
ISIC_5883189,dermoscopic,True,True,,600,450
ISIC_5885112,clinical,True,True,,600,450
ISIC_5888492,clinical,True,True,,600,450
ISIC_5889637,clinical,True,True,,600,450
ISIC_5889858,dermoscopic,True,True,,600,450
ISIC_5891194,dermoscopic,True,True,,600,450
ISIC_5891979,clinical,True,True,,600,450
ISIC_5892185,clinical,True,True,,600,450
ISIC_5892371,clinical,True,True,,600,450
ISIC_5892391,clinical,True,True,,600,450
ISIC_5892763,dermoscopic,True,True,,600,450
ISIC_5893482,dermoscopic,True,True,,600,450
ISIC_5893703,dermoscopic,True,True,,600,450
ISIC_5894257,clinical,True,True,,600,450
ISIC_5896495,clinical,True,True,,600,450
ISIC_5896651,clinical,True,True,,600,450
ISIC_5897869,dermoscopic,True,True,,600,450
ISIC_5898651,clinical,True,True,,600,450
ISIC_5899712,clinical,True,True,,600,450
ISIC_5901264,dermoscopic,True,True,,600,450
ISIC_5901436,dermoscopic,True,True,,600,450
ISIC_5902397,clinical,True,True,,600,450
ISIC_5902730,clinical,True,True,,600,450
ISIC_5903044,dermoscopic,True,True,,600,450
ISIC_5903611,dermoscopic,True,True,,600,450
ISIC_5903776,clinical,True,True,,600,450
ISIC_5904770,clinical,True,True,,600,450
ISIC_5906534,clinical,True,True,,600,450
ISIC_5908271,clinical,True,True,,600,450
ISIC_5909840,dermoscopic,True,True,,600,450
ISIC_5912360,dermoscopic,True,True,,600,450
ISIC_5913482,dermoscopic,True,True,,600,450
ISIC_5913999,clinical,True,True,,600,450
ISIC_5916190,dermoscopic,True,True,,600,450
ISIC_5918971,clinical,True,True,,600,450
ISIC_5920610,dermoscopic,True,True,,600,450
ISIC_5921357,clinical,True,True,,600,450
ISIC_5922496,clinical,True,True,,600,450
ISIC_5923153,dermoscopic,True,True,,600,450
ISIC_5923228,dermoscopic,True,True,,600,450
ISIC_5923764,clinical,True,True,,600,450
ISIC_5923799,clinical,True,True,,600,450
ISIC_5924611,clinical,True,True,,600,450
ISIC_5925251,dermoscopic,True,True,,600,450
ISIC_5925439,dermoscopic,True,True,,600,450
ISIC_5925562,dermoscopic,True,True,,600,450
ISIC_5927575,clinical,True,True,,600,450
ISIC_5930151,clinical,True,True,,600,450
ISIC_5930303,dermoscopic,True,True,,600,450
ISIC_5930904,clinical,True,True,,600,450
ISIC_5932619,clinical,True,True,,600,450
ISIC_5932820,dermoscopic,True,True,,600,450
ISIC_5933216,clinical,True,True,,600,450
ISIC_5933489,dermoscopic,True,True,,600,450
ISIC_5933605,clinical,True,True,,600,450
ISIC_5933645,dermoscopic,True,True,,600,450
ISIC_5934405,clinical,True,True,,600,450
ISIC_5935086,dermoscopic,True,True,,600,450
ISIC_5936023,clinical,True,True,,600,450
ISIC_5936623,clinical,True,True,,600,450
ISIC_5937588,dermoscopic,True,True,,600,450
ISIC_5938313,dermoscopic,True,True,,600,450
ISIC_5938890,dermoscopic,True,True,,600,450
ISIC_5943320,dermoscopic,True,True,,600,450
ISIC_5943733,clinical,True,True,,600,450
ISIC_5944362,dermoscopic,True,True,,600,450
ISIC_5944719,clinical,True,True,,600,450
ISIC_5947061,dermoscopic,True,True,,600,450
ISIC_5947091,clinical,True,True,,600,450
ISIC_5947102,clinical,True,True,,600,450
ISIC_5947248,dermoscopic,True,True,,600,450
ISIC_5947742,clinical,True,True,,600,450
ISIC_5949139,dermoscopic,True,True,,600,450
ISIC_5950652,dermoscopic,True,True,,600,450
ISIC_5951892,dermoscopic,True,True,,600,450
ISIC_5953259,dermoscopic,True,True,,600,450
ISIC_5953692,dermoscopic,True,True,,600,450
ISIC_5953696,clinical,True,True,,600,450
ISIC_5954681,clinical,True,True,,600,450
ISIC_5957176,clinical,True,True,,600,450
ISIC_5958284,dermoscopic,True,True,,600,450
ISIC_5959720,clinical,True,True,,600,450
ISIC_5959727,dermoscopic,True,True,,600,450
ISIC_5960820,dermoscopic,True,True,,600,450
ISIC_5962154,dermoscopic,True,True,,600,450
ISIC_5962509,clinical,True,True,,600,450
ISIC_5962854,dermoscopic,True,True,,600,450
ISIC_5962932,dermoscopic,True,True,,600,450
ISIC_5963071,dermoscopic,True,True,,600,450
ISIC_5963269,clinical,True,True,,600,450
ISIC_5965144,clinical,True,True,,600,450
ISIC_5966582,clinical,True,True,,600,450
ISIC_5966811,dermoscopic,True,True,,600,450
ISIC_5967560,clinical,True,True,,600,450
ISIC_5967889,dermoscopic,True,True,,600,450
ISIC_5967951,clinical,True,True,,600,450
ISIC_5968779,dermoscopic,True,True,,600,450
ISIC_5972709,dermoscopic,True,True,,600,450
ISIC_5973129,dermoscopic,True,True,,600,450
ISIC_5975267,clinical,True,True,,600,450
ISIC_5975949,clinical,True,True,,600,450
ISIC_5977035,clinical,True,True,,600,450
ISIC_5977103,dermoscopic,True,True,,600,450
ISIC_5977837,clinical,True,True,,600,450
ISIC_5978873,dermoscopic,True,True,,600,450
ISIC_5979125,dermoscopic,True,True,,600,450
ISIC_5979628,clinical,True,True,,600,450
ISIC_5980977,dermoscopic,True,True,,600,450
ISIC_5981777,dermoscopic,True,True,,600,450
ISIC_5983030,dermoscopic,True,True,,600,450
ISIC_5984406,clinical,True,True,,600,450
ISIC_5984628,dermoscopic,True,True,,600,450
ISIC_5984979,clinical,True,True,,600,450
ISIC_5985397,clinical,True,True,,600,450
ISIC_5985462,clinical,True,True,,600,450
ISIC_5986238,dermoscopic,True,True,,600,450
ISIC_5986993,clinical,True,True,,600,450
ISIC_5987390,dermoscopic,True,True,,600,450
ISIC_5989590,dermoscopic,True,True,,600,450
ISIC_5990006,dermoscopic,True,True,,600,450
ISIC_5991571,dermoscopic,True,True,,600,450
ISIC_5992256,clinical,True,True,,600,450
ISIC_5992562,dermoscopic,True,True,,600,450
ISIC_5993206,dermoscopic,True,True,,600,450
ISIC_5993711,clinical,True,True,,600,450
ISIC_5993743,dermoscopic,True,True,,600,450
ISIC_5994355,dermoscopic,True,True,,600,450
ISIC_5995507,clinical,True,True,,600,450
ISIC_5995935,dermoscopic,True,True,,600,450
ISIC_5996604,dermoscopic,True,True,,600,450
ISIC_5996846,dermoscopic,True,True,,600,450
ISIC_5997052,dermoscopic,True,True,,600,450
ISIC_5997076,dermoscopic,True,True,,600,450
ISIC_5997631,clinical,True,True,,600,450
ISIC_5997924,dermoscopic,True,True,,600,450
ISIC_5998955,dermoscopic,True,True,,600,450
ISIC_5999967,clinical,True,True,,600,450
ISIC_6001166,clinical,True,True,,600,450
ISIC_6002261,clinical,True,True,,600,450
ISIC_6002458,clinical,True,True,,600,450
ISIC_6003134,dermoscopic,True,True,,600,450
ISIC_6005450,dermoscopic,True,True,,600,450
ISIC_6005822,clinical,True,True,,600,450
ISIC_6005871,dermoscopic,True,True,,600,450
ISIC_6006215,clinical,True,True,,600,450
ISIC_6007784,clinical,True,True,,600,450
ISIC_6008036,clinical,True,True,,600,450
ISIC_6013412,dermoscopic,True,True,,600,450
ISIC_6013907,clinical,True,True,,600,450
ISIC_6015386,clinical,True,True,,600,450
ISIC_6016454,clinical,True,True,,600,450
ISIC_6020001,dermoscopic,True,True,,600,450
ISIC_6022197,dermoscopic,True,True,,600,450
ISIC_6023245,dermoscopic,True,True,,600,450
ISIC_6023488,clinical,True,True,,600,450
ISIC_6023822,clinical,True,True,,600,450
ISIC_6025998,dermoscopic,True,True,,600,450
ISIC_6026183,dermoscopic,True,True,,600,450
ISIC_6026220,clinical,True,True,,600,450
ISIC_6026324,dermoscopic,True,True,,600,450
ISIC_6027594,clinical,True,True,,600,450
ISIC_6028688,dermoscopic,True,True,,600,450
ISIC_6031825,clinical,True,True,,600,450
ISIC_6033339,clinical,True,True,,600,450
ISIC_6033345,clinical,True,True,,600,450
ISIC_6033449,clinical,True,True,,600,450
ISIC_6036586,dermoscopic,True,True,,600,450
ISIC_6037847,clinical,True,True,,600,450
ISIC_6038041,clinical,True,True,,600,450
ISIC_6038047,clinical,True,True,,600,450
ISIC_6038213,dermoscopic,True,True,,600,450
ISIC_6038731,dermoscopic,True,True,,600,450
ISIC_6039070,clinical,True,True,,600,450
ISIC_6039074,dermoscopic,True,True,,600,450
ISIC_6041310,clinical,True,True,,600,450
ISIC_6042297,dermoscopic,True,True,,600,450
ISIC_6043504,clinical,True,True,,600,450
ISIC_6043617,dermoscopic,True,True,,600,450
ISIC_6043649,dermoscopic,True,True,,600,450
ISIC_6043805,clinical,True,True,,600,450
ISIC_6044114,dermoscopic,True,True,,600,450
ISIC_6044250,dermoscopic,True,True,,600,450
ISIC_6044458,dermoscopic,True,True,,600,450
ISIC_6044977,dermoscopic,True,True,,600,450
ISIC_6044984,clinical,True,True,,600,450
ISIC_6045266,dermoscopic,True,True,,600,450
ISIC_6045854,dermoscopic,True,True,,600,450
ISIC_6046943,dermoscopic,True,True,,600,450
ISIC_6047038,clinical,True,True,,600,450
ISIC_6047898,dermoscopic,True,True,,600,450
ISIC_6048736,clinical,True,True,,600,450
ISIC_6048752,dermoscopic,True,True,,600,450
ISIC_6050192,clinical,True,True,,600,450
ISIC_6053581,dermoscopic,True,True,,600,450
ISIC_6055280,clinical,True,True,,600,450
ISIC_6056059,clinical,True,True,,600,450
ISIC_6058576,clinical,True,True,,600,450
ISIC_6059802,clinical,True,True,,600,450
ISIC_6061665,clinical,True,True,,600,450
ISIC_6062128,dermoscopic,True,True,,600,450
ISIC_6063074,dermoscopic,True,True,,600,450
ISIC_6063897,dermoscopic,True,True,,600,450
ISIC_6063928,clinical,True,True,,600,450
ISIC_6065573,dermoscopic,True,True,,600,450
ISIC_6069821,clinical,True,True,,600,450
ISIC_6070426,dermoscopic,True,True,,600,450
ISIC_6070480,clinical,True,True,,600,450
ISIC_6070696,clinical,True,True,,600,450
ISIC_6072439,clinical,True,True,,600,450
ISIC_6072797,dermoscopic,True,True,,600,450
ISIC_6074237,dermoscopic,True,True,,600,450
ISIC_6074880,dermoscopic,True,True,,600,450
ISIC_6076049,clinical,True,True,,600,450
ISIC_6076241,clinical,True,True,,600,450
ISIC_6076269,dermoscopic,True,True,,600,450
ISIC_6077125,clinical,True,True,,600,450
ISIC_6078508,dermoscopic,True,True,,600,450
ISIC_6078907,dermoscopic,True,True,,600,450
ISIC_6078911,clinical,True,True,,600,450
ISIC_6078993,clinical,True,True,,600,450
ISIC_6079632,dermoscopic,True,True,,600,450
ISIC_6080382,clinical,True,True,,600,450
ISIC_6082679,clinical,True,True,,600,450
ISIC_6083072,clinical,True,True,,600,450
ISIC_6085286,dermoscopic,True,True,,600,450
ISIC_6087081,clinical,True,True,,600,450
ISIC_6089148,dermoscopic,True,True,,600,450
ISIC_6089668,clinical,True,True,,600,450
ISIC_6092124,dermoscopic,True,True,,600,450
ISIC_6093126,dermoscopic,True,True,,600,450
ISIC_6097869,clinical,True,True,,600,450
ISIC_6098668,dermoscopic,True,True,,600,450
ISIC_6101727,dermoscopic,True,True,,600,450
ISIC_6104937,dermoscopic,True,True,,600,450
ISIC_6106457,clinical,True,True,,600,450
ISIC_6110252,clinical,True,True,,600,450
ISIC_6110952,clinical,True,True,,600,450
ISIC_6111856,clinical,True,True,,600,450
ISIC_6112801,clinical,True,True,,600,450
ISIC_6112946,clinical,True,True,,600,450
ISIC_6113465,clinical,True,True,,600,450
ISIC_6114177,dermoscopic,True,True,,600,450
ISIC_6114272,clinical,True,True,,600,450
ISIC_6115342,dermoscopic,True,True,,600,450
ISIC_6115571,clinical,True,True,,600,450
ISIC_6115749,dermoscopic,True,True,,600,450
ISIC_6116093,dermoscopic,True,True,,600,450
ISIC_6119301,dermoscopic,True,True,,600,450
ISIC_6119319,dermoscopic,True,True,,600,450
ISIC_6119517,dermoscopic,True,True,,600,450
ISIC_6119847,dermoscopic,True,True,,600,450
ISIC_6120702,dermoscopic,True,True,,600,450
ISIC_6121019,dermoscopic,True,True,,600,450
ISIC_6121310,clinical,True,True,,600,450
ISIC_6122024,clinical,True,True,,600,450
ISIC_6123621,clinical,True,True,,600,450
ISIC_6123844,clinical,True,True,,600,450
ISIC_6124320,dermoscopic,True,True,,600,450
ISIC_6125353,dermoscopic,True,True,,600,450
ISIC_6125719,clinical,True,True,,600,450
ISIC_6129735,dermoscopic,True,True,,600,450
ISIC_6130175,clinical,True,True,,600,450
ISIC_6131855,clinical,True,True,,600,450
ISIC_6133264,dermoscopic,True,True,,600,450
ISIC_6134081,dermoscopic,True,True,,600,450
ISIC_6135860,clinical,True,True,,600,450
ISIC_6136291,clinical,True,True,,600,450
ISIC_6137075,dermoscopic,True,True,,600,450
ISIC_6138103,dermoscopic,True,True,,600,450
ISIC_6138256,clinical,True,True,,600,450
ISIC_6138743,clinical,True,True,,600,450
ISIC_6141128,dermoscopic,True,True,,600,450
ISIC_6141356,dermoscopic,True,True,,600,450
ISIC_6142601,clinical,True,True,,600,450
ISIC_6142928,clinical,True,True,,600,450
ISIC_6144096,dermoscopic,True,True,,600,450
ISIC_6144246,clinical,True,True,,600,450
ISIC_6145727,clinical,True,True,,600,450
ISIC_6151299,clinical,True,True,,600,450
ISIC_6155449,dermoscopic,True,True,,600,450
ISIC_6158597,clinical,True,True,,600,450
ISIC_6160419,dermoscopic,True,True,,600,450
ISIC_6161217,dermoscopic,True,True,,600,450
ISIC_6161362,dermoscopic,True,True,,600,450
ISIC_6161975,dermoscopic,True,True,,600,450
ISIC_6162564,dermoscopic,True,True,,600,450
ISIC_6162714,dermoscopic,True,True,,600,450
ISIC_6163759,clinical,True,True,,600,450
ISIC_6164551,dermoscopic,True,True,,600,450
ISIC_6166836,clinical,True,True,,600,450
ISIC_6167082,clinical,True,True,,600,450
ISIC_6167270,dermoscopic,True,True,,600,450
ISIC_6167402,clinical,True,True,,600,450
ISIC_6167789,dermoscopic,True,True,,600,450
ISIC_6168154,clinical,True,True,,600,450
ISIC_6168277,dermoscopic,True,True,,600,450
ISIC_6168958,clinical,True,True,,600,450
ISIC_6169732,clinical,True,True,,600,450
ISIC_6170751,dermoscopic,True,True,,600,450
ISIC_6170894,dermoscopic,True,True,,600,450
ISIC_6171480,clinical,True,True,,600,450
ISIC_6171588,dermoscopic,True,True,,600,450
ISIC_6173661,dermoscopic,True,True,,600,450
ISIC_6173678,clinical,True,True,,600,450
ISIC_6174823,clinical,True,True,,600,450
ISIC_6175134,clinical,True,True,,600,450
ISIC_6175375,clinical,True,True,,600,450
ISIC_6175607,clinical,True,True,,600,450
ISIC_6175610,clinical,True,True,,600,450
ISIC_6176256,dermoscopic,True,True,,600,450
ISIC_6176939,dermoscopic,True,True,,600,450
ISIC_6177577,dermoscopic,True,True,,600,450
ISIC_6178342,clinical,True,True,,600,450
ISIC_6181244,clinical,True,True,,600,450
ISIC_6181707,clinical,True,True,,600,450
ISIC_6182960,clinical,True,True,,600,450
ISIC_6183115,clinical,True,True,,600,450
ISIC_6183477,clinical,True,True,,600,450
ISIC_6186797,dermoscopic,True,True,,600,450
ISIC_6187812,clinical,True,True,,600,450
ISIC_6190061,clinical,True,True,,600,450
ISIC_6190757,dermoscopic,True,True,,600,450
ISIC_6190923,clinical,True,True,,600,450
ISIC_6191034,clinical,True,True,,600,450
ISIC_6191797,clinical,True,True,,600,450
ISIC_6192197,dermoscopic,True,True,,600,450
ISIC_6193525,clinical,True,True,,600,450
ISIC_6193755,clinical,True,True,,600,450
ISIC_6193935,clinical,True,True,,600,450
ISIC_6194754,clinical,True,True,,600,450
ISIC_6195452,dermoscopic,True,True,,600,450
ISIC_6195604,dermoscopic,True,True,,600,450
ISIC_6196224,clinical,True,True,,600,450
ISIC_6196546,dermoscopic,True,True,,600,450
ISIC_6201208,dermoscopic,True,True,,600,450
ISIC_6202224,dermoscopic,True,True,,600,450
ISIC_6208118,clinical,True,True,,600,450
ISIC_6210274,dermoscopic,True,True,,600,450
ISIC_6212007,dermoscopic,True,True,,600,450
ISIC_6212400,dermoscopic,True,True,,600,450
ISIC_6212964,dermoscopic,True,True,,600,450
ISIC_6213875,dermoscopic,True,True,,600,450
ISIC_6214078,clinical,True,True,,600,450
ISIC_6214871,clinical,True,True,,600,450
ISIC_6216289,clinical,True,True,,600,450
ISIC_6216368,clinical,True,True,,600,450
ISIC_6217593,clinical,True,True,,600,450
ISIC_6217625,clinical,True,True,,600,450
ISIC_6218940,clinical,True,True,,600,450
ISIC_6221334,dermoscopic,True,True,,600,450
ISIC_6221556,dermoscopic,True,True,,600,450
ISIC_6221926,clinical,True,True,,600,450
ISIC_6222224,dermoscopic,True,True,,600,450
ISIC_6222747,clinical,True,True,,600,450
ISIC_6227786,dermoscopic,True,True,,600,450
ISIC_6227794,clinical,True,True,,600,450
ISIC_6228708,clinical,True,True,,600,450
ISIC_6230570,clinical,True,True,,600,450
ISIC_6234798,dermoscopic,True,True,,600,450
ISIC_6235050,clinical,True,True,,600,450
ISIC_6236484,dermoscopic,True,True,,600,450
ISIC_6236784,clinical,True,True,,600,450
ISIC_6239096,clinical,True,True,,600,450
ISIC_6239365,dermoscopic,True,True,,600,450
ISIC_6240958,clinical,True,True,,600,450
ISIC_6241374,dermoscopic,True,True,,600,450
ISIC_6241508,dermoscopic,True,True,,600,450
ISIC_6241776,clinical,True,True,,600,450
ISIC_6242060,clinical,True,True,,600,450
ISIC_6242110,dermoscopic,True,True,,600,450
ISIC_6245930,clinical,True,True,,600,450
ISIC_6246107,dermoscopic,True,True,,600,450
ISIC_6246297,clinical,True,True,,600,450
ISIC_6248808,dermoscopic,True,True,,600,450
ISIC_6250101,clinical,True,True,,600,450
ISIC_6250232,dermoscopic,True,True,,600,450
ISIC_6250586,dermoscopic,True,True,,600,450
ISIC_6252155,clinical,True,True,,600,450
ISIC_6252442,dermoscopic,True,True,,600,450
ISIC_6252730,dermoscopic,True,True,,600,450
ISIC_6254065,dermoscopic,True,True,,600,450
ISIC_6254946,dermoscopic,True,True,,600,450
ISIC_6256140,clinical,True,True,,600,450
ISIC_6259246,dermoscopic,True,True,,600,450
ISIC_6260438,clinical,True,True,,600,450
ISIC_6261700,dermoscopic,True,True,,600,450
ISIC_6262662,clinical,True,True,,600,450
ISIC_6271290,dermoscopic,True,True,,600,450
ISIC_6272354,dermoscopic,True,True,,600,450
ISIC_6272878,dermoscopic,True,True,,600,450
ISIC_6274759,clinical,True,True,,600,450
ISIC_6276225,dermoscopic,True,True,,600,450
ISIC_6277878,dermoscopic,True,True,,600,450
ISIC_6277936,clinical,True,True,,600,450
ISIC_6278796,clinical,True,True,,600,450
ISIC_6278944,dermoscopic,True,True,,600,450
ISIC_6279832,dermoscopic,True,True,,600,450
ISIC_6280109,dermoscopic,True,True,,600,450
ISIC_6285261,clinical,True,True,,600,450
ISIC_6285557,clinical,True,True,,600,450
ISIC_6287649,dermoscopic,True,True,,600,450
ISIC_6287939,dermoscopic,True,True,,600,450
ISIC_6288293,dermoscopic,True,True,,600,450
ISIC_6289625,clinical,True,True,,600,450
ISIC_6289650,dermoscopic,True,True,,600,450
ISIC_6290373,clinical,True,True,,600,450
ISIC_6290458,dermoscopic,True,True,,600,450
ISIC_6291927,clinical,True,True,,600,450
ISIC_6292733,clinical,True,True,,600,450
ISIC_6293492,dermoscopic,True,True,,600,450
ISIC_6294166,dermoscopic,True,True,,600,450
ISIC_6294381,clinical,True,True,,600,450
ISIC_6295397,dermoscopic,True,True,,600,450
ISIC_6296087,dermoscopic,True,True,,600,450
ISIC_6297552,dermoscopic,True,True,,600,450
ISIC_6297733,dermoscopic,True,True,,600,450
ISIC_6298290,clinical,True,True,,600,450
ISIC_6300467,clinical,True,True,,600,450
ISIC_6300729,clinical,True,True,,600,450
ISIC_6303124,dermoscopic,True,True,,600,450
ISIC_6303187,dermoscopic,True,True,,600,450
ISIC_6303646,clinical,True,True,,600,450
ISIC_6305309,dermoscopic,True,True,,600,450
ISIC_6305500,dermoscopic,True,True,,600,450
ISIC_6306620,dermoscopic,True,True,,600,450
ISIC_6311996,clinical,True,True,,600,450
ISIC_6312254,dermoscopic,True,True,,600,450
ISIC_6312345,dermoscopic,True,True,,600,450
ISIC_6313303,clinical,True,True,,600,450
ISIC_6314287,dermoscopic,True,True,,600,450
ISIC_6314890,dermoscopic,True,True,,600,450
ISIC_6315101,clinical,True,True,,600,450
ISIC_6315760,dermoscopic,True,True,,600,450
ISIC_6317276,clinical,True,True,,600,450
ISIC_6318069,clinical,True,True,,600,450
ISIC_6318075,clinical,True,True,,600,450
ISIC_6318524,dermoscopic,True,True,,600,450
ISIC_6319452,clinical,True,True,,600,450
ISIC_6320048,dermoscopic,True,True,,600,450
ISIC_6321631,clinical,True,True,,600,450
ISIC_6323263,dermoscopic,True,True,,600,450
ISIC_6325623,dermoscopic,True,True,,600,450
ISIC_6327414,dermoscopic,True,True,,600,450
ISIC_6327728,dermoscopic,True,True,,600,450
ISIC_6327820,clinical,True,True,,600,450
ISIC_6328753,clinical,True,True,,600,450
ISIC_6328900,clinical,True,True,,600,450
ISIC_6330968,dermoscopic,True,True,,600,450
ISIC_6332308,dermoscopic,True,True,,600,450
ISIC_6333133,dermoscopic,True,True,,600,450
ISIC_6333987,dermoscopic,True,True,,600,450
ISIC_6334226,clinical,True,True,,600,450
ISIC_6335160,clinical,True,True,,600,450
ISIC_6335386,dermoscopic,True,True,,600,450
ISIC_6336489,clinical,True,True,,600,450
ISIC_6336649,clinical,True,True,,600,450
ISIC_6337323,dermoscopic,True,True,,600,450
ISIC_6338368,dermoscopic,True,True,,600,450
ISIC_6339347,dermoscopic,True,True,,600,450
ISIC_6340932,clinical,True,True,,600,450
ISIC_6342177,dermoscopic,True,True,,600,450
ISIC_6343807,clinical,True,True,,600,450
ISIC_6344855,dermoscopic,True,True,,600,450
ISIC_6345022,clinical,True,True,,600,450
ISIC_6347418,dermoscopic,True,True,,600,450
ISIC_6347449,clinical,True,True,,600,450
ISIC_6347753,dermoscopic,True,True,,600,450
ISIC_6348068,dermoscopic,True,True,,600,450
ISIC_6349110,dermoscopic,True,True,,600,450
ISIC_6349779,dermoscopic,True,True,,600,450
ISIC_6350988,clinical,True,True,,600,450
ISIC_6351671,dermoscopic,True,True,,600,450
ISIC_6352343,dermoscopic,True,True,,600,450
ISIC_6353654,dermoscopic,True,True,,600,450
ISIC_6354001,dermoscopic,True,True,,600,450
ISIC_6355154,dermoscopic,True,True,,600,450
ISIC_6356372,dermoscopic,True,True,,600,450
ISIC_6356942,dermoscopic,True,True,,600,450
ISIC_6357740,dermoscopic,True,True,,600,450
ISIC_6358122,clinical,True,True,,600,450
ISIC_6358411,dermoscopic,True,True,,600,450
ISIC_6358504,dermoscopic,True,True,,600,450
ISIC_6359039,clinical,True,True,,600,450
ISIC_6360071,dermoscopic,True,True,,600,450
ISIC_6361233,clinical,True,True,,600,450
ISIC_6361677,clinical,True,True,,600,450
ISIC_6362082,dermoscopic,True,True,,600,450
ISIC_6362619,clinical,True,True,,600,450
ISIC_6363175,clinical,True,True,,600,450
ISIC_6363473,clinical,True,True,,600,450
ISIC_6364449,clinical,True,True,,600,450
ISIC_6365045,clinical,True,True,,600,450
ISIC_6365088,dermoscopic,True,True,,600,450
ISIC_6365827,clinical,True,True,,600,450
ISIC_6365981,dermoscopic,True,True,,600,450
ISIC_6366299,clinical,True,True,,600,450
ISIC_6366384,dermoscopic,True,True,,600,450
ISIC_6366558,clinical,True,True,,600,450
ISIC_6367091,dermoscopic,True,True,,600,450
ISIC_6367931,dermoscopic,True,True,,600,450
ISIC_6368553,clinical,True,True,,600,450
ISIC_6368798,dermoscopic,True,True,,600,450
ISIC_6369423,clinical,True,True,,600,450
ISIC_6372109,clinical,True,True,,600,450
ISIC_6372573,clinical,True,True,,600,450
ISIC_6373409,dermoscopic,True,True,,600,450
ISIC_6374674,dermoscopic,True,True,,600,450
ISIC_6376058,clinical,True,True,,600,450
ISIC_6376325,dermoscopic,True,True,,600,450
ISIC_6376654,clinical,True,True,,600,450
ISIC_6378396,dermoscopic,True,True,,600,450
ISIC_6383214,dermoscopic,True,True,,600,450
ISIC_6383216,dermoscopic,True,True,,600,450
ISIC_6384870,dermoscopic,True,True,,600,450
ISIC_6385276,clinical,True,True,,600,450
ISIC_6385484,clinical,True,True,,600,450
ISIC_6387236,clinical,True,True,,600,450
ISIC_6389005,dermoscopic,True,True,,600,450
ISIC_6389514,dermoscopic,True,True,,600,450
ISIC_6391608,clinical,True,True,,600,450
ISIC_6391693,dermoscopic,True,True,,600,450
ISIC_6393409,clinical,True,True,,600,450
ISIC_6394582,dermoscopic,True,True,,600,450
ISIC_6396169,dermoscopic,True,True,,600,450
ISIC_6400148,dermoscopic,True,True,,600,450
ISIC_6401647,dermoscopic,True,True,,600,450
ISIC_6402697,clinical,True,True,,600,450
ISIC_6402943,dermoscopic,True,True,,600,450
ISIC_6403341,dermoscopic,True,True,,600,450
ISIC_6404972,clinical,True,True,,600,450
ISIC_6405078,dermoscopic,True,True,,600,450
ISIC_6405109,clinical,True,True,,600,450
ISIC_6405124,clinical,True,True,,600,450
ISIC_6408424,clinical,True,True,,600,450
ISIC_6409368,dermoscopic,True,True,,600,450
ISIC_6409954,dermoscopic,True,True,,600,450
ISIC_6412771,clinical,True,True,,600,450
ISIC_6415417,dermoscopic,True,True,,600,450
ISIC_6416950,dermoscopic,True,True,,600,450
ISIC_6417102,dermoscopic,True,True,,600,450
ISIC_6417205,dermoscopic,True,True,,600,450
ISIC_6418734,dermoscopic,True,True,,600,450
ISIC_6419369,clinical,True,True,,600,450
ISIC_6420151,dermoscopic,True,True,,600,450
ISIC_6421085,dermoscopic,True,True,,600,450
ISIC_6421198,clinical,True,True,,600,450
ISIC_6422570,clinical,True,True,,600,450
ISIC_6423450,dermoscopic,True,True,,600,450
ISIC_6424694,clinical,True,True,,600,450
ISIC_6425898,dermoscopic,True,True,,600,450
ISIC_6428004,dermoscopic,True,True,,600,450
ISIC_6428132,dermoscopic,True,True,,600,450
ISIC_6428254,dermoscopic,True,True,,600,450
ISIC_6428825,clinical,True,True,,600,450
ISIC_6428982,clinical,True,True,,600,450
ISIC_6429343,dermoscopic,True,True,,600,450
ISIC_6433212,clinical,True,True,,600,450
ISIC_6433757,clinical,True,True,,600,450
ISIC_6434822,dermoscopic,True,True,,600,450
ISIC_6435029,dermoscopic,True,True,,600,450
ISIC_6435462,dermoscopic,True,True,,600,450
ISIC_6437956,clinical,True,True,,600,450
ISIC_6438673,clinical,True,True,,600,450
ISIC_6440668,dermoscopic,True,True,,600,450
ISIC_6442452,dermoscopic,True,True,,600,450
ISIC_6444211,dermoscopic,True,True,,600,450
ISIC_6444803,clinical,True,True,,600,450
ISIC_6447813,dermoscopic,True,True,,600,450
ISIC_6449173,clinical,True,True,,600,450
ISIC_6450883,clinical,True,True,,600,450
ISIC_6450911,clinical,True,True,,600,450
ISIC_6451061,dermoscopic,True,True,,600,450
ISIC_6451701,dermoscopic,True,True,,600,450
ISIC_6453932,clinical,True,True,,600,450
ISIC_6454913,dermoscopic,True,True,,600,450
ISIC_6455103,clinical,True,True,,600,450
ISIC_6455546,clinical,True,True,,600,450
ISIC_6455558,dermoscopic,True,True,,600,450
ISIC_6457111,dermoscopic,True,True,,600,450
ISIC_6457249,dermoscopic,True,True,,600,450
ISIC_6457838,clinical,True,True,,600,450
ISIC_6458495,dermoscopic,True,True,,600,450
ISIC_6458884,dermoscopic,True,True,,600,450
ISIC_6460339,clinical,True,True,,600,450
ISIC_6461356,dermoscopic,True,True,,600,450
ISIC_6462791,dermoscopic,True,True,,600,450
ISIC_6465036,clinical,True,True,,600,450
ISIC_6465119,dermoscopic,True,True,,600,450
ISIC_6465943,clinical,True,True,,600,450
ISIC_6467453,dermoscopic,True,True,,600,450
ISIC_6467881,dermoscopic,True,True,,600,450
ISIC_6467926,clinical,True,True,,600,450
ISIC_6469024,dermoscopic,True,True,,600,450
ISIC_6469131,clinical,True,True,,600,450
ISIC_6469847,dermoscopic,True,True,,600,450
ISIC_6470630,dermoscopic,True,True,,600,450
ISIC_6473978,clinical,True,True,,600,450
ISIC_6475371,dermoscopic,True,True,,600,450
ISIC_6475622,dermoscopic,True,True,,600,450
ISIC_6476734,clinical,True,True,,600,450
ISIC_6477645,clinical,True,True,,600,450
ISIC_6479651,clinical,True,True,,600,450
ISIC_6480143,dermoscopic,True,True,,600,450
ISIC_6480550,clinical,True,True,,600,450
ISIC_6481562,clinical,True,True,,600,450
ISIC_6483899,clinical,True,True,,600,450
ISIC_6484434,clinical,True,True,,600,450
ISIC_6484641,dermoscopic,True,True,,600,450
ISIC_6484898,clinical,True,True,,600,450
ISIC_6484938,dermoscopic,True,True,,600,450
ISIC_6485726,clinical,True,True,,600,450
ISIC_6485921,clinical,True,True,,600,450
ISIC_6486344,clinical,True,True,,600,450
ISIC_6486784,dermoscopic,True,True,,600,450
ISIC_6487282,clinical,True,True,,600,450
ISIC_6488682,dermoscopic,True,True,,600,450
ISIC_6491504,clinical,True,True,,600,450
ISIC_6491752,clinical,True,True,,600,450
ISIC_6492760,clinical,True,True,,600,450
ISIC_6494733,dermoscopic,True,True,,600,450
ISIC_6499536,clinical,True,True,,600,450
ISIC_6500642,dermoscopic,True,True,,600,450
ISIC_6503533,dermoscopic,True,True,,600,450
ISIC_6503857,clinical,True,True,,600,450
ISIC_6505724,clinical,True,True,,600,450
ISIC_6506817,clinical,True,True,,600,450
ISIC_6508139,dermoscopic,True,True,,600,450
ISIC_6508531,dermoscopic,True,True,,600,450
ISIC_6508737,dermoscopic,True,True,,600,450
ISIC_6511262,clinical,True,True,,600,450
ISIC_6511897,dermoscopic,True,True,,600,450
ISIC_6513947,clinical,True,True,,600,450
ISIC_6513986,clinical,True,True,,600,450
ISIC_6517004,clinical,True,True,,600,450
ISIC_6517752,clinical,True,True,,600,450
ISIC_6517818,clinical,True,True,,600,450
ISIC_6518344,clinical,True,True,,600,450
ISIC_6519570,clinical,True,True,,600,450
ISIC_6521283,clinical,True,True,,600,450
ISIC_6522135,dermoscopic,True,True,,600,450
ISIC_6523987,clinical,True,True,,600,450
ISIC_6524360,dermoscopic,True,True,,600,450
ISIC_6527571,dermoscopic,True,True,,600,450
ISIC_6529382,clinical,True,True,,600,450
ISIC_6529674,dermoscopic,True,True,,600,450
ISIC_6532286,dermoscopic,True,True,,600,450
ISIC_6533290,clinical,True,True,,600,450
ISIC_6533664,clinical,True,True,,600,450
ISIC_6534601,clinical,True,True,,600,450
ISIC_6535679,clinical,True,True,,600,450
ISIC_6537586,dermoscopic,True,True,,600,450
ISIC_6537636,clinical,True,True,,600,450
ISIC_6538108,dermoscopic,True,True,,600,450
ISIC_6538197,clinical,True,True,,600,450
ISIC_6538645,dermoscopic,True,True,,600,450
ISIC_6539237,dermoscopic,True,True,,600,450
ISIC_6539281,dermoscopic,True,True,,600,450
ISIC_6543284,dermoscopic,True,True,,600,450
ISIC_6544356,clinical,True,True,,600,450
ISIC_6545015,dermoscopic,True,True,,600,450
ISIC_6545294,dermoscopic,True,True,,600,450
ISIC_6546601,clinical,True,True,,600,450
ISIC_6548664,clinical,True,True,,600,450
ISIC_6548919,dermoscopic,True,True,,600,450
ISIC_6550385,clinical,True,True,,600,450
ISIC_6550491,dermoscopic,True,True,,600,450
ISIC_6550575,dermoscopic,True,True,,600,450
ISIC_6550801,dermoscopic,True,True,,600,450
ISIC_6551027,dermoscopic,True,True,,600,450
ISIC_6551157,clinical,True,True,,600,450
ISIC_6551749,dermoscopic,True,True,,600,450
ISIC_6552603,clinical,True,True,,600,450
ISIC_6553055,dermoscopic,True,True,,600,450
ISIC_6555872,clinical,True,True,,600,450
ISIC_6556418,clinical,True,True,,600,450
ISIC_6558065,dermoscopic,True,True,,600,450
ISIC_6558326,dermoscopic,True,True,,600,450
ISIC_6559313,dermoscopic,True,True,,600,450
ISIC_6560005,clinical,True,True,,600,450
ISIC_6561654,dermoscopic,True,True,,600,450
ISIC_6562442,dermoscopic,True,True,,600,450
ISIC_6562880,dermoscopic,True,True,,600,450
ISIC_6562927,clinical,True,True,,600,450
ISIC_6563482,clinical,True,True,,600,450
ISIC_6563965,dermoscopic,True,True,,600,450
ISIC_6564259,clinical,True,True,,600,450
ISIC_6565806,clinical,True,True,,600,450
ISIC_6566236,clinical,True,True,,600,450
ISIC_6566937,clinical,True,True,,600,450
ISIC_6566959,clinical,True,True,,600,450
ISIC_6567490,dermoscopic,True,True,,600,450
ISIC_6568898,clinical,True,True,,600,450
ISIC_6569850,dermoscopic,True,True,,600,450
ISIC_6571694,clinical,True,True,,600,450
ISIC_6573003,clinical,True,True,,600,450
ISIC_6573433,clinical,True,True,,600,450
ISIC_6573445,clinical,True,True,,600,450
ISIC_6576436,dermoscopic,True,True,,600,450
ISIC_6576845,clinical,True,True,,600,450
ISIC_6576920,clinical,True,True,,600,450
ISIC_6578156,clinical,True,True,,600,450
ISIC_6579356,clinical,True,True,,600,450
ISIC_6580142,clinical,True,True,,600,450
ISIC_6580622,dermoscopic,True,True,,600,450
ISIC_6580770,clinical,True,True,,600,450
ISIC_6581346,clinical,True,True,,600,450
ISIC_6581571,dermoscopic,True,True,,600,450
ISIC_6581608,dermoscopic,True,True,,600,450
ISIC_6582004,dermoscopic,True,True,,600,450
ISIC_6583245,dermoscopic,True,True,,600,450
ISIC_6583340,clinical,True,True,,600,450
ISIC_6583732,clinical,True,True,,600,450
ISIC_6584815,dermoscopic,True,True,,600,450
ISIC_6587157,clinical,True,True,,600,450
ISIC_6588275,dermoscopic,True,True,,600,450
ISIC_6588395,dermoscopic,True,True,,600,450
ISIC_6588483,clinical,True,True,,600,450
ISIC_6589696,dermoscopic,True,True,,600,450
ISIC_6590195,dermoscopic,True,True,,600,450
ISIC_6590453,dermoscopic,True,True,,600,450
ISIC_6590580,dermoscopic,True,True,,600,450
ISIC_6591439,clinical,True,True,,600,450
ISIC_6593095,clinical,True,True,,600,450
ISIC_6593403,clinical,True,True,,600,450
ISIC_6595206,clinical,True,True,,600,450
ISIC_6595434,clinical,True,True,,600,450
ISIC_6595713,dermoscopic,True,True,,600,450
ISIC_6596926,dermoscopic,True,True,,600,450
ISIC_6597463,clinical,True,True,,600,450
ISIC_6597735,clinical,True,True,,600,450
ISIC_6598411,clinical,True,True,,600,450
ISIC_6598962,clinical,True,True,,600,450
ISIC_6600474,clinical,True,True,,600,450
ISIC_6600475,dermoscopic,True,True,,600,450
ISIC_6601126,dermoscopic,True,True,,600,450
ISIC_6601890,clinical,True,True,,600,450
ISIC_6602302,dermoscopic,True,True,,600,450
ISIC_6603218,clinical,True,True,,600,450
ISIC_6603451,dermoscopic,True,True,,600,450
ISIC_6603709,dermoscopic,True,True,,600,450
ISIC_6605295,clinical,True,True,,600,450
ISIC_6606816,clinical,True,True,,600,450
ISIC_6608996,clinical,True,True,,600,450
ISIC_6609894,clinical,True,True,,600,450
ISIC_6610991,clinical,True,True,,600,450
ISIC_6611061,dermoscopic,True,True,,600,450
ISIC_6612352,clinical,True,True,,600,450
ISIC_6612848,dermoscopic,True,True,,600,450
ISIC_6613152,clinical,True,True,,600,450
ISIC_6614371,dermoscopic,True,True,,600,450
ISIC_6614498,dermoscopic,True,True,,600,450
ISIC_6615782,dermoscopic,True,True,,600,450
ISIC_6616937,dermoscopic,True,True,,600,450
ISIC_6617227,clinical,True,True,,600,450
ISIC_6618250,dermoscopic,True,True,,600,450
ISIC_6620223,clinical,True,True,,600,450
ISIC_6622403,dermoscopic,True,True,,600,450
ISIC_6623298,dermoscopic,True,True,,600,450
ISIC_6625178,clinical,True,True,,600,450
ISIC_6625361,clinical,True,True,,600,450
ISIC_6625754,clinical,True,True,,600,450
ISIC_6626242,dermoscopic,True,True,,600,450
ISIC_6629495,clinical,True,True,,600,450
ISIC_6629742,clinical,True,True,,600,450
ISIC_6630088,clinical,True,True,,600,450
ISIC_6631462,dermoscopic,True,True,,600,450
ISIC_6634268,clinical,True,True,,600,450
ISIC_6634769,dermoscopic,True,True,,600,450
ISIC_6635963,dermoscopic,True,True,,600,450
ISIC_6636694,dermoscopic,True,True,,600,450
ISIC_6638137,dermoscopic,True,True,,600,450
ISIC_6638374,dermoscopic,True,True,,600,450
ISIC_6638547,dermoscopic,True,True,,600,450
ISIC_6639016,dermoscopic,True,True,,600,450
ISIC_6639957,dermoscopic,True,True,,600,450
ISIC_6640040,dermoscopic,True,True,,600,450
ISIC_6640885,clinical,True,True,,600,450
ISIC_6642031,dermoscopic,True,True,,600,450
ISIC_6642568,clinical,True,True,,600,450
ISIC_6642775,clinical,True,True,,600,450
ISIC_6645684,dermoscopic,True,True,,600,450
ISIC_6646415,clinical,True,True,,600,450
ISIC_6648449,dermoscopic,True,True,,600,450
ISIC_6648628,dermoscopic,True,True,,600,450
ISIC_6650890,clinical,True,True,,600,450
ISIC_6651888,dermoscopic,True,True,,600,450
ISIC_6653326,dermoscopic,True,True,,600,450
ISIC_6653595,dermoscopic,True,True,,600,450
ISIC_6654586,dermoscopic,True,True,,600,450
ISIC_6655070,dermoscopic,True,True,,600,450
ISIC_6657446,dermoscopic,True,True,,600,450
ISIC_6657890,dermoscopic,True,True,,600,450
ISIC_6657999,clinical,True,True,,600,450
ISIC_6660770,clinical,True,True,,600,450
ISIC_6662978,dermoscopic,True,True,,600,450
ISIC_6664237,dermoscopic,True,True,,600,450
ISIC_6664385,dermoscopic,True,True,,600,450
ISIC_6665062,clinical,True,True,,600,450
ISIC_6667520,clinical,True,True,,600,450
ISIC_6669060,clinical,True,True,,600,450
ISIC_6670414,clinical,True,True,,600,450
ISIC_6671359,clinical,True,True,,600,450
ISIC_6672065,dermoscopic,True,True,,600,450
ISIC_6674353,clinical,True,True,,600,450
ISIC_6676782,clinical,True,True,,600,450
ISIC_6677597,clinical,True,True,,600,450
ISIC_6678187,dermoscopic,True,True,,600,450
ISIC_6679416,clinical,True,True,,600,450
ISIC_6679588,dermoscopic,True,True,,600,450
ISIC_6681430,clinical,True,True,,600,450
ISIC_6684563,clinical,True,True,,600,450
ISIC_6685057,clinical,True,True,,600,450
ISIC_6685424,dermoscopic,True,True,,600,450
ISIC_6685680,dermoscopic,True,True,,600,450
ISIC_6687699,clinical,True,True,,600,450
ISIC_6688178,dermoscopic,True,True,,600,450
ISIC_6689453,dermoscopic,True,True,,600,450
ISIC_6690222,dermoscopic,True,True,,600,450
ISIC_6691035,dermoscopic,True,True,,600,450
ISIC_6691676,dermoscopic,True,True,,600,450
ISIC_6693050,dermoscopic,True,True,,600,450
ISIC_6693138,dermoscopic,True,True,,600,450
ISIC_6694775,clinical,True,True,,600,450
ISIC_6698584,clinical,True,True,,600,450
ISIC_6698671,dermoscopic,True,True,,600,450
ISIC_6698922,dermoscopic,True,True,,600,450
ISIC_6699542,clinical,True,True,,600,450
ISIC_6699904,clinical,True,True,,600,450
ISIC_6700837,clinical,True,True,,600,450
ISIC_6703068,clinical,True,True,,600,450
ISIC_6703202,dermoscopic,True,True,,600,450
ISIC_6704553,clinical,True,True,,600,450
ISIC_6704813,dermoscopic,True,True,,600,450
ISIC_6705014,clinical,True,True,,600,450
ISIC_6705033,clinical,True,True,,600,450
ISIC_6705073,dermoscopic,True,True,,600,450
ISIC_6705181,clinical,True,True,,600,450
ISIC_6705726,clinical,True,True,,600,450
ISIC_6706263,clinical,True,True,,600,450
ISIC_6707935,dermoscopic,True,True,,600,450
ISIC_6708834,clinical,True,True,,600,450
ISIC_6710161,dermoscopic,True,True,,600,450
ISIC_6712731,dermoscopic,True,True,,600,450
ISIC_6712916,dermoscopic,True,True,,600,450
ISIC_6713718,clinical,True,True,,600,450
ISIC_6713938,clinical,True,True,,600,450
ISIC_6714325,dermoscopic,True,True,,600,450
ISIC_6715416,dermoscopic,True,True,,600,450
ISIC_6716486,clinical,True,True,,600,450
ISIC_6717021,clinical,True,True,,600,450
ISIC_6717455,dermoscopic,True,True,,600,450
ISIC_6719081,dermoscopic,True,True,,600,450
ISIC_6720006,dermoscopic,True,True,,600,450
ISIC_6720121,clinical,True,True,,600,450
ISIC_6724521,clinical,True,True,,600,450
ISIC_6725643,clinical,True,True,,600,450
ISIC_6725841,dermoscopic,True,True,,600,450
ISIC_6728668,clinical,True,True,,600,450
ISIC_6730312,dermoscopic,True,True,,600,450
ISIC_6730946,dermoscopic,True,True,,600,450
ISIC_6731532,clinical,True,True,,600,450
ISIC_6731947,clinical,True,True,,600,450
ISIC_6733219,clinical,True,True,,600,450
ISIC_6735110,dermoscopic,True,True,,600,450
ISIC_6736703,clinical,True,True,,600,450
ISIC_6738813,dermoscopic,True,True,,600,450
ISIC_6738908,dermoscopic,True,True,,600,450
ISIC_6739483,dermoscopic,True,True,,600,450
ISIC_6739511,clinical,True,True,,600,450
ISIC_6744907,clinical,True,True,,600,450
ISIC_6745607,dermoscopic,True,True,,600,450
ISIC_6746042,clinical,True,True,,600,450
ISIC_6746536,clinical,True,True,,600,450
ISIC_6747251,dermoscopic,True,True,,600,450
ISIC_6747832,dermoscopic,True,True,,600,450
ISIC_6747902,dermoscopic,True,True,,600,450
ISIC_6747915,dermoscopic,True,True,,600,450
ISIC_6748152,dermoscopic,True,True,,600,450
ISIC_6748737,clinical,True,True,,600,450
ISIC_6748961,clinical,True,True,,600,450
ISIC_6749742,dermoscopic,True,True,,600,450
ISIC_6751355,dermoscopic,True,True,,600,450
ISIC_6751695,clinical,True,True,,600,450
ISIC_6752467,clinical,True,True,,600,450
ISIC_6753928,clinical,True,True,,600,450
ISIC_6754024,dermoscopic,True,True,,600,450
ISIC_6754150,dermoscopic,True,True,,600,450
ISIC_6755281,dermoscopic,True,True,,600,450
ISIC_6756079,clinical,True,True,,600,450
ISIC_6757914,dermoscopic,True,True,,600,450
ISIC_6759359,dermoscopic,True,True,,600,450
ISIC_6760472,clinical,True,True,,600,450
ISIC_6760541,dermoscopic,True,True,,600,450
ISIC_6761603,clinical,True,True,,600,450
ISIC_6761948,clinical,True,True,,600,450
ISIC_6765536,dermoscopic,True,True,,600,450
ISIC_6765907,clinical,True,True,,600,450
ISIC_6767738,clinical,True,True,,600,450
ISIC_6769979,dermoscopic,True,True,,600,450
ISIC_6770901,clinical,True,True,,600,450
ISIC_6771167,clinical,True,True,,600,450
ISIC_6771998,dermoscopic,True,True,,600,450
ISIC_6773425,clinical,True,True,,600,450
ISIC_6773668,dermoscopic,True,True,,600,450
ISIC_6775433,dermoscopic,True,True,,600,450
ISIC_6775663,dermoscopic,True,True,,600,450
ISIC_6777374,clinical,True,True,,600,450
ISIC_6780849,dermoscopic,True,True,,600,450
ISIC_6780966,dermoscopic,True,True,,600,450
ISIC_6781208,dermoscopic,True,True,,600,450
ISIC_6782031,dermoscopic,True,True,,600,450
ISIC_6782350,clinical,True,True,,600,450
ISIC_6783253,dermoscopic,True,True,,600,450
ISIC_6784471,dermoscopic,True,True,,600,450
ISIC_6785657,dermoscopic,True,True,,600,450
ISIC_6786577,clinical,True,True,,600,450
ISIC_6787367,dermoscopic,True,True,,600,450
ISIC_6788333,dermoscopic,True,True,,600,450
ISIC_6788918,clinical,True,True,,600,450
ISIC_6789387,clinical,True,True,,600,450
ISIC_6790299,clinical,True,True,,600,450
ISIC_6790517,dermoscopic,True,True,,600,450
ISIC_6791466,dermoscopic,True,True,,600,450
ISIC_6792624,clinical,True,True,,600,450
ISIC_6795403,clinical,True,True,,600,450
ISIC_6795963,dermoscopic,True,True,,600,450
ISIC_6796955,dermoscopic,True,True,,600,450
ISIC_6801081,dermoscopic,True,True,,600,450
ISIC_6803790,clinical,True,True,,600,450
ISIC_6806266,dermoscopic,True,True,,600,450
ISIC_6806797,clinical,True,True,,600,450
ISIC_6806931,clinical,True,True,,600,450
ISIC_6810372,clinical,True,True,,600,450
ISIC_6810466,clinical,True,True,,600,450
ISIC_6814138,clinical,True,True,,600,450
ISIC_6818303,dermoscopic,True,True,,600,450
ISIC_6818815,clinical,True,True,,600,450
ISIC_6819573,dermoscopic,True,True,,600,450
ISIC_6819805,dermoscopic,True,True,,600,450
ISIC_6820101,clinical,True,True,,600,450
ISIC_6822533,dermoscopic,True,True,,600,450
ISIC_6823624,clinical,True,True,,600,450
ISIC_6823826,clinical,True,True,,600,450
ISIC_6824445,clinical,True,True,,600,450
ISIC_6825359,dermoscopic,True,True,,600,450
ISIC_6827856,clinical,True,True,,600,450
ISIC_6827974,dermoscopic,True,True,,600,450
ISIC_6829175,clinical,True,True,,600,450
ISIC_6831182,clinical,True,True,,600,450
ISIC_6831651,dermoscopic,True,True,,600,450
ISIC_6831946,clinical,True,True,,600,450
ISIC_6833525,dermoscopic,True,True,,600,450
ISIC_6834207,clinical,True,True,,600,450
ISIC_6835241,dermoscopic,True,True,,600,450
ISIC_6838452,clinical,True,True,,600,450
ISIC_6838890,dermoscopic,True,True,,600,450
ISIC_6841057,clinical,True,True,,600,450
ISIC_6842250,dermoscopic,True,True,,600,450
ISIC_6842565,dermoscopic,True,True,,600,450
ISIC_6842700,clinical,True,True,,600,450
ISIC_6843004,clinical,True,True,,600,450
ISIC_6843700,dermoscopic,True,True,,600,450
ISIC_6844081,clinical,True,True,,600,450
ISIC_6845294,dermoscopic,True,True,,600,450
ISIC_6846051,dermoscopic,True,True,,600,450
ISIC_6846246,clinical,True,True,,600,450
ISIC_6847081,clinical,True,True,,600,450
ISIC_6847930,clinical,True,True,,600,450
ISIC_6849103,clinical,True,True,,600,450
ISIC_6851212,clinical,True,True,,600,450
ISIC_6852771,dermoscopic,True,True,,600,450
ISIC_6853529,dermoscopic,True,True,,600,450
ISIC_6854604,dermoscopic,True,True,,600,450
ISIC_6854833,clinical,True,True,,600,450
ISIC_6855467,clinical,True,True,,600,450
ISIC_6856028,dermoscopic,True,True,,600,450
ISIC_6857013,clinical,True,True,,600,450
ISIC_6857782,dermoscopic,True,True,,600,450
ISIC_6860247,dermoscopic,True,True,,600,450
ISIC_6860570,dermoscopic,True,True,,600,450
ISIC_6860942,dermoscopic,True,True,,600,450
ISIC_6861920,clinical,True,True,,600,450
ISIC_6862130,clinical,True,True,,600,450
ISIC_6862838,clinical,True,True,,600,450
ISIC_6863789,dermoscopic,True,True,,600,450
ISIC_6863904,dermoscopic,True,True,,600,450
ISIC_6866299,dermoscopic,True,True,,600,450
ISIC_6866490,clinical,True,True,,600,450
ISIC_6869534,clinical,True,True,,600,450
ISIC_6871088,clinical,True,True,,600,450
ISIC_6872166,clinical,True,True,,600,450
ISIC_6872189,clinical,True,True,,600,450
ISIC_6873786,dermoscopic,True,True,,600,450
ISIC_6874373,dermoscopic,True,True,,600,450
ISIC_6874595,clinical,True,True,,600,450
ISIC_6875256,dermoscopic,True,True,,600,450
ISIC_6875407,dermoscopic,True,True,,600,450
ISIC_6875484,clinical,True,True,,600,450
ISIC_6877985,dermoscopic,True,True,,600,450
ISIC_6881361,dermoscopic,True,True,,600,450
ISIC_6881589,dermoscopic,True,True,,600,450
ISIC_6881975,clinical,True,True,,600,450
ISIC_6881977,dermoscopic,True,True,,600,450
ISIC_6883494,clinical,True,True,,600,450
ISIC_6884836,dermoscopic,True,True,,600,450
ISIC_6886017,clinical,True,True,,600,450
ISIC_6886169,dermoscopic,True,True,,600,450
ISIC_6886883,dermoscopic,True,True,,600,450
ISIC_6887594,dermoscopic,True,True,,600,450
ISIC_6888436,clinical,True,True,,600,450
ISIC_6890394,clinical,True,True,,600,450
ISIC_6890536,dermoscopic,True,True,,600,450
ISIC_6891841,clinical,True,True,,600,450
ISIC_6892423,clinical,True,True,,600,450
ISIC_6893384,clinical,True,True,,600,450
ISIC_6895047,clinical,True,True,,600,450
ISIC_6895079,dermoscopic,True,True,,600,450
ISIC_6896664,dermoscopic,True,True,,600,450
ISIC_6897010,dermoscopic,True,True,,600,450
ISIC_6898183,dermoscopic,True,True,,600,450
ISIC_6899811,dermoscopic,True,True,,600,450
ISIC_6900216,clinical,True,True,,600,450
ISIC_6900639,clinical,True,True,,600,450
ISIC_6900958,dermoscopic,True,True,,600,450
ISIC_6901509,clinical,True,True,,600,450
ISIC_6901642,dermoscopic,True,True,,600,450
ISIC_6904480,clinical,True,True,,600,450
ISIC_6904950,dermoscopic,True,True,,600,450
ISIC_6905596,clinical,True,True,,600,450
ISIC_6906027,dermoscopic,True,True,,600,450
ISIC_6906298,clinical,True,True,,600,450
ISIC_6907436,dermoscopic,True,True,,600,450
ISIC_6908533,dermoscopic,True,True,,600,450
ISIC_6908565,clinical,True,True,,600,450
ISIC_6909525,dermoscopic,True,True,,600,450
ISIC_6910029,dermoscopic,True,True,,600,450
ISIC_6910330,dermoscopic,True,True,,600,450
ISIC_6914066,clinical,True,True,,600,450
ISIC_6914336,clinical,True,True,,600,450
ISIC_6914473,clinical,True,True,,600,450
ISIC_6915298,dermoscopic,True,True,,600,450
ISIC_6918071,clinical,True,True,,600,450
ISIC_6919219,dermoscopic,True,True,,600,450
ISIC_6919900,clinical,True,True,,600,450
ISIC_6921970,clinical,True,True,,600,450
ISIC_6924218,dermoscopic,True,True,,600,450
ISIC_6925418,clinical,True,True,,600,450
ISIC_6926304,clinical,True,True,,600,450
ISIC_6927702,clinical,True,True,,600,450
ISIC_6930203,dermoscopic,True,True,,600,450
ISIC_6931788,clinical,True,True,,600,450
ISIC_6932479,clinical,True,True,,600,450
ISIC_6932845,dermoscopic,True,True,,600,450
ISIC_6933070,dermoscopic,True,True,,600,450
ISIC_6933511,clinical,True,True,,600,450
ISIC_6933572,dermoscopic,True,True,,600,450
ISIC_6933675,clinical,True,True,,600,450
ISIC_6934066,clinical,True,True,,600,450
ISIC_6934396,dermoscopic,True,True,,600,450
ISIC_6934564,clinical,True,True,,600,450
ISIC_6934851,clinical,True,True,,600,450
ISIC_6935679,dermoscopic,True,True,,600,450
ISIC_6935765,clinical,True,True,,600,450
ISIC_6936062,clinical,True,True,,600,450
ISIC_6936754,dermoscopic,True,True,,600,450
ISIC_6936920,dermoscopic,True,True,,600,450
ISIC_6938390,dermoscopic,True,True,,600,450
ISIC_6938441,dermoscopic,True,True,,600,450
ISIC_6938646,dermoscopic,True,True,,600,450
ISIC_6938902,clinical,True,True,,600,450
ISIC_6939444,clinical,True,True,,600,450
ISIC_6940173,dermoscopic,True,True,,600,450
ISIC_6940478,dermoscopic,True,True,,600,450
ISIC_6941286,clinical,True,True,,600,450
ISIC_6941420,dermoscopic,True,True,,600,450
ISIC_6942468,clinical,True,True,,600,450
ISIC_6943109,clinical,True,True,,600,450
ISIC_6943209,dermoscopic,True,True,,600,450
ISIC_6943256,dermoscopic,True,True,,600,450
ISIC_6945898,dermoscopic,True,True,,600,450
ISIC_6946162,clinical,True,True,,600,450
ISIC_6946678,dermoscopic,True,True,,600,450
ISIC_6949754,dermoscopic,True,True,,600,450
ISIC_6950225,dermoscopic,True,True,,600,450
ISIC_6952094,dermoscopic,True,True,,600,450
ISIC_6952620,clinical,True,True,,600,450
ISIC_6952812,dermoscopic,True,True,,600,450
ISIC_6953221,dermoscopic,True,True,,600,450
ISIC_6954063,dermoscopic,True,True,,600,450
ISIC_6954599,clinical,True,True,,600,450
ISIC_6955501,dermoscopic,True,True,,600,450
ISIC_6956876,dermoscopic,True,True,,600,450
ISIC_6957053,clinical,True,True,,600,450
ISIC_6957886,clinical,True,True,,600,450
ISIC_6958809,clinical,True,True,,600,450
ISIC_6958882,dermoscopic,True,True,,600,450
ISIC_6958939,clinical,True,True,,600,450
ISIC_6959082,dermoscopic,True,True,,600,450
ISIC_6960107,clinical,True,True,,600,450
ISIC_6963673,dermoscopic,True,True,,600,450
ISIC_6964854,clinical,True,True,,600,450
ISIC_6965635,dermoscopic,True,True,,600,450
ISIC_6966227,clinical,True,True,,600,450
ISIC_6966608,clinical,True,True,,600,450
ISIC_6967166,clinical,True,True,,600,450
ISIC_6967255,clinical,True,True,,600,450
ISIC_6968104,clinical,True,True,,600,450
ISIC_6968526,clinical,True,True,,600,450
ISIC_6969322,clinical,True,True,,600,450
ISIC_6970817,clinical,True,True,,600,450
ISIC_6970909,dermoscopic,True,True,,600,450
ISIC_6971136,clinical,True,True,,600,450
ISIC_6972742,dermoscopic,True,True,,600,450
ISIC_6973783,dermoscopic,True,True,,600,450
ISIC_6976701,dermoscopic,True,True,,600,450
ISIC_6977117,clinical,True,True,,600,450
ISIC_6977201,clinical,True,True,,600,450
ISIC_6977564,clinical,True,True,,600,450
ISIC_6981576,clinical,True,True,,600,450
ISIC_6982597,dermoscopic,True,True,,600,450
ISIC_6983648,clinical,True,True,,600,450
ISIC_6984049,clinical,True,True,,600,450
ISIC_6984699,clinical,True,True,,600,450
ISIC_6987320,dermoscopic,True,True,,600,450
ISIC_6989179,dermoscopic,True,True,,600,450
ISIC_6989617,dermoscopic,True,True,,600,450
ISIC_6990939,dermoscopic,True,True,,600,450
ISIC_6990978,dermoscopic,True,True,,600,450
ISIC_6991585,dermoscopic,True,True,,600,450
ISIC_6992532,clinical,True,True,,600,450
ISIC_6993040,dermoscopic,True,True,,600,450
ISIC_6993481,dermoscopic,True,True,,600,450
ISIC_6995667,clinical,True,True,,600,450
ISIC_6995669,clinical,True,True,,600,450
ISIC_6996440,clinical,True,True,,600,450
ISIC_6997256,clinical,True,True,,600,450
ISIC_6999728,dermoscopic,True,True,,600,450
ISIC_6999928,dermoscopic,True,True,,600,450
ISIC_7000928,dermoscopic,True,True,,600,450
ISIC_7001987,clinical,True,True,,600,450
ISIC_7002238,clinical,True,True,,600,450
ISIC_7003219,dermoscopic,True,True,,600,450
ISIC_7004185,clinical,True,True,,600,450
ISIC_7005364,clinical,True,True,,600,450
ISIC_7005663,clinical,True,True,,600,450
ISIC_7005808,clinical,True,True,,600,450
ISIC_7006091,dermoscopic,True,True,,600,450
ISIC_7006889,dermoscopic,True,True,,600,450
ISIC_7006971,clinical,True,True,,600,450
ISIC_7008068,dermoscopic,True,True,,600,450
ISIC_7009394,dermoscopic,True,True,,600,450
ISIC_7009788,dermoscopic,True,True,,600,450
ISIC_7015879,clinical,True,True,,600,450
ISIC_7016834,dermoscopic,True,True,,600,450
ISIC_7016980,clinical,True,True,,600,450
ISIC_7017469,clinical,True,True,,600,450
ISIC_7018101,dermoscopic,True,True,,600,450
ISIC_7020196,dermoscopic,True,True,,600,450
ISIC_7023633,dermoscopic,True,True,,600,450
ISIC_7029533,dermoscopic,True,True,,600,450
ISIC_7029585,clinical,True,True,,600,450
ISIC_7030907,dermoscopic,True,True,,600,450
ISIC_7030953,dermoscopic,True,True,,600,450
ISIC_7031050,clinical,True,True,,600,450
ISIC_7032433,clinical,True,True,,600,450
ISIC_7033406,clinical,True,True,,600,450
ISIC_7034446,clinical,True,True,,600,450
ISIC_7034620,dermoscopic,True,True,,600,450
ISIC_7035620,clinical,True,True,,600,450
ISIC_7037056,dermoscopic,True,True,,600,450
ISIC_7038723,dermoscopic,True,True,,600,450
ISIC_7040859,dermoscopic,True,True,,600,450
ISIC_7041996,clinical,True,True,,600,450
ISIC_7042361,dermoscopic,True,True,,600,450
ISIC_7042940,dermoscopic,True,True,,600,450
ISIC_7043547,clinical,True,True,,600,450
ISIC_7044118,dermoscopic,True,True,,600,450
ISIC_7044269,clinical,True,True,,600,450
ISIC_7045012,dermoscopic,True,True,,600,450
ISIC_7046064,clinical,True,True,,600,450
ISIC_7047367,clinical,True,True,,600,450
ISIC_7047621,dermoscopic,True,True,,600,450
ISIC_7050719,clinical,True,True,,600,450
ISIC_7051147,clinical,True,True,,600,450
ISIC_7051193,clinical,True,True,,600,450
ISIC_7053064,dermoscopic,True,True,,600,450
ISIC_7053200,dermoscopic,True,True,,600,450
ISIC_7056997,clinical,True,True,,600,450
ISIC_7057641,clinical,True,True,,600,450
ISIC_7058677,clinical,True,True,,600,450
ISIC_7059546,dermoscopic,True,True,,600,450
ISIC_7061593,dermoscopic,True,True,,600,450
ISIC_7063713,dermoscopic,True,True,,600,450
ISIC_7065051,dermoscopic,True,True,,600,450
ISIC_7067801,clinical,True,True,,600,450
ISIC_7067948,dermoscopic,True,True,,600,450
ISIC_7070121,clinical,True,True,,600,450
ISIC_7070387,clinical,True,True,,600,450
ISIC_7072308,dermoscopic,True,True,,600,450
ISIC_7072857,dermoscopic,True,True,,600,450
ISIC_7074302,dermoscopic,True,True,,600,450
ISIC_7074658,dermoscopic,True,True,,600,450
ISIC_7075127,clinical,True,True,,600,450
ISIC_7076572,clinical,True,True,,600,450
ISIC_7077229,dermoscopic,True,True,,600,450
ISIC_7077927,clinical,True,True,,600,450
ISIC_7078711,dermoscopic,True,True,,600,450
ISIC_7079105,clinical,True,True,,600,450
ISIC_7079437,clinical,True,True,,600,450
ISIC_7080457,clinical,True,True,,600,450
ISIC_7081739,dermoscopic,True,True,,600,450
ISIC_7081965,clinical,True,True,,600,450
ISIC_7082655,clinical,True,True,,600,450
ISIC_7082726,dermoscopic,True,True,,600,450
ISIC_7083773,dermoscopic,True,True,,600,450
ISIC_7085591,dermoscopic,True,True,,600,450
ISIC_7087826,dermoscopic,True,True,,600,450
ISIC_7090643,clinical,True,True,,600,450
ISIC_7090951,dermoscopic,True,True,,600,450
ISIC_7094095,clinical,True,True,,600,450
ISIC_7095135,clinical,True,True,,600,450
ISIC_7096292,clinical,True,True,,600,450
ISIC_7096753,clinical,True,True,,600,450
ISIC_7097983,clinical,True,True,,600,450
ISIC_7100195,clinical,True,True,,600,450
ISIC_7100479,clinical,True,True,,600,450
ISIC_7101608,dermoscopic,True,True,,600,450
ISIC_7101909,dermoscopic,True,True,,600,450
ISIC_7103694,dermoscopic,True,True,,600,450
ISIC_7105831,dermoscopic,True,True,,600,450
ISIC_7105876,dermoscopic,True,True,,600,450
ISIC_7105949,dermoscopic,True,True,,600,450
ISIC_7106496,clinical,True,True,,600,450
ISIC_7108710,clinical,True,True,,600,450
ISIC_7109494,dermoscopic,True,True,,600,450
ISIC_7110025,dermoscopic,True,True,,600,450
ISIC_7110078,clinical,True,True,,600,450
ISIC_7110194,clinical,True,True,,600,450
ISIC_7110687,dermoscopic,True,True,,600,450
ISIC_7111015,clinical,True,True,,600,450
ISIC_7112529,clinical,True,True,,600,450
ISIC_7112600,dermoscopic,True,True,,600,450
ISIC_7113721,clinical,True,True,,600,450
ISIC_7114135,clinical,True,True,,600,450
ISIC_7115215,clinical,True,True,,600,450
ISIC_7115768,dermoscopic,True,True,,600,450
ISIC_7115858,clinical,True,True,,600,450
ISIC_7116014,dermoscopic,True,True,,600,450
ISIC_7116414,dermoscopic,True,True,,600,450
ISIC_7116804,dermoscopic,True,True,,600,450
ISIC_7116818,dermoscopic,True,True,,600,450
ISIC_7117439,clinical,True,True,,600,450
ISIC_7117747,clinical,True,True,,600,450
ISIC_7118545,dermoscopic,True,True,,600,450
ISIC_7119069,clinical,True,True,,600,450
ISIC_7119768,clinical,True,True,,600,450
ISIC_7119882,dermoscopic,True,True,,600,450
ISIC_7122420,clinical,True,True,,600,450
ISIC_7124407,clinical,True,True,,600,450
ISIC_7126369,dermoscopic,True,True,,600,450
ISIC_7127801,clinical,True,True,,600,450
ISIC_7128280,dermoscopic,True,True,,600,450
ISIC_7132196,dermoscopic,True,True,,600,450
ISIC_7133516,clinical,True,True,,600,450
ISIC_7134919,dermoscopic,True,True,,600,450
ISIC_7135182,clinical,True,True,,600,450
ISIC_7136010,clinical,True,True,,600,450
ISIC_7137132,clinical,True,True,,600,450
ISIC_7137645,clinical,True,True,,600,450
ISIC_7138482,clinical,True,True,,600,450
ISIC_7138580,dermoscopic,True,True,,600,450
ISIC_7138691,clinical,True,True,,600,450
ISIC_7139452,dermoscopic,True,True,,600,450
ISIC_7139592,dermoscopic,True,True,,600,450
ISIC_7139633,clinical,True,True,,600,450
ISIC_7140185,clinical,True,True,,600,450
ISIC_7140233,clinical,True,True,,600,450
ISIC_7142689,clinical,True,True,,600,450
ISIC_7142949,clinical,True,True,,600,450
ISIC_7143220,clinical,True,True,,600,450
ISIC_7143311,clinical,True,True,,600,450
ISIC_7143359,dermoscopic,True,True,,600,450
ISIC_7144270,clinical,True,True,,600,450
ISIC_7144571,dermoscopic,True,True,,600,450
ISIC_7145117,clinical,True,True,,600,450
ISIC_7146069,dermoscopic,True,True,,600,450
ISIC_7147780,clinical,True,True,,600,450
ISIC_7148211,clinical,True,True,,600,450
ISIC_7148236,clinical,True,True,,600,450
ISIC_7149626,dermoscopic,True,True,,600,450
ISIC_7150018,clinical,True,True,,600,450
ISIC_7150655,dermoscopic,True,True,,600,450
ISIC_7151709,clinical,True,True,,600,450
ISIC_7151845,clinical,True,True,,600,450
ISIC_7152699,clinical,True,True,,600,450
ISIC_7153501,dermoscopic,True,True,,600,450
ISIC_7154038,dermoscopic,True,True,,600,450
ISIC_7155383,clinical,True,True,,600,450
ISIC_7155489,clinical,True,True,,600,450
ISIC_7161171,clinical,True,True,,600,450
ISIC_7162187,clinical,True,True,,600,450
ISIC_7162704,clinical,True,True,,600,450
ISIC_7168635,clinical,True,True,,600,450
ISIC_7169372,dermoscopic,True,True,,600,450
ISIC_7170025,dermoscopic,True,True,,600,450
ISIC_7171875,dermoscopic,True,True,,600,450
ISIC_7173478,clinical,True,True,,600,450
ISIC_7174859,dermoscopic,True,True,,600,450
ISIC_7174866,clinical,True,True,,600,450
ISIC_7176018,clinical,True,True,,600,450
ISIC_7176434,dermoscopic,True,True,,600,450
ISIC_7176466,dermoscopic,True,True,,600,450
ISIC_7177310,clinical,True,True,,600,450
ISIC_7179951,clinical,True,True,,600,450
ISIC_7179957,clinical,True,True,,600,450
ISIC_7184100,clinical,True,True,,600,450
ISIC_7184709,dermoscopic,True,True,,600,450
ISIC_7185462,clinical,True,True,,600,450
ISIC_7185513,clinical,True,True,,600,450
ISIC_7188142,clinical,True,True,,600,450
ISIC_7188705,dermoscopic,True,True,,600,450
ISIC_7188767,dermoscopic,True,True,,600,450
ISIC_7189150,clinical,True,True,,600,450
ISIC_7189526,dermoscopic,True,True,,600,450
ISIC_7190000,clinical,True,True,,600,450
ISIC_7193606,dermoscopic,True,True,,600,450
ISIC_7194453,dermoscopic,True,True,,600,450
ISIC_7195517,clinical,True,True,,600,450
ISIC_7196937,dermoscopic,True,True,,600,450
ISIC_7196976,clinical,True,True,,600,450
ISIC_7197136,clinical,True,True,,600,450
ISIC_7197327,clinical,True,True,,600,450
ISIC_7198657,dermoscopic,True,True,,600,450
ISIC_7198900,dermoscopic,True,True,,600,450
ISIC_7200132,dermoscopic,True,True,,600,450
ISIC_7200189,clinical,True,True,,600,450
ISIC_7200761,dermoscopic,True,True,,600,450
ISIC_7201198,dermoscopic,True,True,,600,450
ISIC_7201806,clinical,True,True,,600,450
ISIC_7202617,clinical,True,True,,600,450
ISIC_7204351,clinical,True,True,,600,450
ISIC_7204645,dermoscopic,True,True,,600,450
ISIC_7206020,dermoscopic,True,True,,600,450
ISIC_7206161,clinical,True,True,,600,450
ISIC_7206588,dermoscopic,True,True,,600,450
ISIC_7206801,dermoscopic,True,True,,600,450
ISIC_7207387,clinical,True,True,,600,450
ISIC_7207962,clinical,True,True,,600,450
ISIC_7208610,dermoscopic,True,True,,600,450
ISIC_7208631,dermoscopic,True,True,,600,450
ISIC_7209186,clinical,True,True,,600,450
ISIC_7209964,dermoscopic,True,True,,600,450
ISIC_7213515,dermoscopic,True,True,,600,450
ISIC_7214986,dermoscopic,True,True,,600,450
ISIC_7215858,dermoscopic,True,True,,600,450
ISIC_7216047,clinical,True,True,,600,450
ISIC_7216810,dermoscopic,True,True,,600,450
ISIC_7217395,dermoscopic,True,True,,600,450
ISIC_7218635,dermoscopic,True,True,,600,450
ISIC_7221017,clinical,True,True,,600,450
ISIC_7222742,dermoscopic,True,True,,600,450
ISIC_7225132,clinical,True,True,,600,450
ISIC_7226778,dermoscopic,True,True,,600,450
ISIC_7227216,dermoscopic,True,True,,600,450
ISIC_7227276,clinical,True,True,,600,450
ISIC_7227677,dermoscopic,True,True,,600,450
ISIC_7227895,clinical,True,True,,600,450
ISIC_7230569,dermoscopic,True,True,,600,450
ISIC_7231430,clinical,True,True,,600,450
ISIC_7231732,dermoscopic,True,True,,600,450
ISIC_7232942,clinical,True,True,,600,450
ISIC_7234241,dermoscopic,True,True,,600,450
ISIC_7235047,dermoscopic,True,True,,600,450
ISIC_7235077,dermoscopic,True,True,,600,450
ISIC_7235569,dermoscopic,True,True,,600,450
ISIC_7235822,clinical,True,True,,600,450
ISIC_7236730,dermoscopic,True,True,,600,450
ISIC_7236747,clinical,True,True,,600,450
ISIC_7237752,clinical,True,True,,600,450
ISIC_7238849,dermoscopic,True,True,,600,450
ISIC_7239055,clinical,True,True,,600,450
ISIC_7241087,clinical,True,True,,600,450
ISIC_7241253,dermoscopic,True,True,,600,450
ISIC_7241294,dermoscopic,True,True,,600,450
ISIC_7242126,clinical,True,True,,600,450
ISIC_7242284,dermoscopic,True,True,,600,450
ISIC_7242927,dermoscopic,True,True,,600,450
ISIC_7243195,dermoscopic,True,True,,600,450
ISIC_7243320,dermoscopic,True,True,,600,450
ISIC_7243372,dermoscopic,True,True,,600,450
ISIC_7243538,clinical,True,True,,600,450
ISIC_7245189,dermoscopic,True,True,,600,450
ISIC_7246920,clinical,True,True,,600,450
ISIC_7247605,clinical,True,True,,600,450
ISIC_7247659,clinical,True,True,,600,450
ISIC_7248341,clinical,True,True,,600,450
ISIC_7250021,clinical,True,True,,600,450
ISIC_7251011,dermoscopic,True,True,,600,450
ISIC_7251638,dermoscopic,True,True,,600,450
ISIC_7253697,clinical,True,True,,600,450
ISIC_7254042,clinical,True,True,,600,450
ISIC_7256008,dermoscopic,True,True,,600,450
ISIC_7256290,clinical,True,True,,600,450
ISIC_7256474,clinical,True,True,,600,450
ISIC_7257043,clinical,True,True,,600,450
ISIC_7259000,dermoscopic,True,True,,600,450
ISIC_7261168,dermoscopic,True,True,,600,450
ISIC_7261525,dermoscopic,True,True,,600,450
ISIC_7263241,clinical,True,True,,600,450
ISIC_7264785,dermoscopic,True,True,,600,450
ISIC_7265211,dermoscopic,True,True,,600,450
ISIC_7266198,dermoscopic,True,True,,600,450
ISIC_7267324,clinical,True,True,,600,450
ISIC_7268085,clinical,True,True,,600,450
ISIC_7271415,clinical,True,True,,600,450
ISIC_7271787,dermoscopic,True,True,,600,450
ISIC_7272469,dermoscopic,True,True,,600,450
ISIC_7272721,dermoscopic,True,True,,600,450
ISIC_7273308,clinical,True,True,,600,450
ISIC_7273374,clinical,True,True,,600,450
ISIC_7273851,clinical,True,True,,600,450
ISIC_7273898,clinical,True,True,,600,450
ISIC_7274523,dermoscopic,True,True,,600,450
ISIC_7275427,clinical,True,True,,600,450
ISIC_7276894,clinical,True,True,,600,450
ISIC_7277605,clinical,True,True,,600,450
ISIC_7278376,dermoscopic,True,True,,600,450
ISIC_7278380,clinical,True,True,,600,450
ISIC_7278433,dermoscopic,True,True,,600,450
ISIC_7278817,dermoscopic,True,True,,600,450
ISIC_7280473,dermoscopic,True,True,,600,450
ISIC_7282695,dermoscopic,True,True,,600,450
ISIC_7283446,clinical,True,True,,600,450
ISIC_7283528,dermoscopic,True,True,,600,450
ISIC_7284546,dermoscopic,True,True,,600,450
ISIC_7285238,clinical,True,True,,600,450
ISIC_7285901,dermoscopic,True,True,,600,450
ISIC_7286255,clinical,True,True,,600,450
ISIC_7287192,clinical,True,True,,600,450
ISIC_7288734,dermoscopic,True,True,,600,450
ISIC_7289001,dermoscopic,True,True,,600,450
ISIC_7289828,dermoscopic,True,True,,600,450
ISIC_7291783,clinical,True,True,,600,450
ISIC_7292116,dermoscopic,True,True,,600,450
ISIC_7294780,clinical,True,True,,600,450
ISIC_7297776,dermoscopic,True,True,,600,450
ISIC_7298204,dermoscopic,True,True,,600,450
ISIC_7298601,dermoscopic,True,True,,600,450
ISIC_7300115,clinical,True,True,,600,450
ISIC_7302180,dermoscopic,True,True,,600,450
ISIC_7302567,clinical,True,True,,600,450
ISIC_7303630,dermoscopic,True,True,,600,450
ISIC_7303727,dermoscopic,True,True,,600,450
ISIC_7304468,clinical,True,True,,600,450
ISIC_7304569,clinical,True,True,,600,450
ISIC_7304977,dermoscopic,True,True,,600,450
ISIC_7305201,dermoscopic,True,True,,600,450
ISIC_7307945,dermoscopic,True,True,,600,450
ISIC_7308323,dermoscopic,True,True,,600,450
ISIC_7308563,dermoscopic,True,True,,600,450
ISIC_7308766,clinical,True,True,,600,450
ISIC_7308959,dermoscopic,True,True,,600,450
ISIC_7311133,dermoscopic,True,True,,600,450
ISIC_7311876,dermoscopic,True,True,,600,450
ISIC_7312960,dermoscopic,True,True,,600,450
ISIC_7313587,clinical,True,True,,600,450
ISIC_7314033,dermoscopic,True,True,,600,450
ISIC_7315517,dermoscopic,True,True,,600,450
ISIC_7318590,dermoscopic,True,True,,600,450
ISIC_7319186,dermoscopic,True,True,,600,450
ISIC_7319315,clinical,True,True,,600,450
ISIC_7319337,clinical,True,True,,600,450
ISIC_7319361,dermoscopic,True,True,,600,450
ISIC_7320276,dermoscopic,True,True,,600,450
ISIC_7320560,dermoscopic,True,True,,600,450
ISIC_7321789,clinical,True,True,,600,450
ISIC_7322599,dermoscopic,True,True,,600,450
ISIC_7323450,clinical,True,True,,600,450
ISIC_7323687,clinical,True,True,,600,450
ISIC_7324772,clinical,True,True,,600,450
ISIC_7325617,dermoscopic,True,True,,600,450
ISIC_7325787,clinical,True,True,,600,450
ISIC_7325830,clinical,True,True,,600,450
ISIC_7326413,clinical,True,True,,600,450
ISIC_7326842,dermoscopic,True,True,,600,450
ISIC_7328549,clinical,True,True,,600,450
ISIC_7330557,dermoscopic,True,True,,600,450
ISIC_7330767,clinical,True,True,,600,450
ISIC_7330944,dermoscopic,True,True,,600,450
ISIC_7331674,clinical,True,True,,600,450
ISIC_7332242,dermoscopic,True,True,,600,450
ISIC_7334834,clinical,True,True,,600,450
ISIC_7334939,dermoscopic,True,True,,600,450
ISIC_7335595,dermoscopic,True,True,,600,450
ISIC_7335684,clinical,True,True,,600,450
ISIC_7335701,clinical,True,True,,600,450
ISIC_7336445,clinical,True,True,,600,450
ISIC_7337805,clinical,True,True,,600,450
ISIC_7339771,clinical,True,True,,600,450
ISIC_7339834,clinical,True,True,,600,450
ISIC_7340333,dermoscopic,True,True,,600,450
ISIC_7342682,clinical,True,True,,600,450
ISIC_7343168,dermoscopic,True,True,,600,450
ISIC_7343249,clinical,True,True,,600,450
ISIC_7343701,dermoscopic,True,True,,600,450
ISIC_7344118,clinical,True,True,,600,450
ISIC_7345682,dermoscopic,True,True,,600,450
ISIC_7345955,clinical,True,True,,600,450
ISIC_7347161,dermoscopic,True,True,,600,450
ISIC_7347180,dermoscopic,True,True,,600,450
ISIC_7351010,dermoscopic,True,True,,600,450
ISIC_7352384,dermoscopic,True,True,,600,450
ISIC_7354709,clinical,True,True,,600,450
ISIC_7356122,dermoscopic,True,True,,600,450
ISIC_7357556,clinical,True,True,,600,450
ISIC_7358297,dermoscopic,True,True,,600,450
ISIC_7358947,clinical,True,True,,600,450
ISIC_7359025,dermoscopic,True,True,,600,450
ISIC_7359902,clinical,True,True,,600,450
ISIC_7362585,dermoscopic,True,True,,600,450
ISIC_7363553,clinical,True,True,,600,450
ISIC_7363608,dermoscopic,True,True,,600,450
ISIC_7364338,clinical,True,True,,600,450
ISIC_7364575,clinical,True,True,,600,450
ISIC_7365593,dermoscopic,True,True,,600,450
ISIC_7367155,dermoscopic,True,True,,600,450
ISIC_7368145,clinical,True,True,,600,450
ISIC_7368174,clinical,True,True,,600,450
ISIC_7368423,clinical,True,True,,600,450
ISIC_7370552,dermoscopic,True,True,,600,450
ISIC_7370617,clinical,True,True,,600,450
ISIC_7372306,dermoscopic,True,True,,600,450
ISIC_7372500,dermoscopic,True,True,,600,450
ISIC_7374190,dermoscopic,True,True,,600,450
ISIC_7374556,dermoscopic,True,True,,600,450
ISIC_7374719,dermoscopic,True,True,,600,450
ISIC_7375111,clinical,True,True,,600,450
ISIC_7375960,dermoscopic,True,True,,600,450
ISIC_7376317,clinical,True,True,,600,450
ISIC_7377119,dermoscopic,True,True,,600,450
ISIC_7377763,dermoscopic,True,True,,600,450
ISIC_7377969,clinical,True,True,,600,450
ISIC_7379221,dermoscopic,True,True,,600,450
ISIC_7379628,dermoscopic,True,True,,600,450
ISIC_7381318,clinical,True,True,,600,450
ISIC_7381334,clinical,True,True,,600,450
ISIC_7381608,dermoscopic,True,True,,600,450
ISIC_7382332,dermoscopic,True,True,,600,450
ISIC_7382599,clinical,True,True,,600,450
ISIC_7382876,clinical,True,True,,600,450
ISIC_7382992,dermoscopic,True,True,,600,450
ISIC_7383105,clinical,True,True,,600,450
ISIC_7383339,dermoscopic,True,True,,600,450
ISIC_7384185,clinical,True,True,,600,450
ISIC_7384502,clinical,True,True,,600,450
ISIC_7384530,dermoscopic,True,True,,600,450
ISIC_7385775,clinical,True,True,,600,450
ISIC_7386871,clinical,True,True,,600,450
ISIC_7387118,clinical,True,True,,600,450
ISIC_7387499,dermoscopic,True,True,,600,450
ISIC_7388680,dermoscopic,True,True,,600,450
ISIC_7390604,clinical,True,True,,600,450
ISIC_7390977,dermoscopic,True,True,,600,450
ISIC_7391014,dermoscopic,True,True,,600,450
ISIC_7391184,clinical,True,True,,600,450
ISIC_7391511,clinical,True,True,,600,450
ISIC_7392473,clinical,True,True,,600,450
ISIC_7393664,clinical,True,True,,600,450
ISIC_7393792,dermoscopic,True,True,,600,450
ISIC_7394783,dermoscopic,True,True,,600,450
ISIC_7395485,dermoscopic,True,True,,600,450
ISIC_7395651,clinical,True,True,,600,450
ISIC_7396327,clinical,True,True,,600,450
ISIC_7396751,dermoscopic,True,True,,600,450
ISIC_7397137,dermoscopic,True,True,,600,450
ISIC_7397866,clinical,True,True,,600,450
ISIC_7398112,clinical,True,True,,600,450
ISIC_7399251,clinical,True,True,,600,450
ISIC_7401818,dermoscopic,True,True,,600,450
ISIC_7402642,dermoscopic,True,True,,600,450
ISIC_7403025,clinical,True,True,,600,450
ISIC_7403204,clinical,True,True,,600,450
ISIC_7405877,clinical,True,True,,600,450
ISIC_7406916,clinical,True,True,,600,450
ISIC_7408729,clinical,True,True,,600,450
ISIC_7409855,dermoscopic,True,True,,600,450
ISIC_7411878,clinical,True,True,,600,450
ISIC_7413595,dermoscopic,True,True,,600,450
ISIC_7414517,dermoscopic,True,True,,600,450
ISIC_7415373,dermoscopic,True,True,,600,450
ISIC_7415657,clinical,True,True,,600,450
ISIC_7417921,clinical,True,True,,600,450
ISIC_7420218,clinical,True,True,,600,450
ISIC_7423057,clinical,True,True,,600,450
ISIC_7424118,dermoscopic,True,True,,600,450
ISIC_7424370,dermoscopic,True,True,,600,450
ISIC_7425508,dermoscopic,True,True,,600,450
ISIC_7425846,dermoscopic,True,True,,600,450
ISIC_7426470,dermoscopic,True,True,,600,450
ISIC_7430438,clinical,True,True,,600,450
ISIC_7430526,clinical,True,True,,600,450
ISIC_7431526,clinical,True,True,,600,450
ISIC_7434007,clinical,True,True,,600,450
ISIC_7434343,dermoscopic,True,True,,600,450
ISIC_7434803,clinical,True,True,,600,450
ISIC_7434991,clinical,True,True,,600,450
ISIC_7435742,clinical,True,True,,600,450
ISIC_7435897,clinical,True,True,,600,450
ISIC_7436110,dermoscopic,True,True,,600,450
ISIC_7436139,dermoscopic,True,True,,600,450
ISIC_7436712,dermoscopic,True,True,,600,450
ISIC_7441024,dermoscopic,True,True,,600,450
ISIC_7442526,dermoscopic,True,True,,600,450
ISIC_7445585,clinical,True,True,,600,450
ISIC_7447177,clinical,True,True,,600,450
ISIC_7447703,clinical,True,True,,600,450
ISIC_7447961,dermoscopic,True,True,,600,450
ISIC_7449425,clinical,True,True,,600,450
ISIC_7450231,dermoscopic,True,True,,600,450
ISIC_7450315,clinical,True,True,,600,450
ISIC_7451740,dermoscopic,True,True,,600,450
ISIC_7451958,dermoscopic,True,True,,600,450
ISIC_7452036,clinical,True,True,,600,450
ISIC_7452466,dermoscopic,True,True,,600,450
ISIC_7453335,clinical,True,True,,600,450
ISIC_7454308,dermoscopic,True,True,,600,450
ISIC_7454892,dermoscopic,True,True,,600,450
ISIC_7454975,dermoscopic,True,True,,600,450
ISIC_7457072,clinical,True,True,,600,450
ISIC_7457508,clinical,True,True,,600,450
ISIC_7458610,dermoscopic,True,True,,600,450
ISIC_7459629,clinical,True,True,,600,450
ISIC_7460585,dermoscopic,True,True,,600,450
ISIC_7461685,dermoscopic,True,True,,600,450
ISIC_7461810,dermoscopic,True,True,,600,450
ISIC_7464024,clinical,True,True,,600,450
ISIC_7464071,dermoscopic,True,True,,600,450
ISIC_7464537,dermoscopic,True,True,,600,450
ISIC_7465284,clinical,True,True,,600,450
ISIC_7466654,clinical,True,True,,600,450
ISIC_7466902,clinical,True,True,,600,450
ISIC_7467578,clinical,True,True,,600,450
ISIC_7467595,dermoscopic,True,True,,600,450
ISIC_7469260,clinical,True,True,,600,450
ISIC_7469563,dermoscopic,True,True,,600,450
ISIC_7472074,clinical,True,True,,600,450
ISIC_7472087,dermoscopic,True,True,,600,450
ISIC_7472301,dermoscopic,True,True,,600,450
ISIC_7473131,dermoscopic,True,True,,600,450
ISIC_7474570,dermoscopic,True,True,,600,450
ISIC_7475014,clinical,True,True,,600,450
ISIC_7475784,clinical,True,True,,600,450
ISIC_7478833,dermoscopic,True,True,,600,450
ISIC_7479360,clinical,True,True,,600,450
ISIC_7480455,dermoscopic,True,True,,600,450
ISIC_7481650,clinical,True,True,,600,450
ISIC_7481885,dermoscopic,True,True,,600,450
ISIC_7482467,dermoscopic,True,True,,600,450
ISIC_7483655,dermoscopic,True,True,,600,450
ISIC_7484441,clinical,True,True,,600,450
ISIC_7484955,clinical,True,True,,600,450
ISIC_7485100,clinical,True,True,,600,450
ISIC_7485318,clinical,True,True,,600,450
ISIC_7485509,clinical,True,True,,600,450
ISIC_7486855,dermoscopic,True,True,,600,450
ISIC_7490723,dermoscopic,True,True,,600,450
ISIC_7493882,clinical,True,True,,600,450
ISIC_7493930,clinical,True,True,,600,450
ISIC_7495478,clinical,True,True,,600,450
ISIC_7497017,clinical,True,True,,600,450
ISIC_7497769,clinical,True,True,,600,450
ISIC_7499602,clinical,True,True,,600,450
ISIC_7500032,dermoscopic,True,True,,600,450
ISIC_7500706,clinical,True,True,,600,450
ISIC_7501563,dermoscopic,True,True,,600,450
ISIC_7501779,dermoscopic,True,True,,600,450
ISIC_7501825,dermoscopic,True,True,,600,450
ISIC_7503610,clinical,True,True,,600,450
ISIC_7504308,dermoscopic,True,True,,600,450
ISIC_7504526,dermoscopic,True,True,,600,450
ISIC_7504717,clinical,True,True,,600,450
ISIC_7505541,clinical,True,True,,600,450
ISIC_7505667,clinical,True,True,,600,450
ISIC_7506601,clinical,True,True,,600,450
ISIC_7506634,clinical,True,True,,600,450
ISIC_7507040,dermoscopic,True,True,,600,450
ISIC_7507238,dermoscopic,True,True,,600,450
ISIC_7507320,clinical,True,True,,600,450
ISIC_7507858,dermoscopic,True,True,,600,450
ISIC_7508643,clinical,True,True,,600,450
ISIC_7509328,dermoscopic,True,True,,600,450
ISIC_7509818,clinical,True,True,,600,450
ISIC_7510898,dermoscopic,True,True,,600,450
ISIC_7512177,clinical,True,True,,600,450
ISIC_7512401,clinical,True,True,,600,450
ISIC_7512488,clinical,True,True,,600,450
ISIC_7514787,dermoscopic,True,True,,600,450
ISIC_7516346,dermoscopic,True,True,,600,450
ISIC_7516657,dermoscopic,True,True,,600,450
ISIC_7517022,dermoscopic,True,True,,600,450
ISIC_7518317,clinical,True,True,,600,450
ISIC_7520189,clinical,True,True,,600,450
ISIC_7520217,dermoscopic,True,True,,600,450
ISIC_7521530,dermoscopic,True,True,,600,450
ISIC_7522059,clinical,True,True,,600,450
ISIC_7522141,clinical,True,True,,600,450
ISIC_7522903,clinical,True,True,,600,450
ISIC_7523078,dermoscopic,True,True,,600,450
ISIC_7523542,dermoscopic,True,True,,600,450
ISIC_7526819,dermoscopic,True,True,,600,450
ISIC_7527340,clinical,True,True,,600,450
ISIC_7527742,dermoscopic,True,True,,600,450
ISIC_7529554,dermoscopic,True,True,,600,450
ISIC_7530101,clinical,True,True,,600,450
ISIC_7531562,dermoscopic,True,True,,600,450
ISIC_7531601,dermoscopic,True,True,,600,450
ISIC_7533028,clinical,True,True,,600,450
ISIC_7534938,clinical,True,True,,600,450
ISIC_7535027,clinical,True,True,,600,450
ISIC_7535768,dermoscopic,True,True,,600,450
ISIC_7535873,clinical,True,True,,600,450
ISIC_7535899,clinical,True,True,,600,450
ISIC_7537434,dermoscopic,True,True,,600,450
ISIC_7541009,clinical,True,True,,600,450
ISIC_7541188,dermoscopic,True,True,,600,450
ISIC_7541402,dermoscopic,True,True,,600,450
ISIC_7541597,clinical,True,True,,600,450
ISIC_7542892,clinical,True,True,,600,450
ISIC_7544069,dermoscopic,True,True,,600,450
ISIC_7546221,dermoscopic,True,True,,600,450
ISIC_7546528,clinical,True,True,,600,450
ISIC_7547412,clinical,True,True,,600,450
ISIC_7547900,dermoscopic,True,True,,600,450
ISIC_7548109,clinical,True,True,,600,450
ISIC_7548342,dermoscopic,True,True,,600,450
ISIC_7548850,dermoscopic,True,True,,600,450
ISIC_7550834,clinical,True,True,,600,450
ISIC_7550843,clinical,True,True,,600,450
ISIC_7551222,clinical,True,True,,600,450
ISIC_7553451,clinical,True,True,,600,450
ISIC_7553601,dermoscopic,True,True,,600,450
ISIC_7555202,clinical,True,True,,600,450
ISIC_7555988,dermoscopic,True,True,,600,450
ISIC_7557765,clinical,True,True,,600,450
ISIC_7558897,dermoscopic,True,True,,600,450
ISIC_7559808,clinical,True,True,,600,450
ISIC_7559942,dermoscopic,True,True,,600,450
ISIC_7560146,clinical,True,True,,600,450
ISIC_7560911,clinical,True,True,,600,450
ISIC_7560933,dermoscopic,True,True,,600,450
ISIC_7562678,dermoscopic,True,True,,600,450
ISIC_7563152,dermoscopic,True,True,,600,450
ISIC_7563649,dermoscopic,True,True,,600,450
ISIC_7563753,clinical,True,True,,600,450
ISIC_7563945,clinical,True,True,,600,450
ISIC_7566277,clinical,True,True,,600,450
ISIC_7566402,clinical,True,True,,600,450
ISIC_7567589,dermoscopic,True,True,,600,450
ISIC_7567880,clinical,True,True,,600,450
ISIC_7569602,clinical,True,True,,600,450
ISIC_7571181,clinical,True,True,,600,450
ISIC_7572651,clinical,True,True,,600,450
ISIC_7575073,clinical,True,True,,600,450
ISIC_7579556,clinical,True,True,,600,450
ISIC_7580736,dermoscopic,True,True,,600,450
ISIC_7581757,clinical,True,True,,600,450
ISIC_7582667,dermoscopic,True,True,,600,450
ISIC_7583370,dermoscopic,True,True,,600,450
ISIC_7584393,dermoscopic,True,True,,600,450
ISIC_7585813,dermoscopic,True,True,,600,450
ISIC_7588660,dermoscopic,True,True,,600,450
ISIC_7588773,clinical,True,True,,600,450
ISIC_7588984,clinical,True,True,,600,450
ISIC_7589454,dermoscopic,True,True,,600,450
ISIC_7590490,clinical,True,True,,600,450
ISIC_7592017,dermoscopic,True,True,,600,450
ISIC_7595404,clinical,True,True,,600,450
ISIC_7600337,dermoscopic,True,True,,600,450
ISIC_7600832,clinical,True,True,,600,450
ISIC_7602538,dermoscopic,True,True,,600,450
ISIC_7603703,dermoscopic,True,True,,600,450
ISIC_7604483,clinical,True,True,,600,450
ISIC_7604705,dermoscopic,True,True,,600,450
ISIC_7605162,clinical,True,True,,600,450
ISIC_7605177,clinical,True,True,,600,450
ISIC_7605546,clinical,True,True,,600,450
ISIC_7606142,dermoscopic,True,True,,600,450
ISIC_7607421,clinical,True,True,,600,450
ISIC_7608693,clinical,True,True,,600,450
ISIC_7610657,dermoscopic,True,True,,600,450
ISIC_7613649,dermoscopic,True,True,,600,450
ISIC_7614085,dermoscopic,True,True,,600,450
ISIC_7614845,dermoscopic,True,True,,600,450
ISIC_7615308,dermoscopic,True,True,,600,450
ISIC_7615926,dermoscopic,True,True,,600,450
ISIC_7616136,clinical,True,True,,600,450
ISIC_7616494,clinical,True,True,,600,450
ISIC_7618809,dermoscopic,True,True,,600,450
ISIC_7619664,dermoscopic,True,True,,600,450
ISIC_7619832,clinical,True,True,,600,450
ISIC_7621482,dermoscopic,True,True,,600,450
ISIC_7623387,dermoscopic,True,True,,600,450
ISIC_7624779,dermoscopic,True,True,,600,450
ISIC_7626679,clinical,True,True,,600,450
ISIC_7627574,clinical,True,True,,600,450
ISIC_7627853,clinical,True,True,,600,450
ISIC_7629062,dermoscopic,True,True,,600,450
ISIC_7629948,dermoscopic,True,True,,600,450
ISIC_7630309,dermoscopic,True,True,,600,450
ISIC_7631504,dermoscopic,True,True,,600,450
ISIC_7631509,clinical,True,True,,600,450
ISIC_7632213,clinical,True,True,,600,450
ISIC_7632279,dermoscopic,True,True,,600,450
ISIC_7632373,dermoscopic,True,True,,600,450
ISIC_7635285,clinical,True,True,,600,450
ISIC_7637914,clinical,True,True,,600,450
ISIC_7638974,dermoscopic,True,True,,600,450
ISIC_7640631,dermoscopic,True,True,,600,450
ISIC_7641847,clinical,True,True,,600,450
ISIC_7642963,clinical,True,True,,600,450
ISIC_7643593,dermoscopic,True,True,,600,450
ISIC_7644369,dermoscopic,True,True,,600,450
ISIC_7645103,dermoscopic,True,True,,600,450
ISIC_7645646,clinical,True,True,,600,450
ISIC_7645695,clinical,True,True,,600,450
ISIC_7645755,dermoscopic,True,True,,600,450
ISIC_7646698,dermoscopic,True,True,,600,450
ISIC_7646924,dermoscopic,True,True,,600,450
ISIC_7647531,clinical,True,True,,600,450
ISIC_7647712,dermoscopic,True,True,,600,450
ISIC_7648987,clinical,True,True,,600,450
ISIC_7650091,clinical,True,True,,600,450
ISIC_7652679,clinical,True,True,,600,450
ISIC_7652703,clinical,True,True,,600,450
ISIC_7653495,clinical,True,True,,600,450
ISIC_7655648,clinical,True,True,,600,450
ISIC_7656588,dermoscopic,True,True,,600,450
ISIC_7656591,dermoscopic,True,True,,600,450
ISIC_7657322,dermoscopic,True,True,,600,450
ISIC_7661066,clinical,True,True,,600,450
ISIC_7662628,clinical,True,True,,600,450
ISIC_7662916,clinical,True,True,,600,450
ISIC_7665103,dermoscopic,True,True,,600,450
ISIC_7665860,clinical,True,True,,600,450
ISIC_7668131,dermoscopic,True,True,,600,450
ISIC_7668414,dermoscopic,True,True,,600,450
ISIC_7669551,clinical,True,True,,600,450
ISIC_7670015,clinical,True,True,,600,450
ISIC_7670059,clinical,True,True,,600,450
ISIC_7670245,clinical,True,True,,600,450
ISIC_7671344,clinical,True,True,,600,450
ISIC_7671720,dermoscopic,True,True,,600,450
ISIC_7672873,clinical,True,True,,600,450
ISIC_7675736,dermoscopic,True,True,,600,450
ISIC_7676731,clinical,True,True,,600,450
ISIC_7677176,dermoscopic,True,True,,600,450
ISIC_7677568,dermoscopic,True,True,,600,450
ISIC_7680182,clinical,True,True,,600,450
ISIC_7681010,dermoscopic,True,True,,600,450
ISIC_7682533,dermoscopic,True,True,,600,450
ISIC_7687096,clinical,True,True,,600,450
ISIC_7687674,dermoscopic,True,True,,600,450
ISIC_7692464,dermoscopic,True,True,,600,450
ISIC_7692882,dermoscopic,True,True,,600,450
ISIC_7693768,dermoscopic,True,True,,600,450
ISIC_7695263,dermoscopic,True,True,,600,450
ISIC_7695480,clinical,True,True,,600,450
ISIC_7695782,clinical,True,True,,600,450
ISIC_7697023,clinical,True,True,,600,450
ISIC_7700739,clinical,True,True,,600,450
ISIC_7701592,dermoscopic,True,True,,600,450
ISIC_7701636,clinical,True,True,,600,450
ISIC_7702191,dermoscopic,True,True,,600,450
ISIC_7702697,dermoscopic,True,True,,600,450
ISIC_7704554,dermoscopic,True,True,,600,450
ISIC_7705117,dermoscopic,True,True,,600,450
ISIC_7705901,dermoscopic,True,True,,600,450
ISIC_7706527,dermoscopic,True,True,,600,450
ISIC_7706534,clinical,True,True,,600,450
ISIC_7708206,clinical,True,True,,600,450
ISIC_7709002,dermoscopic,True,True,,600,450
ISIC_7710765,dermoscopic,True,True,,600,450
ISIC_7711097,clinical,True,True,,600,450
ISIC_7711626,dermoscopic,True,True,,600,450
ISIC_7713646,dermoscopic,True,True,,600,450
ISIC_7713794,clinical,True,True,,600,450
ISIC_7716315,dermoscopic,True,True,,600,450
ISIC_7717586,clinical,True,True,,600,450
ISIC_7717657,clinical,True,True,,600,450
ISIC_7718206,dermoscopic,True,True,,600,450
ISIC_7718433,clinical,True,True,,600,450
ISIC_7719129,dermoscopic,True,True,,600,450
ISIC_7722970,dermoscopic,True,True,,600,450
ISIC_7725065,dermoscopic,True,True,,600,450
ISIC_7725581,clinical,True,True,,600,450
ISIC_7726794,dermoscopic,True,True,,600,450
ISIC_7727693,clinical,True,True,,600,450
ISIC_7727795,dermoscopic,True,True,,600,450
ISIC_7728329,clinical,True,True,,600,450
ISIC_7729052,dermoscopic,True,True,,600,450
ISIC_7729398,clinical,True,True,,600,450
ISIC_7730161,clinical,True,True,,600,450
ISIC_7731011,clinical,True,True,,600,450
ISIC_7731176,clinical,True,True,,600,450
ISIC_7733305,dermoscopic,True,True,,600,450
ISIC_7733749,clinical,True,True,,600,450
ISIC_7733845,clinical,True,True,,600,450
ISIC_7733999,dermoscopic,True,True,,600,450
ISIC_7734472,dermoscopic,True,True,,600,450
ISIC_7735107,dermoscopic,True,True,,600,450
ISIC_7735271,clinical,True,True,,600,450
ISIC_7737513,dermoscopic,True,True,,600,450
ISIC_7739032,clinical,True,True,,600,450
ISIC_7739313,clinical,True,True,,600,450
ISIC_7742510,clinical,True,True,,600,450
ISIC_7742545,dermoscopic,True,True,,600,450
ISIC_7744368,clinical,True,True,,600,450
ISIC_7744790,dermoscopic,True,True,,600,450
ISIC_7745161,clinical,True,True,,600,450
ISIC_7745898,clinical,True,True,,600,450
ISIC_7746558,clinical,True,True,,600,450
ISIC_7747685,clinical,True,True,,600,450
ISIC_7748940,clinical,True,True,,600,450
ISIC_7748946,clinical,True,True,,600,450
ISIC_7749511,dermoscopic,True,True,,600,450
ISIC_7749901,dermoscopic,True,True,,600,450
ISIC_7752452,dermoscopic,True,True,,600,450
ISIC_7752807,dermoscopic,True,True,,600,450
ISIC_7753585,dermoscopic,True,True,,600,450
ISIC_7754022,dermoscopic,True,True,,600,450
ISIC_7755525,clinical,True,True,,600,450
ISIC_7756269,clinical,True,True,,600,450
ISIC_7757000,clinical,True,True,,600,450
ISIC_7758887,clinical,True,True,,600,450
ISIC_7759828,clinical,True,True,,600,450
ISIC_7760822,dermoscopic,True,True,,600,450
ISIC_7761513,clinical,True,True,,600,450
ISIC_7762277,clinical,True,True,,600,450
ISIC_7763661,dermoscopic,True,True,,600,450
ISIC_7764869,clinical,True,True,,600,450
ISIC_7765407,clinical,True,True,,600,450
ISIC_7765747,dermoscopic,True,True,,600,450
ISIC_7767475,clinical,True,True,,600,450
ISIC_7767729,clinical,True,True,,600,450
ISIC_7771236,dermoscopic,True,True,,600,450
ISIC_7774559,dermoscopic,True,True,,600,450
ISIC_7774908,dermoscopic,True,True,,600,450
ISIC_7775074,dermoscopic,True,True,,600,450
ISIC_7775105,clinical,True,True,,600,450
ISIC_7775899,clinical,True,True,,600,450
ISIC_7776586,dermoscopic,True,True,,600,450
ISIC_7777861,dermoscopic,True,True,,600,450
ISIC_7778161,dermoscopic,True,True,,600,450
ISIC_7778485,clinical,True,True,,600,450
ISIC_7778901,dermoscopic,True,True,,600,450
ISIC_7779579,dermoscopic,True,True,,600,450
ISIC_7780391,clinical,True,True,,600,450
ISIC_7780780,clinical,True,True,,600,450
ISIC_7782700,dermoscopic,True,True,,600,450
ISIC_7782780,clinical,True,True,,600,450
ISIC_7783388,clinical,True,True,,600,450
ISIC_7784358,clinical,True,True,,600,450
ISIC_7784876,dermoscopic,True,True,,600,450
ISIC_7785676,dermoscopic,True,True,,600,450
ISIC_7788766,dermoscopic,True,True,,600,450
ISIC_7789126,clinical,True,True,,600,450
ISIC_7789436,clinical,True,True,,600,450
ISIC_7789714,clinical,True,True,,600,450
ISIC_7789919,clinical,True,True,,600,450
ISIC_7790823,clinical,True,True,,600,450
ISIC_7793370,clinical,True,True,,600,450
ISIC_7793572,dermoscopic,True,True,,600,450
ISIC_7794974,dermoscopic,True,True,,600,450
ISIC_7797463,clinical,True,True,,600,450
ISIC_7798660,dermoscopic,True,True,,600,450
ISIC_7799008,dermoscopic,True,True,,600,450
ISIC_7799334,dermoscopic,True,True,,600,450
ISIC_7799504,dermoscopic,True,True,,600,450
ISIC_7801225,clinical,True,True,,600,450
ISIC_7801345,dermoscopic,True,True,,600,450
ISIC_7801659,clinical,True,True,,600,450
ISIC_7803268,dermoscopic,True,True,,600,450
ISIC_7803811,clinical,True,True,,600,450
ISIC_7803895,clinical,True,True,,600,450
ISIC_7804815,dermoscopic,True,True,,600,450
ISIC_7805529,clinical,True,True,,600,450
ISIC_7805543,clinical,True,True,,600,450
ISIC_7805699,dermoscopic,True,True,,600,450
ISIC_7805735,dermoscopic,True,True,,600,450
ISIC_7806262,dermoscopic,True,True,,600,450
ISIC_7806816,dermoscopic,True,True,,600,450
ISIC_7806895,dermoscopic,True,True,,600,450
ISIC_7808009,clinical,True,True,,600,450
ISIC_7808642,dermoscopic,True,True,,600,450
ISIC_7808755,dermoscopic,True,True,,600,450
ISIC_7808824,clinical,True,True,,600,450
ISIC_7809981,clinical,True,True,,600,450
ISIC_7811672,dermoscopic,True,True,,600,450
ISIC_7812213,clinical,True,True,,600,450
ISIC_7812484,dermoscopic,True,True,,600,450
ISIC_7812529,dermoscopic,True,True,,600,450
ISIC_7813552,clinical,True,True,,600,450
ISIC_7813760,dermoscopic,True,True,,600,450
ISIC_7816290,clinical,True,True,,600,450
ISIC_7817656,clinical,True,True,,600,450
ISIC_7817884,dermoscopic,True,True,,600,450
ISIC_7818562,dermoscopic,True,True,,600,450
ISIC_7819126,dermoscopic,True,True,,600,450
ISIC_7819570,clinical,True,True,,600,450
ISIC_7820228,clinical,True,True,,600,450
ISIC_7821150,dermoscopic,True,True,,600,450
ISIC_7821426,clinical,True,True,,600,450
ISIC_7822239,clinical,True,True,,600,450
ISIC_7822262,clinical,True,True,,600,450
ISIC_7826908,dermoscopic,True,True,,600,450
ISIC_7827261,clinical,True,True,,600,450
ISIC_7827973,dermoscopic,True,True,,600,450
ISIC_7827983,clinical,True,True,,600,450
ISIC_7828218,dermoscopic,True,True,,600,450
ISIC_7828331,dermoscopic,True,True,,600,450
ISIC_7828899,clinical,True,True,,600,450
ISIC_7830070,clinical,True,True,,600,450
ISIC_7832392,dermoscopic,True,True,,600,450
ISIC_7834236,clinical,True,True,,600,450
ISIC_7835311,clinical,True,True,,600,450
ISIC_7835980,clinical,True,True,,600,450
ISIC_7836446,clinical,True,True,,600,450
ISIC_7836451,dermoscopic,True,True,,600,450
ISIC_7836855,dermoscopic,True,True,,600,450
ISIC_7837278,dermoscopic,True,True,,600,450
ISIC_7838099,clinical,True,True,,600,450
ISIC_7838537,dermoscopic,True,True,,600,450
ISIC_7839162,dermoscopic,True,True,,600,450
ISIC_7841088,dermoscopic,True,True,,600,450
ISIC_7841785,clinical,True,True,,600,450
ISIC_7843146,dermoscopic,True,True,,600,450
ISIC_7843276,clinical,True,True,,600,450
ISIC_7844119,clinical,True,True,,600,450
ISIC_7844519,clinical,True,True,,600,450
ISIC_7846682,clinical,True,True,,600,450
ISIC_7849398,clinical,True,True,,600,450
ISIC_7849821,clinical,True,True,,600,450
ISIC_7851081,dermoscopic,True,True,,600,450
ISIC_7852805,clinical,True,True,,600,450
ISIC_7853005,clinical,True,True,,600,450
ISIC_7853714,clinical,True,True,,600,450
ISIC_7854881,dermoscopic,True,True,,600,450
ISIC_7855982,dermoscopic,True,True,,600,450
ISIC_7857854,clinical,True,True,,600,450
ISIC_7858765,dermoscopic,True,True,,600,450
ISIC_7859130,dermoscopic,True,True,,600,450
ISIC_7860232,dermoscopic,True,True,,600,450
ISIC_7865678,clinical,True,True,,600,450
ISIC_7868177,dermoscopic,True,True,,600,450
ISIC_7868229,clinical,True,True,,600,450
ISIC_7869069,dermoscopic,True,True,,600,450
ISIC_7869346,dermoscopic,True,True,,600,450
ISIC_7870559,dermoscopic,True,True,,600,450
ISIC_7871224,dermoscopic,True,True,,600,450
ISIC_7872235,clinical,True,True,,600,450
ISIC_7872925,clinical,True,True,,600,450
ISIC_7872929,clinical,True,True,,600,450
ISIC_7875352,clinical,True,True,,600,450
ISIC_7876083,dermoscopic,True,True,,600,450
ISIC_7876146,clinical,True,True,,600,450
ISIC_7876616,dermoscopic,True,True,,600,450
ISIC_7878572,clinical,True,True,,600,450
ISIC_7878714,dermoscopic,True,True,,600,450
ISIC_7880723,dermoscopic,True,True,,600,450
ISIC_7882033,dermoscopic,True,True,,600,450
ISIC_7882124,clinical,True,True,,600,450
ISIC_7882189,clinical,True,True,,600,450
ISIC_7882504,dermoscopic,True,True,,600,450
ISIC_7883260,dermoscopic,True,True,,600,450
ISIC_7885691,dermoscopic,True,True,,600,450
ISIC_7885893,clinical,True,True,,600,450
ISIC_7886084,dermoscopic,True,True,,600,450
ISIC_7886221,dermoscopic,True,True,,600,450
ISIC_7888447,dermoscopic,True,True,,600,450
ISIC_7888608,clinical,True,True,,600,450
ISIC_7889192,clinical,True,True,,600,450
ISIC_7889425,dermoscopic,True,True,,600,450
ISIC_7890093,dermoscopic,True,True,,600,450
ISIC_7890222,dermoscopic,True,True,,600,450
ISIC_7891302,clinical,True,True,,600,450
ISIC_7892545,dermoscopic,True,True,,600,450
ISIC_7893518,dermoscopic,True,True,,600,450
ISIC_7894539,clinical,True,True,,600,450
ISIC_7896796,dermoscopic,True,True,,600,450
ISIC_7896976,dermoscopic,True,True,,600,450
ISIC_7898573,clinical,True,True,,600,450
ISIC_7898975,clinical,True,True,,600,450
ISIC_7900173,clinical,True,True,,600,450
ISIC_7901262,clinical,True,True,,600,450
ISIC_7901805,dermoscopic,True,True,,600,450
ISIC_7902320,dermoscopic,True,True,,600,450
ISIC_7902497,dermoscopic,True,True,,600,450
ISIC_7902533,clinical,True,True,,600,450
ISIC_7902747,dermoscopic,True,True,,600,450
ISIC_7903287,dermoscopic,True,True,,600,450
ISIC_7903629,clinical,True,True,,600,450
ISIC_7904190,clinical,True,True,,600,450
ISIC_7904505,dermoscopic,True,True,,600,450
ISIC_7904583,clinical,True,True,,600,450
ISIC_7905907,clinical,True,True,,600,450
ISIC_7905939,clinical,True,True,,600,450
ISIC_7907324,dermoscopic,True,True,,600,450
ISIC_7910863,dermoscopic,True,True,,600,450
ISIC_7911067,clinical,True,True,,600,450
ISIC_7911836,clinical,True,True,,600,450
ISIC_7912691,dermoscopic,True,True,,600,450
ISIC_7913133,clinical,True,True,,600,450
ISIC_7913268,dermoscopic,True,True,,600,450
ISIC_7913691,clinical,True,True,,600,450
ISIC_7914809,clinical,True,True,,600,450
ISIC_7915016,dermoscopic,True,True,,600,450
ISIC_7916204,clinical,True,True,,600,450
ISIC_7916653,dermoscopic,True,True,,600,450
ISIC_7916990,clinical,True,True,,600,450
ISIC_7917060,dermoscopic,True,True,,600,450
ISIC_7917913,dermoscopic,True,True,,600,450
ISIC_7918518,dermoscopic,True,True,,600,450
ISIC_7919661,clinical,True,True,,600,450
ISIC_7919849,clinical,True,True,,600,450
ISIC_7920017,clinical,True,True,,600,450
ISIC_7921865,dermoscopic,True,True,,600,450
ISIC_7922830,dermoscopic,True,True,,600,450
ISIC_7925027,clinical,True,True,,600,450
ISIC_7925520,dermoscopic,True,True,,600,450
ISIC_7926021,clinical,True,True,,600,450
ISIC_7928247,clinical,True,True,,600,450
ISIC_7929517,dermoscopic,True,True,,600,450
ISIC_7929528,dermoscopic,True,True,,600,450
ISIC_7931618,dermoscopic,True,True,,600,450
ISIC_7931784,clinical,True,True,,600,450
ISIC_7931991,clinical,True,True,,600,450
ISIC_7932712,clinical,True,True,,600,450
ISIC_7933087,clinical,True,True,,600,450
ISIC_7936557,dermoscopic,True,True,,600,450
ISIC_7936930,clinical,True,True,,600,450
ISIC_7938895,clinical,True,True,,600,450
ISIC_7938939,dermoscopic,True,True,,600,450
ISIC_7939416,dermoscopic,True,True,,600,450
ISIC_7939427,dermoscopic,True,True,,600,450
ISIC_7939458,clinical,True,True,,600,450
ISIC_7939848,dermoscopic,True,True,,600,450
ISIC_7941055,dermoscopic,True,True,,600,450
ISIC_7943464,clinical,True,True,,600,450
ISIC_7943627,dermoscopic,True,True,,600,450
ISIC_7943939,dermoscopic,True,True,,600,450
ISIC_7945457,dermoscopic,True,True,,600,450
ISIC_7946501,dermoscopic,True,True,,600,450
ISIC_7947601,clinical,True,True,,600,450
ISIC_7949818,dermoscopic,True,True,,600,450
ISIC_7951600,dermoscopic,True,True,,600,450
ISIC_7952911,clinical,True,True,,600,450
ISIC_7953190,dermoscopic,True,True,,600,450
ISIC_7954970,dermoscopic,True,True,,600,450
ISIC_7956828,clinical,True,True,,600,450
ISIC_7957331,clinical,True,True,,600,450
ISIC_7957957,dermoscopic,True,True,,600,450
ISIC_7958109,clinical,True,True,,600,450
ISIC_7960659,clinical,True,True,,600,450
ISIC_7960741,clinical,True,True,,600,450
ISIC_7961515,clinical,True,True,,600,450
ISIC_7961554,clinical,True,True,,600,450
ISIC_7962171,dermoscopic,True,True,,600,450
ISIC_7964186,clinical,True,True,,600,450
ISIC_7965278,clinical,True,True,,600,450
ISIC_7965372,dermoscopic,True,True,,600,450
ISIC_7969817,dermoscopic,True,True,,600,450
ISIC_7970664,clinical,True,True,,600,450
ISIC_7971759,clinical,True,True,,600,450
ISIC_7971818,clinical,True,True,,600,450
ISIC_7973098,dermoscopic,True,True,,600,450
ISIC_7974196,dermoscopic,True,True,,600,450
ISIC_7974235,dermoscopic,True,True,,600,450
ISIC_7974271,dermoscopic,True,True,,600,450
ISIC_7974788,clinical,True,True,,600,450
ISIC_7974869,dermoscopic,True,True,,600,450
ISIC_7977103,dermoscopic,True,True,,600,450
ISIC_7977369,clinical,True,True,,600,450
ISIC_7978498,dermoscopic,True,True,,600,450
ISIC_7979271,dermoscopic,True,True,,600,450
ISIC_7980095,clinical,True,True,,600,450
ISIC_7981568,clinical,True,True,,600,450
ISIC_7981707,dermoscopic,True,True,,600,450
ISIC_7982443,dermoscopic,True,True,,600,450
ISIC_7982662,clinical,True,True,,600,450
ISIC_7983538,dermoscopic,True,True,,600,450
ISIC_7984223,dermoscopic,True,True,,600,450
ISIC_7985297,clinical,True,True,,600,450
ISIC_7986295,dermoscopic,True,True,,600,450
ISIC_7987042,dermoscopic,True,True,,600,450
ISIC_7987908,dermoscopic,True,True,,600,450
ISIC_7989237,clinical,True,True,,600,450
ISIC_7989369,dermoscopic,True,True,,600,450
ISIC_7989453,dermoscopic,True,True,,600,450
ISIC_7989475,clinical,True,True,,600,450
ISIC_7991063,clinical,True,True,,600,450
ISIC_7991319,dermoscopic,True,True,,600,450
ISIC_7991773,dermoscopic,True,True,,600,450
ISIC_7992008,clinical,True,True,,600,450
ISIC_7992749,clinical,True,True,,600,450
ISIC_7993187,clinical,True,True,,600,450
ISIC_7993222,dermoscopic,True,True,,600,450
ISIC_7994643,dermoscopic,True,True,,600,450
ISIC_7996471,clinical,True,True,,600,450
ISIC_7997862,dermoscopic,True,True,,600,450
ISIC_8000351,clinical,True,True,,600,450
ISIC_8000477,clinical,True,True,,600,450
ISIC_8000982,dermoscopic,True,True,,600,450
ISIC_8001737,dermoscopic,True,True,,600,450
ISIC_8002362,dermoscopic,True,True,,600,450
ISIC_8005759,dermoscopic,True,True,,600,450
ISIC_8006314,dermoscopic,True,True,,600,450
ISIC_8008482,dermoscopic,True,True,,600,450
ISIC_8010616,clinical,True,True,,600,450
ISIC_8011910,dermoscopic,True,True,,600,450
ISIC_8012183,clinical,True,True,,600,450
ISIC_8012264,dermoscopic,True,True,,600,450
ISIC_8015399,dermoscopic,True,True,,600,450
ISIC_8015470,clinical,True,True,,600,450
ISIC_8016561,clinical,True,True,,600,450
ISIC_8019366,dermoscopic,True,True,,600,450
ISIC_8019995,clinical,True,True,,600,450
ISIC_8020470,dermoscopic,True,True,,600,450
ISIC_8020571,dermoscopic,True,True,,600,450
ISIC_8021491,dermoscopic,True,True,,600,450
ISIC_8021500,dermoscopic,True,True,,600,450
ISIC_8022914,clinical,True,True,,600,450
ISIC_8023105,dermoscopic,True,True,,600,450
ISIC_8024416,clinical,True,True,,600,450
ISIC_8024502,clinical,True,True,,600,450
ISIC_8025365,clinical,True,True,,600,450
ISIC_8025582,dermoscopic,True,True,,600,450
ISIC_8026822,dermoscopic,True,True,,600,450
ISIC_8027200,dermoscopic,True,True,,600,450
ISIC_8028890,dermoscopic,True,True,,600,450
ISIC_8031107,dermoscopic,True,True,,600,450
ISIC_8032040,dermoscopic,True,True,,600,450
ISIC_8032507,dermoscopic,True,True,,600,450
ISIC_8032730,clinical,True,True,,600,450
ISIC_8033561,clinical,True,True,,600,450
ISIC_8035327,dermoscopic,True,True,,600,450
ISIC_8037974,clinical,True,True,,600,450
ISIC_8038275,clinical,True,True,,600,450
ISIC_8038352,dermoscopic,True,True,,600,450
ISIC_8038497,dermoscopic,True,True,,600,450
ISIC_8039873,clinical,True,True,,600,450
ISIC_8040056,dermoscopic,True,True,,600,450
ISIC_8041130,dermoscopic,True,True,,600,450
ISIC_8042747,dermoscopic,True,True,,600,450
ISIC_8042886,dermoscopic,True,True,,600,450
ISIC_8042946,clinical,True,True,,600,450
ISIC_8044922,clinical,True,True,,600,450
ISIC_8046525,clinical,True,True,,600,450
ISIC_8050539,clinical,True,True,,600,450
ISIC_8052182,clinical,True,True,,600,450
ISIC_8052679,clinical,True,True,,600,450
ISIC_8052859,dermoscopic,True,True,,600,450
ISIC_8053804,dermoscopic,True,True,,600,450
ISIC_8054114,clinical,True,True,,600,450
ISIC_8054499,dermoscopic,True,True,,600,450
ISIC_8056101,dermoscopic,True,True,,600,450
ISIC_8056158,dermoscopic,True,True,,600,450
ISIC_8058034,dermoscopic,True,True,,600,450
ISIC_8059473,dermoscopic,True,True,,600,450
ISIC_8060479,dermoscopic,True,True,,600,450
ISIC_8060774,clinical,True,True,,600,450
ISIC_8063764,clinical,True,True,,600,450
ISIC_8064335,clinical,True,True,,600,450
ISIC_8064864,clinical,True,True,,600,450
ISIC_8068358,dermoscopic,True,True,,600,450
ISIC_8068926,dermoscopic,True,True,,600,450
ISIC_8069305,clinical,True,True,,600,450
ISIC_8070587,clinical,True,True,,600,450
ISIC_8071918,dermoscopic,True,True,,600,450
ISIC_8072870,dermoscopic,True,True,,600,450
ISIC_8073921,clinical,True,True,,600,450
ISIC_8078817,clinical,True,True,,600,450
ISIC_8079388,clinical,True,True,,600,450
ISIC_8079552,dermoscopic,True,True,,600,450
ISIC_8079864,dermoscopic,True,True,,600,450
ISIC_8082083,dermoscopic,True,True,,600,450
ISIC_8088100,clinical,True,True,,600,450
ISIC_8089680,clinical,True,True,,600,450
ISIC_8090800,dermoscopic,True,True,,600,450
ISIC_8092373,dermoscopic,True,True,,600,450
ISIC_8095870,clinical,True,True,,600,450
ISIC_8096488,dermoscopic,True,True,,600,450
ISIC_8096941,clinical,True,True,,600,450
ISIC_8097656,clinical,True,True,,600,450
ISIC_8097741,dermoscopic,True,True,,600,450
ISIC_8098167,dermoscopic,True,True,,600,450
ISIC_8098771,dermoscopic,True,True,,600,450
ISIC_8099059,clinical,True,True,,600,450
ISIC_8102692,dermoscopic,True,True,,600,450
ISIC_8103067,dermoscopic,True,True,,600,450
ISIC_8104170,clinical,True,True,,600,450
ISIC_8107179,clinical,True,True,,600,450
ISIC_8107716,clinical,True,True,,600,450
ISIC_8108965,clinical,True,True,,600,450
ISIC_8109519,dermoscopic,True,True,,600,450
ISIC_8111688,dermoscopic,True,True,,600,450
ISIC_8112188,dermoscopic,True,True,,600,450
ISIC_8112445,clinical,True,True,,600,450
ISIC_8113702,clinical,True,True,,600,450
ISIC_8114137,dermoscopic,True,True,,600,450
ISIC_8114381,clinical,True,True,,600,450
ISIC_8117173,clinical,True,True,,600,450
ISIC_8117883,clinical,True,True,,600,450
ISIC_8118009,dermoscopic,True,True,,600,450
ISIC_8119167,dermoscopic,True,True,,600,450
ISIC_8119943,clinical,True,True,,600,450
ISIC_8120806,clinical,True,True,,600,450
ISIC_8120877,clinical,True,True,,600,450
ISIC_8120902,dermoscopic,True,True,,600,450
ISIC_8121619,dermoscopic,True,True,,600,450
ISIC_8124386,clinical,True,True,,600,450
ISIC_8124598,clinical,True,True,,600,450
ISIC_8126703,dermoscopic,True,True,,600,450
ISIC_8127734,dermoscopic,True,True,,600,450
ISIC_8129640,dermoscopic,True,True,,600,450
ISIC_8131794,clinical,True,True,,600,450
ISIC_8132785,clinical,True,True,,600,450
ISIC_8133362,clinical,True,True,,600,450
ISIC_8133623,dermoscopic,True,True,,600,450
ISIC_8134181,dermoscopic,True,True,,600,450
ISIC_8137029,dermoscopic,True,True,,600,450
ISIC_8137954,dermoscopic,True,True,,600,450
ISIC_8138627,dermoscopic,True,True,,600,450
ISIC_8138760,clinical,True,True,,600,450
ISIC_8139051,clinical,True,True,,600,450
ISIC_8143135,dermoscopic,True,True,,600,450
ISIC_8144790,clinical,True,True,,600,450
ISIC_8145727,dermoscopic,True,True,,600,450
ISIC_8145823,dermoscopic,True,True,,600,450
ISIC_8147299,clinical,True,True,,600,450
ISIC_8149219,clinical,True,True,,600,450
ISIC_8150619,clinical,True,True,,600,450
ISIC_8151340,clinical,True,True,,600,450
ISIC_8151706,dermoscopic,True,True,,600,450
ISIC_8152761,dermoscopic,True,True,,600,450
ISIC_8153849,dermoscopic,True,True,,600,450
ISIC_8153909,clinical,True,True,,600,450
ISIC_8154140,dermoscopic,True,True,,600,450
ISIC_8154669,dermoscopic,True,True,,600,450
ISIC_8158325,dermoscopic,True,True,,600,450
ISIC_8158738,dermoscopic,True,True,,600,450
ISIC_8159044,clinical,True,True,,600,450
ISIC_8159052,dermoscopic,True,True,,600,450
ISIC_8160587,clinical,True,True,,600,450
ISIC_8160849,clinical,True,True,,600,450
ISIC_8165089,clinical,True,True,,600,450
ISIC_8167281,clinical,True,True,,600,450
ISIC_8168496,dermoscopic,True,True,,600,450
ISIC_8171205,clinical,True,True,,600,450
ISIC_8171211,clinical,True,True,,600,450
ISIC_8171632,dermoscopic,True,True,,600,450
ISIC_8171954,clinical,True,True,,600,450
ISIC_8172746,clinical,True,True,,600,450
ISIC_8172800,clinical,True,True,,600,450
ISIC_8175420,clinical,True,True,,600,450
ISIC_8176738,clinical,True,True,,600,450
ISIC_8176795,dermoscopic,True,True,,600,450
ISIC_8177696,dermoscopic,True,True,,600,450
ISIC_8178501,dermoscopic,True,True,,600,450
ISIC_8178616,clinical,True,True,,600,450
ISIC_8178956,clinical,True,True,,600,450
ISIC_8179634,dermoscopic,True,True,,600,450
ISIC_8180126,clinical,True,True,,600,450
ISIC_8180214,dermoscopic,True,True,,600,450
ISIC_8180766,dermoscopic,True,True,,600,450
ISIC_8183159,dermoscopic,True,True,,600,450
ISIC_8184315,dermoscopic,True,True,,600,450
ISIC_8184627,clinical,True,True,,600,450
ISIC_8186312,clinical,True,True,,600,450
ISIC_8186630,dermoscopic,True,True,,600,450
ISIC_8188045,clinical,True,True,,600,450
ISIC_8190843,dermoscopic,True,True,,600,450
ISIC_8191013,dermoscopic,True,True,,600,450
ISIC_8191999,dermoscopic,True,True,,600,450
ISIC_8193005,dermoscopic,True,True,,600,450
ISIC_8193858,clinical,True,True,,600,450
ISIC_8195300,clinical,True,True,,600,450
ISIC_8195612,dermoscopic,True,True,,600,450
ISIC_8195917,dermoscopic,True,True,,600,450
ISIC_8197317,dermoscopic,True,True,,600,450
ISIC_8197778,clinical,True,True,,600,450
ISIC_8198425,clinical,True,True,,600,450
ISIC_8198645,clinical,True,True,,600,450
ISIC_8199024,dermoscopic,True,True,,600,450
ISIC_8202730,clinical,True,True,,600,450
ISIC_8204527,dermoscopic,True,True,,600,450
ISIC_8206552,dermoscopic,True,True,,600,450
ISIC_8207675,clinical,True,True,,600,450
ISIC_8209412,clinical,True,True,,600,450
ISIC_8210069,clinical,True,True,,600,450
ISIC_8212322,clinical,True,True,,600,450
ISIC_8216271,clinical,True,True,,600,450
ISIC_8216483,clinical,True,True,,600,450
ISIC_8216653,dermoscopic,True,True,,600,450
ISIC_8218617,dermoscopic,True,True,,600,450
ISIC_8220140,clinical,True,True,,600,450
ISIC_8223664,dermoscopic,True,True,,600,450
ISIC_8223761,dermoscopic,True,True,,600,450
ISIC_8224925,clinical,True,True,,600,450
ISIC_8225481,clinical,True,True,,600,450
ISIC_8225518,clinical,True,True,,600,450
ISIC_8226322,dermoscopic,True,True,,600,450
ISIC_8226503,clinical,True,True,,600,450
ISIC_8229493,dermoscopic,True,True,,600,450
ISIC_8229738,clinical,True,True,,600,450
ISIC_8231124,clinical,True,True,,600,450
ISIC_8231148,clinical,True,True,,600,450
ISIC_8231201,clinical,True,True,,600,450
ISIC_8231437,dermoscopic,True,True,,600,450
ISIC_8232296,clinical,True,True,,600,450
ISIC_8234371,dermoscopic,True,True,,600,450
ISIC_8234709,dermoscopic,True,True,,600,450
ISIC_8234989,clinical,True,True,,600,450
ISIC_8236388,dermoscopic,True,True,,600,450
ISIC_8236818,clinical,True,True,,600,450
ISIC_8237625,clinical,True,True,,600,450
ISIC_8238316,dermoscopic,True,True,,600,450
ISIC_8239142,clinical,True,True,,600,450
ISIC_8239177,dermoscopic,True,True,,600,450
ISIC_8240527,dermoscopic,True,True,,600,450
ISIC_8243063,clinical,True,True,,600,450
ISIC_8243525,dermoscopic,True,True,,600,450
ISIC_8243847,clinical,True,True,,600,450
ISIC_8244439,dermoscopic,True,True,,600,450
ISIC_8245171,clinical,True,True,,600,450
ISIC_8247362,clinical,True,True,,600,450
ISIC_8247705,clinical,True,True,,600,450
ISIC_8249583,clinical,True,True,,600,450
ISIC_8251123,dermoscopic,True,True,,600,450
ISIC_8251827,dermoscopic,True,True,,600,450
ISIC_8251905,clinical,True,True,,600,450
ISIC_8253140,clinical,True,True,,600,450
ISIC_8253705,dermoscopic,True,True,,600,450
ISIC_8254014,dermoscopic,True,True,,600,450
ISIC_8254063,dermoscopic,True,True,,600,450
ISIC_8254778,clinical,True,True,,600,450
ISIC_8255125,dermoscopic,True,True,,600,450
ISIC_8255479,clinical,True,True,,600,450
ISIC_8256353,dermoscopic,True,True,,600,450
ISIC_8256652,clinical,True,True,,600,450
ISIC_8257388,dermoscopic,True,True,,600,450
ISIC_8257972,dermoscopic,True,True,,600,450
ISIC_8260085,dermoscopic,True,True,,600,450
ISIC_8260302,dermoscopic,True,True,,600,450
ISIC_8260534,dermoscopic,True,True,,600,450
ISIC_8260850,dermoscopic,True,True,,600,450
ISIC_8261347,dermoscopic,True,True,,600,450
ISIC_8263244,dermoscopic,True,True,,600,450
ISIC_8268102,clinical,True,True,,600,450
ISIC_8268192,dermoscopic,True,True,,600,450
ISIC_8268969,dermoscopic,True,True,,600,450
ISIC_8271657,clinical,True,True,,600,450
ISIC_8271684,dermoscopic,True,True,,600,450
ISIC_8271995,clinical,True,True,,600,450
ISIC_8273914,clinical,True,True,,600,450
ISIC_8274052,dermoscopic,True,True,,600,450
ISIC_8274376,dermoscopic,True,True,,600,450
ISIC_8274729,clinical,True,True,,600,450
ISIC_8274863,dermoscopic,True,True,,600,450
ISIC_8278794,clinical,True,True,,600,450
ISIC_8280602,dermoscopic,True,True,,600,450
ISIC_8281265,dermoscopic,True,True,,600,450
ISIC_8283268,clinical,True,True,,600,450
ISIC_8283280,dermoscopic,True,True,,600,450
ISIC_8284395,clinical,True,True,,600,450
ISIC_8285122,dermoscopic,True,True,,600,450
ISIC_8285513,clinical,True,True,,600,450
ISIC_8285845,dermoscopic,True,True,,600,450
ISIC_8285958,dermoscopic,True,True,,600,450
ISIC_8287342,clinical,True,True,,600,450
ISIC_8287609,clinical,True,True,,600,450
ISIC_8288141,dermoscopic,True,True,,600,450
ISIC_8288213,clinical,True,True,,600,450
ISIC_8291456,dermoscopic,True,True,,600,450
ISIC_8292493,dermoscopic,True,True,,600,450
ISIC_8292731,clinical,True,True,,600,450
ISIC_8292872,dermoscopic,True,True,,600,450
ISIC_8293339,clinical,True,True,,600,450
ISIC_8293683,dermoscopic,True,True,,600,450
ISIC_8293828,dermoscopic,True,True,,600,450
ISIC_8294897,dermoscopic,True,True,,600,450
ISIC_8295638,clinical,True,True,,600,450
ISIC_8301701,clinical,True,True,,600,450
ISIC_8302244,clinical,True,True,,600,450
ISIC_8302743,dermoscopic,True,True,,600,450
ISIC_8304179,clinical,True,True,,600,450
ISIC_8305576,dermoscopic,True,True,,600,450
ISIC_8305748,dermoscopic,True,True,,600,450
ISIC_8307786,dermoscopic,True,True,,600,450
ISIC_8308325,dermoscopic,True,True,,600,450
ISIC_8309358,dermoscopic,True,True,,600,450
ISIC_8310935,dermoscopic,True,True,,600,450
ISIC_8311956,clinical,True,True,,600,450
ISIC_8312363,dermoscopic,True,True,,600,450
ISIC_8313343,dermoscopic,True,True,,600,450
ISIC_8314749,dermoscopic,True,True,,600,450
ISIC_8318126,dermoscopic,True,True,,600,450
ISIC_8318215,clinical,True,True,,600,450
ISIC_8319384,dermoscopic,True,True,,600,450
ISIC_8322623,dermoscopic,True,True,,600,450
ISIC_8323623,clinical,True,True,,600,450
ISIC_8324594,dermoscopic,True,True,,600,450
ISIC_8324607,clinical,True,True,,600,450
ISIC_8325885,clinical,True,True,,600,450
ISIC_8325963,dermoscopic,True,True,,600,450
ISIC_8326686,clinical,True,True,,600,450
ISIC_8327585,dermoscopic,True,True,,600,450
ISIC_8328022,clinical,True,True,,600,450
ISIC_8329990,dermoscopic,True,True,,600,450
ISIC_8330638,clinical,True,True,,600,450
ISIC_8331574,dermoscopic,True,True,,600,450
ISIC_8332020,dermoscopic,True,True,,600,450
ISIC_8333805,clinical,True,True,,600,450
ISIC_8334167,dermoscopic,True,True,,600,450
ISIC_8334297,dermoscopic,True,True,,600,450
ISIC_8337677,clinical,True,True,,600,450
ISIC_8338464,dermoscopic,True,True,,600,450
ISIC_8338783,clinical,True,True,,600,450
ISIC_8339130,clinical,True,True,,600,450
ISIC_8339862,clinical,True,True,,600,450
ISIC_8339912,clinical,True,True,,600,450
ISIC_8339951,dermoscopic,True,True,,600,450
ISIC_8340872,dermoscopic,True,True,,600,450
ISIC_8341598,dermoscopic,True,True,,600,450
ISIC_8342006,clinical,True,True,,600,450
ISIC_8344038,clinical,True,True,,600,450
ISIC_8344146,dermoscopic,True,True,,600,450
ISIC_8344818,dermoscopic,True,True,,600,450
ISIC_8344886,dermoscopic,True,True,,600,450
ISIC_8345526,dermoscopic,True,True,,600,450
ISIC_8346017,clinical,True,True,,600,450
ISIC_8346382,clinical,True,True,,600,450
ISIC_8349783,clinical,True,True,,600,450
ISIC_8349907,clinical,True,True,,600,450
ISIC_8350291,clinical,True,True,,600,450
ISIC_8350480,clinical,True,True,,600,450
ISIC_8350498,clinical,True,True,,600,450
ISIC_8350851,dermoscopic,True,True,,600,450
ISIC_8351733,clinical,True,True,,600,450
ISIC_8352723,dermoscopic,True,True,,600,450
ISIC_8353499,dermoscopic,True,True,,600,450
ISIC_8354428,clinical,True,True,,600,450
ISIC_8355069,dermoscopic,True,True,,600,450
ISIC_8355956,clinical,True,True,,600,450
ISIC_8356317,dermoscopic,True,True,,600,450
ISIC_8356432,dermoscopic,True,True,,600,450
ISIC_8356711,dermoscopic,True,True,,600,450
ISIC_8356776,dermoscopic,True,True,,600,450
ISIC_8357175,clinical,True,True,,600,450
ISIC_8357891,clinical,True,True,,600,450
ISIC_8358187,clinical,True,True,,600,450
ISIC_8358325,clinical,True,True,,600,450
ISIC_8358859,clinical,True,True,,600,450
ISIC_8361691,dermoscopic,True,True,,600,450
ISIC_8361955,dermoscopic,True,True,,600,450
ISIC_8362273,dermoscopic,True,True,,600,450
ISIC_8362681,dermoscopic,True,True,,600,450
ISIC_8363273,clinical,True,True,,600,450
ISIC_8365405,dermoscopic,True,True,,600,450
ISIC_8365952,clinical,True,True,,600,450
ISIC_8366050,clinical,True,True,,600,450
ISIC_8366447,dermoscopic,True,True,,600,450
ISIC_8366620,clinical,True,True,,600,450
ISIC_8366863,dermoscopic,True,True,,600,450
ISIC_8367084,dermoscopic,True,True,,600,450
ISIC_8367579,clinical,True,True,,600,450
ISIC_8368960,dermoscopic,True,True,,600,450
ISIC_8370666,dermoscopic,True,True,,600,450
ISIC_8372143,clinical,True,True,,600,450
ISIC_8372465,dermoscopic,True,True,,600,450
ISIC_8372539,clinical,True,True,,600,450
ISIC_8373214,dermoscopic,True,True,,600,450
ISIC_8373898,clinical,True,True,,600,450
ISIC_8374389,clinical,True,True,,600,450
ISIC_8375466,clinical,True,True,,600,450
ISIC_8375920,clinical,True,True,,600,450
ISIC_8376145,clinical,True,True,,600,450
ISIC_8376392,clinical,True,True,,600,450
ISIC_8376889,clinical,True,True,,600,450
ISIC_8377707,dermoscopic,True,True,,600,450
ISIC_8379217,clinical,True,True,,600,450
ISIC_8379235,dermoscopic,True,True,,600,450
ISIC_8381176,dermoscopic,True,True,,600,450
ISIC_8381434,clinical,True,True,,600,450
ISIC_8381606,dermoscopic,True,True,,600,450
ISIC_8383673,clinical,True,True,,600,450
ISIC_8383870,clinical,True,True,,600,450
ISIC_8385396,dermoscopic,True,True,,600,450
ISIC_8385616,dermoscopic,True,True,,600,450
ISIC_8385854,clinical,True,True,,600,450
ISIC_8387069,clinical,True,True,,600,450
ISIC_8389918,dermoscopic,True,True,,600,450
ISIC_8390104,dermoscopic,True,True,,600,450
ISIC_8390299,clinical,True,True,,600,450
ISIC_8390476,clinical,True,True,,600,450
ISIC_8391328,dermoscopic,True,True,,600,450
ISIC_8392439,dermoscopic,True,True,,600,450
ISIC_8394448,clinical,True,True,,600,450
ISIC_8397636,clinical,True,True,,600,450
ISIC_8400472,dermoscopic,True,True,,600,450
ISIC_8401508,clinical,True,True,,600,450
ISIC_8402218,clinical,True,True,,600,450
ISIC_8402813,dermoscopic,True,True,,600,450
ISIC_8402952,clinical,True,True,,600,450
ISIC_8403731,clinical,True,True,,600,450
ISIC_8403829,dermoscopic,True,True,,600,450
ISIC_8405549,dermoscopic,True,True,,600,450
ISIC_8405809,dermoscopic,True,True,,600,450
ISIC_8407534,dermoscopic,True,True,,600,450
ISIC_8408499,clinical,True,True,,600,450
ISIC_8410138,clinical,True,True,,600,450
ISIC_8410820,dermoscopic,True,True,,600,450
ISIC_8410845,clinical,True,True,,600,450
ISIC_8410933,dermoscopic,True,True,,600,450
ISIC_8413819,dermoscopic,True,True,,600,450
ISIC_8414183,clinical,True,True,,600,450
ISIC_8414442,clinical,True,True,,600,450
ISIC_8414527,clinical,True,True,,600,450
ISIC_8416462,dermoscopic,True,True,,600,450
ISIC_8417980,clinical,True,True,,600,450
ISIC_8419172,dermoscopic,True,True,,600,450
ISIC_8419830,clinical,True,True,,600,450
ISIC_8420285,dermoscopic,True,True,,600,450
ISIC_8421484,dermoscopic,True,True,,600,450
ISIC_8424294,clinical,True,True,,600,450
ISIC_8424804,clinical,True,True,,600,450
ISIC_8426219,dermoscopic,True,True,,600,450
ISIC_8429141,clinical,True,True,,600,450
ISIC_8429175,clinical,True,True,,600,450
ISIC_8430655,dermoscopic,True,True,,600,450
ISIC_8431081,clinical,True,True,,600,450
ISIC_8431346,dermoscopic,True,True,,600,450
ISIC_8431410,clinical,True,True,,600,450
ISIC_8433656,dermoscopic,True,True,,600,450
ISIC_8435693,dermoscopic,True,True,,600,450
ISIC_8436161,clinical,True,True,,600,450
ISIC_8436376,dermoscopic,True,True,,600,450
ISIC_8436767,dermoscopic,True,True,,600,450
ISIC_8437510,dermoscopic,True,True,,600,450
ISIC_8438197,clinical,True,True,,600,450
ISIC_8438291,dermoscopic,True,True,,600,450
ISIC_8439407,dermoscopic,True,True,,600,450
ISIC_8441087,clinical,True,True,,600,450
ISIC_8443235,clinical,True,True,,600,450
ISIC_8443887,clinical,True,True,,600,450
ISIC_8446097,clinical,True,True,,600,450
ISIC_8446431,dermoscopic,True,True,,600,450
ISIC_8446505,dermoscopic,True,True,,600,450
ISIC_8448006,dermoscopic,True,True,,600,450
ISIC_8448143,clinical,True,True,,600,450
ISIC_8450508,dermoscopic,True,True,,600,450
ISIC_8450877,dermoscopic,True,True,,600,450
ISIC_8452965,dermoscopic,True,True,,600,450
ISIC_8453550,clinical,True,True,,600,450
ISIC_8455179,dermoscopic,True,True,,600,450
ISIC_8457294,clinical,True,True,,600,450
ISIC_8457494,dermoscopic,True,True,,600,450
ISIC_8457619,dermoscopic,True,True,,600,450
ISIC_8458042,clinical,True,True,,600,450
ISIC_8458255,clinical,True,True,,600,450
ISIC_8458699,clinical,True,True,,600,450
ISIC_8459726,clinical,True,True,,600,450
ISIC_8461400,clinical,True,True,,600,450
ISIC_8462138,dermoscopic,True,True,,600,450
ISIC_8462208,dermoscopic,True,True,,600,450
ISIC_8462237,dermoscopic,True,True,,600,450
ISIC_8463692,clinical,True,True,,600,450
ISIC_8463837,dermoscopic,True,True,,600,450
ISIC_8467445,clinical,True,True,,600,450
ISIC_8468152,dermoscopic,True,True,,600,450
ISIC_8468747,clinical,True,True,,600,450
ISIC_8469156,dermoscopic,True,True,,600,450
ISIC_8470224,dermoscopic,True,True,,600,450
ISIC_8470753,clinical,True,True,,600,450
ISIC_8472106,dermoscopic,True,True,,600,450
ISIC_8472225,dermoscopic,True,True,,600,450
ISIC_8472745,dermoscopic,True,True,,600,450
ISIC_8473068,clinical,True,True,,600,450
ISIC_8473871,clinical,True,True,,600,450
ISIC_8476500,clinical,True,True,,600,450
ISIC_8478651,clinical,True,True,,600,450
ISIC_8479393,clinical,True,True,,600,450
ISIC_8479950,clinical,True,True,,600,450
ISIC_8483047,dermoscopic,True,True,,600,450
ISIC_8483821,clinical,True,True,,600,450
ISIC_8483907,dermoscopic,True,True,,600,450
ISIC_8483915,clinical,True,True,,600,450
ISIC_8484419,clinical,True,True,,600,450
ISIC_8485230,clinical,True,True,,600,450
ISIC_8487958,clinical,True,True,,600,450
ISIC_8488027,dermoscopic,True,True,,600,450
ISIC_8491813,dermoscopic,True,True,,600,450
ISIC_8491981,clinical,True,True,,600,450
ISIC_8492315,clinical,True,True,,600,450
ISIC_8494727,dermoscopic,True,True,,600,450
ISIC_8495209,clinical,True,True,,600,450
ISIC_8495426,dermoscopic,True,True,,600,450
ISIC_8497007,clinical,True,True,,600,450
ISIC_8498076,dermoscopic,True,True,,600,450
ISIC_8499730,clinical,True,True,,600,450
ISIC_8499977,clinical,True,True,,600,450
ISIC_8500215,dermoscopic,True,True,,600,450
ISIC_8500794,dermoscopic,True,True,,600,450
ISIC_8501407,dermoscopic,True,True,,600,450
ISIC_8505283,dermoscopic,True,True,,600,450
ISIC_8508207,dermoscopic,True,True,,600,450
ISIC_8508919,clinical,True,True,,600,450
ISIC_8509634,dermoscopic,True,True,,600,450
ISIC_8509874,dermoscopic,True,True,,600,450
ISIC_8509933,clinical,True,True,,600,450
ISIC_8511040,dermoscopic,True,True,,600,450
ISIC_8511101,clinical,True,True,,600,450
ISIC_8513973,dermoscopic,True,True,,600,450
ISIC_8516115,dermoscopic,True,True,,600,450
ISIC_8517056,dermoscopic,True,True,,600,450
ISIC_8518612,clinical,True,True,,600,450
ISIC_8520875,clinical,True,True,,600,450
ISIC_8521879,dermoscopic,True,True,,600,450
ISIC_8525569,clinical,True,True,,600,450
ISIC_8525598,clinical,True,True,,600,450
ISIC_8525826,dermoscopic,True,True,,600,450
ISIC_8527678,clinical,True,True,,600,450
ISIC_8528097,clinical,True,True,,600,450
ISIC_8528570,dermoscopic,True,True,,600,450
ISIC_8528718,dermoscopic,True,True,,600,450
ISIC_8528760,dermoscopic,True,True,,600,450
ISIC_8529932,clinical,True,True,,600,450
ISIC_8531002,clinical,True,True,,600,450
ISIC_8531625,clinical,True,True,,600,450
ISIC_8532508,dermoscopic,True,True,,600,450
ISIC_8532648,dermoscopic,True,True,,600,450
ISIC_8533186,clinical,True,True,,600,450
ISIC_8534089,dermoscopic,True,True,,600,450
ISIC_8537600,clinical,True,True,,600,450
ISIC_8537605,clinical,True,True,,600,450
ISIC_8541890,dermoscopic,True,True,,600,450
ISIC_8541956,dermoscopic,True,True,,600,450
ISIC_8542319,clinical,True,True,,600,450
ISIC_8543046,dermoscopic,True,True,,600,450
ISIC_8544097,dermoscopic,True,True,,600,450
ISIC_8544988,dermoscopic,True,True,,600,450
ISIC_8545101,clinical,True,True,,600,450
ISIC_8545164,dermoscopic,True,True,,600,450
ISIC_8545769,clinical,True,True,,600,450
ISIC_8546307,dermoscopic,True,True,,600,450
ISIC_8546677,clinical,True,True,,600,450
ISIC_8547720,clinical,True,True,,600,450
ISIC_8549775,dermoscopic,True,True,,600,450
ISIC_8550132,clinical,True,True,,600,450
ISIC_8550133,clinical,True,True,,600,450
ISIC_8551756,dermoscopic,True,True,,600,450
ISIC_8552530,clinical,True,True,,600,450
ISIC_8553734,dermoscopic,True,True,,600,450
ISIC_8554900,dermoscopic,True,True,,600,450
ISIC_8554994,dermoscopic,True,True,,600,450
ISIC_8556393,dermoscopic,True,True,,600,450
ISIC_8556689,clinical,True,True,,600,450
ISIC_8558562,dermoscopic,True,True,,600,450
ISIC_8558850,dermoscopic,True,True,,600,450
ISIC_8558990,clinical,True,True,,600,450
ISIC_8559278,dermoscopic,True,True,,600,450
ISIC_8561066,dermoscopic,True,True,,600,450
ISIC_8561129,clinical,True,True,,600,450
ISIC_8562787,dermoscopic,True,True,,600,450
ISIC_8563004,clinical,True,True,,600,450
ISIC_8563013,clinical,True,True,,600,450
ISIC_8564627,dermoscopic,True,True,,600,450
ISIC_8565468,clinical,True,True,,600,450
ISIC_8565474,dermoscopic,True,True,,600,450
ISIC_8566440,dermoscopic,True,True,,600,450
ISIC_8570261,clinical,True,True,,600,450
ISIC_8572463,dermoscopic,True,True,,600,450
ISIC_8572592,clinical,True,True,,600,450
ISIC_8573497,dermoscopic,True,True,,600,450
ISIC_8577350,dermoscopic,True,True,,600,450
ISIC_8577597,dermoscopic,True,True,,600,450
ISIC_8577913,clinical,True,True,,600,450
ISIC_8580681,clinical,True,True,,600,450
ISIC_8584528,dermoscopic,True,True,,600,450
ISIC_8586056,dermoscopic,True,True,,600,450
ISIC_8588817,clinical,True,True,,600,450
ISIC_8591122,dermoscopic,True,True,,600,450
ISIC_8593738,dermoscopic,True,True,,600,450
ISIC_8596125,clinical,True,True,,600,450
ISIC_8597782,clinical,True,True,,600,450
ISIC_8597788,clinical,True,True,,600,450
ISIC_8597919,clinical,True,True,,600,450
ISIC_8598339,clinical,True,True,,600,450
ISIC_8599510,clinical,True,True,,600,450
ISIC_8599807,dermoscopic,True,True,,600,450
ISIC_8600102,dermoscopic,True,True,,600,450
ISIC_8601570,dermoscopic,True,True,,600,450
ISIC_8603109,dermoscopic,True,True,,600,450
ISIC_8603749,dermoscopic,True,True,,600,450
ISIC_8604423,clinical,True,True,,600,450
ISIC_8604474,dermoscopic,True,True,,600,450
ISIC_8604662,dermoscopic,True,True,,600,450
ISIC_8606881,dermoscopic,True,True,,600,450
ISIC_8609184,dermoscopic,True,True,,600,450
ISIC_8611718,clinical,True,True,,600,450
ISIC_8612060,dermoscopic,True,True,,600,450
ISIC_8612251,dermoscopic,True,True,,600,450
ISIC_8612934,clinical,True,True,,600,450
ISIC_8613107,clinical,True,True,,600,450
ISIC_8613265,dermoscopic,True,True,,600,450
ISIC_8614302,dermoscopic,True,True,,600,450
ISIC_8614567,dermoscopic,True,True,,600,450
ISIC_8614640,dermoscopic,True,True,,600,450
ISIC_8615296,dermoscopic,True,True,,600,450
ISIC_8615408,clinical,True,True,,600,450
ISIC_8615694,dermoscopic,True,True,,600,450
ISIC_8616033,dermoscopic,True,True,,600,450
ISIC_8616397,clinical,True,True,,600,450
ISIC_8617896,clinical,True,True,,600,450
ISIC_8618352,dermoscopic,True,True,,600,450
ISIC_8619333,clinical,True,True,,600,450
ISIC_8619763,dermoscopic,True,True,,600,450
ISIC_8620082,dermoscopic,True,True,,600,450
ISIC_8620236,dermoscopic,True,True,,600,450
ISIC_8621381,dermoscopic,True,True,,600,450
ISIC_8622558,dermoscopic,True,True,,600,450
ISIC_8623171,clinical,True,True,,600,450
ISIC_8623479,clinical,True,True,,600,450
ISIC_8626277,dermoscopic,True,True,,600,450
ISIC_8626292,clinical,True,True,,600,450
ISIC_8627295,dermoscopic,True,True,,600,450
ISIC_8627581,dermoscopic,True,True,,600,450
ISIC_8631635,clinical,True,True,,600,450
ISIC_8633121,dermoscopic,True,True,,600,450
ISIC_8635663,dermoscopic,True,True,,600,450
ISIC_8635734,clinical,True,True,,600,450
ISIC_8636984,clinical,True,True,,600,450
ISIC_8638879,clinical,True,True,,600,450
ISIC_8638964,clinical,True,True,,600,450
ISIC_8639067,clinical,True,True,,600,450
ISIC_8639708,dermoscopic,True,True,,600,450
ISIC_8641274,clinical,True,True,,600,450
ISIC_8641404,clinical,True,True,,600,450
ISIC_8641712,clinical,True,True,,600,450
ISIC_8642318,dermoscopic,True,True,,600,450
ISIC_8642522,dermoscopic,True,True,,600,450
ISIC_8643100,dermoscopic,True,True,,600,450
ISIC_8644031,clinical,True,True,,600,450
ISIC_8644033,clinical,True,True,,600,450
ISIC_8645743,clinical,True,True,,600,450
ISIC_8646399,dermoscopic,True,True,,600,450
ISIC_8646764,clinical,True,True,,600,450
ISIC_8647252,clinical,True,True,,600,450
ISIC_8647858,dermoscopic,True,True,,600,450
ISIC_8648920,clinical,True,True,,600,450
ISIC_8649350,dermoscopic,True,True,,600,450
ISIC_8649670,clinical,True,True,,600,450
ISIC_8649825,clinical,True,True,,600,450
ISIC_8650160,dermoscopic,True,True,,600,450
ISIC_8650326,dermoscopic,True,True,,600,450
ISIC_8650757,clinical,True,True,,600,450
ISIC_8652712,clinical,True,True,,600,450
ISIC_8653825,dermoscopic,True,True,,600,450
ISIC_8654948,clinical,True,True,,600,450
ISIC_8657483,dermoscopic,True,True,,600,450
ISIC_8657995,dermoscopic,True,True,,600,450
ISIC_8659657,dermoscopic,True,True,,600,450
ISIC_8660074,dermoscopic,True,True,,600,450
ISIC_8660210,dermoscopic,True,True,,600,450
ISIC_8660310,clinical,True,True,,600,450
ISIC_8660432,clinical,True,True,,600,450
ISIC_8662550,dermoscopic,True,True,,600,450
ISIC_8662604,dermoscopic,True,True,,600,450
ISIC_8663511,clinical,True,True,,600,450
ISIC_8664926,clinical,True,True,,600,450
ISIC_8667734,dermoscopic,True,True,,600,450
ISIC_8667960,dermoscopic,True,True,,600,450
ISIC_8668469,clinical,True,True,,600,450
ISIC_8668491,dermoscopic,True,True,,600,450
ISIC_8668865,dermoscopic,True,True,,600,450
ISIC_8668985,dermoscopic,True,True,,600,450
ISIC_8669887,clinical,True,True,,600,450
ISIC_8669932,clinical,True,True,,600,450
ISIC_8670753,clinical,True,True,,600,450
ISIC_8672327,clinical,True,True,,600,450
ISIC_8673290,dermoscopic,True,True,,600,450
ISIC_8673829,clinical,True,True,,600,450
ISIC_8674267,clinical,True,True,,600,450
ISIC_8674473,clinical,True,True,,600,450
ISIC_8675305,dermoscopic,True,True,,600,450
ISIC_8678580,clinical,True,True,,600,450
ISIC_8678969,dermoscopic,True,True,,600,450
ISIC_8680621,clinical,True,True,,600,450
ISIC_8680973,clinical,True,True,,600,450
ISIC_8684025,clinical,True,True,,600,450
ISIC_8684482,dermoscopic,True,True,,600,450
ISIC_8685078,clinical,True,True,,600,450
ISIC_8685453,dermoscopic,True,True,,600,450
ISIC_8686696,dermoscopic,True,True,,600,450
ISIC_8687339,clinical,True,True,,600,450
ISIC_8687675,dermoscopic,True,True,,600,450
ISIC_8689886,clinical,True,True,,600,450
ISIC_8690049,clinical,True,True,,600,450
ISIC_8690116,dermoscopic,True,True,,600,450
ISIC_8691098,dermoscopic,True,True,,600,450
ISIC_8693307,dermoscopic,True,True,,600,450
ISIC_8693433,clinical,True,True,,600,450
ISIC_8694246,clinical,True,True,,600,450
ISIC_8695042,dermoscopic,True,True,,600,450
ISIC_8695319,clinical,True,True,,600,450
ISIC_8695455,dermoscopic,True,True,,600,450
ISIC_8696381,dermoscopic,True,True,,600,450
ISIC_8696938,clinical,True,True,,600,450
ISIC_8697607,dermoscopic,True,True,,600,450
ISIC_8698177,dermoscopic,True,True,,600,450
ISIC_8698202,clinical,True,True,,600,450
ISIC_8698547,dermoscopic,True,True,,600,450
ISIC_8699233,dermoscopic,True,True,,600,450
ISIC_8699706,dermoscopic,True,True,,600,450
ISIC_8701104,dermoscopic,True,True,,600,450
ISIC_8701249,clinical,True,True,,600,450
ISIC_8701478,dermoscopic,True,True,,600,450
ISIC_8703747,clinical,True,True,,600,450
ISIC_8703792,dermoscopic,True,True,,600,450
ISIC_8704127,dermoscopic,True,True,,600,450
ISIC_8704436,dermoscopic,True,True,,600,450
ISIC_8705648,dermoscopic,True,True,,600,450
ISIC_8707635,dermoscopic,True,True,,600,450
ISIC_8707995,clinical,True,True,,600,450
ISIC_8708228,dermoscopic,True,True,,600,450
ISIC_8709148,clinical,True,True,,600,450
ISIC_8710450,dermoscopic,True,True,,600,450
ISIC_8712502,dermoscopic,True,True,,600,450
ISIC_8713886,clinical,True,True,,600,450
ISIC_8714957,dermoscopic,True,True,,600,450
ISIC_8715446,dermoscopic,True,True,,600,450
ISIC_8715920,clinical,True,True,,600,450
ISIC_8717771,dermoscopic,True,True,,600,450
ISIC_8718627,dermoscopic,True,True,,600,450
ISIC_8720890,clinical,True,True,,600,450
ISIC_8721730,clinical,True,True,,600,450
ISIC_8722421,clinical,True,True,,600,450
ISIC_8722591,clinical,True,True,,600,450
ISIC_8723086,dermoscopic,True,True,,600,450
ISIC_8723221,dermoscopic,True,True,,600,450
ISIC_8723719,dermoscopic,True,True,,600,450
ISIC_8724627,clinical,True,True,,600,450
ISIC_8726132,dermoscopic,True,True,,600,450
ISIC_8730307,clinical,True,True,,600,450
ISIC_8731377,dermoscopic,True,True,,600,450
ISIC_8731413,dermoscopic,True,True,,600,450
ISIC_8731964,dermoscopic,True,True,,600,450
ISIC_8732830,clinical,True,True,,600,450
ISIC_8733906,clinical,True,True,,600,450
ISIC_8734016,dermoscopic,True,True,,600,450
ISIC_8734969,clinical,True,True,,600,450
ISIC_8736820,dermoscopic,True,True,,600,450
ISIC_8737266,clinical,True,True,,600,450
ISIC_8738126,dermoscopic,True,True,,600,450
ISIC_8740093,clinical,True,True,,600,450
ISIC_8740405,clinical,True,True,,600,450
ISIC_8741300,clinical,True,True,,600,450
ISIC_8741674,dermoscopic,True,True,,600,450
ISIC_8743028,dermoscopic,True,True,,600,450
ISIC_8744116,dermoscopic,True,True,,600,450
ISIC_8744831,clinical,True,True,,600,450
ISIC_8745129,dermoscopic,True,True,,600,450
ISIC_8745325,clinical,True,True,,600,450
ISIC_8745622,clinical,True,True,,600,450
ISIC_8745861,clinical,True,True,,600,450
ISIC_8746170,dermoscopic,True,True,,600,450
ISIC_8746569,clinical,True,True,,600,450
ISIC_8746740,dermoscopic,True,True,,600,450
ISIC_8748477,clinical,True,True,,600,450
ISIC_8748525,clinical,True,True,,600,450
ISIC_8749451,clinical,True,True,,600,450
ISIC_8750253,dermoscopic,True,True,,600,450
ISIC_8753280,clinical,True,True,,600,450
ISIC_8754137,clinical,True,True,,600,450
ISIC_8754259,dermoscopic,True,True,,600,450
ISIC_8755727,dermoscopic,True,True,,600,450
ISIC_8758280,clinical,True,True,,600,450
ISIC_8759215,dermoscopic,True,True,,600,450
ISIC_8759947,dermoscopic,True,True,,600,450
ISIC_8760881,dermoscopic,True,True,,600,450
ISIC_8762355,dermoscopic,True,True,,600,450
ISIC_8764700,clinical,True,True,,600,450
ISIC_8766762,dermoscopic,True,True,,600,450
ISIC_8767141,clinical,True,True,,600,450
ISIC_8768212,clinical,True,True,,600,450
ISIC_8768360,clinical,True,True,,600,450
ISIC_8768573,clinical,True,True,,600,450
ISIC_8768858,clinical,True,True,,600,450
ISIC_8769047,dermoscopic,True,True,,600,450
ISIC_8769148,clinical,True,True,,600,450
ISIC_8771153,clinical,True,True,,600,450
ISIC_8771453,dermoscopic,True,True,,600,450
ISIC_8771667,clinical,True,True,,600,450
ISIC_8772140,clinical,True,True,,600,450
ISIC_8774868,dermoscopic,True,True,,600,450
ISIC_8776361,dermoscopic,True,True,,600,450
ISIC_8776447,clinical,True,True,,600,450
ISIC_8776679,dermoscopic,True,True,,600,450
ISIC_8776793,dermoscopic,True,True,,600,450
ISIC_8778268,clinical,True,True,,600,450
ISIC_8778674,dermoscopic,True,True,,600,450
ISIC_8779998,clinical,True,True,,600,450
ISIC_8782095,dermoscopic,True,True,,600,450
ISIC_8782205,clinical,True,True,,600,450
ISIC_8782299,dermoscopic,True,True,,600,450
ISIC_8782993,clinical,True,True,,600,450
ISIC_8783624,dermoscopic,True,True,,600,450
ISIC_8785987,clinical,True,True,,600,450
ISIC_8786035,dermoscopic,True,True,,600,450
ISIC_8786149,clinical,True,True,,600,450
ISIC_8787301,dermoscopic,True,True,,600,450
ISIC_8788388,clinical,True,True,,600,450
ISIC_8788500,clinical,True,True,,600,450
ISIC_8789412,dermoscopic,True,True,,600,450
ISIC_8790740,dermoscopic,True,True,,600,450
ISIC_8790878,dermoscopic,True,True,,600,450
ISIC_8790887,dermoscopic,True,True,,600,450
ISIC_8791057,dermoscopic,True,True,,600,450
ISIC_8791911,clinical,True,True,,600,450
ISIC_8793103,clinical,True,True,,600,450
ISIC_8793131,clinical,True,True,,600,450
ISIC_8793565,dermoscopic,True,True,,600,450
ISIC_8793718,dermoscopic,True,True,,600,450
ISIC_8793818,clinical,True,True,,600,450
ISIC_8800271,dermoscopic,True,True,,600,450
ISIC_8800634,clinical,True,True,,600,450
ISIC_8802957,dermoscopic,True,True,,600,450
ISIC_8803389,clinical,True,True,,600,450
ISIC_8804250,dermoscopic,True,True,,600,450
ISIC_8805390,dermoscopic,True,True,,600,450
ISIC_8807238,clinical,True,True,,600,450
ISIC_8808076,dermoscopic,True,True,,600,450
ISIC_8810193,clinical,True,True,,600,450
ISIC_8810868,dermoscopic,True,True,,600,450
ISIC_8810920,dermoscopic,True,True,,600,450
ISIC_8811262,clinical,True,True,,600,450
ISIC_8812260,dermoscopic,True,True,,600,450
ISIC_8815245,dermoscopic,True,True,,600,450
ISIC_8815594,dermoscopic,True,True,,600,450
ISIC_8815763,clinical,True,True,,600,450
ISIC_8816075,dermoscopic,True,True,,600,450
ISIC_8816242,dermoscopic,True,True,,600,450
ISIC_8816308,clinical,True,True,,600,450
ISIC_8818884,clinical,True,True,,600,450
ISIC_8820732,clinical,True,True,,600,450
ISIC_8821083,clinical,True,True,,600,450
ISIC_8821690,clinical,True,True,,600,450
ISIC_8823892,dermoscopic,True,True,,600,450
ISIC_8825637,dermoscopic,True,True,,600,450
ISIC_8826493,clinical,True,True,,600,450
ISIC_8827860,clinical,True,True,,600,450
ISIC_8828083,clinical,True,True,,600,450
ISIC_8828944,clinical,True,True,,600,450
ISIC_8829523,dermoscopic,True,True,,600,450
ISIC_8830091,dermoscopic,True,True,,600,450
ISIC_8830166,dermoscopic,True,True,,600,450
ISIC_8830503,clinical,True,True,,600,450
ISIC_8830776,clinical,True,True,,600,450
ISIC_8830839,dermoscopic,True,True,,600,450
ISIC_8832464,clinical,True,True,,600,450
ISIC_8832798,clinical,True,True,,600,450
ISIC_8832843,dermoscopic,True,True,,600,450
ISIC_8833451,clinical,True,True,,600,450
ISIC_8834324,clinical,True,True,,600,450
ISIC_8837131,dermoscopic,True,True,,600,450
ISIC_8839205,dermoscopic,True,True,,600,450
ISIC_8839329,dermoscopic,True,True,,600,450
ISIC_8839444,clinical,True,True,,600,450
ISIC_8839494,dermoscopic,True,True,,600,450
ISIC_8840511,dermoscopic,True,True,,600,450
ISIC_8842467,clinical,True,True,,600,450
ISIC_8843104,dermoscopic,True,True,,600,450
ISIC_8843537,dermoscopic,True,True,,600,450
ISIC_8845800,clinical,True,True,,600,450
ISIC_8846211,clinical,True,True,,600,450
ISIC_8846554,dermoscopic,True,True,,600,450
ISIC_8846852,clinical,True,True,,600,450
ISIC_8847230,clinical,True,True,,600,450
ISIC_8849386,clinical,True,True,,600,450
ISIC_8850071,dermoscopic,True,True,,600,450
ISIC_8851360,clinical,True,True,,600,450
ISIC_8851382,clinical,True,True,,600,450
ISIC_8853941,clinical,True,True,,600,450
ISIC_8854712,dermoscopic,True,True,,600,450
ISIC_8856766,clinical,True,True,,600,450
ISIC_8857322,dermoscopic,True,True,,600,450
ISIC_8858231,clinical,True,True,,600,450
ISIC_8858434,clinical,True,True,,600,450
ISIC_8858676,dermoscopic,True,True,,600,450
ISIC_8860235,dermoscopic,True,True,,600,450
ISIC_8860890,clinical,True,True,,600,450
ISIC_8861411,clinical,True,True,,600,450
ISIC_8862307,dermoscopic,True,True,,600,450
ISIC_8862763,clinical,True,True,,600,450
ISIC_8863147,dermoscopic,True,True,,600,450
ISIC_8863788,clinical,True,True,,600,450
ISIC_8865829,clinical,True,True,,600,450
ISIC_8866895,clinical,True,True,,600,450
ISIC_8867010,clinical,True,True,,600,450
ISIC_8868003,clinical,True,True,,600,450
ISIC_8868188,clinical,True,True,,600,450
ISIC_8868777,dermoscopic,True,True,,600,450
ISIC_8869199,clinical,True,True,,600,450
ISIC_8870190,dermoscopic,True,True,,600,450
ISIC_8870317,dermoscopic,True,True,,600,450
ISIC_8870441,dermoscopic,True,True,,600,450
ISIC_8872336,dermoscopic,True,True,,600,450
ISIC_8873365,dermoscopic,True,True,,600,450
ISIC_8874166,dermoscopic,True,True,,600,450
ISIC_8876204,clinical,True,True,,600,450
ISIC_8876261,dermoscopic,True,True,,600,450
ISIC_8877039,dermoscopic,True,True,,600,450
ISIC_8878792,clinical,True,True,,600,450
ISIC_8879305,clinical,True,True,,600,450
ISIC_8879612,clinical,True,True,,600,450
ISIC_8880430,dermoscopic,True,True,,600,450
ISIC_8880596,dermoscopic,True,True,,600,450
ISIC_8880696,clinical,True,True,,600,450
ISIC_8882028,clinical,True,True,,600,450
ISIC_8882107,dermoscopic,True,True,,600,450
ISIC_8882696,dermoscopic,True,True,,600,450
ISIC_8883053,dermoscopic,True,True,,600,450
ISIC_8883217,dermoscopic,True,True,,600,450
ISIC_8884437,clinical,True,True,,600,450
ISIC_8890260,clinical,True,True,,600,450
ISIC_8890680,dermoscopic,True,True,,600,450
ISIC_8893011,clinical,True,True,,600,450
ISIC_8894147,dermoscopic,True,True,,600,450
ISIC_8894733,clinical,True,True,,600,450
ISIC_8894857,dermoscopic,True,True,,600,450
ISIC_8895392,clinical,True,True,,600,450
ISIC_8895973,clinical,True,True,,600,450
ISIC_8897421,clinical,True,True,,600,450
ISIC_8897741,dermoscopic,True,True,,600,450
ISIC_8898024,clinical,True,True,,600,450
ISIC_8898114,clinical,True,True,,600,450
ISIC_8898285,clinical,True,True,,600,450
ISIC_8898499,clinical,True,True,,600,450
ISIC_8898820,dermoscopic,True,True,,600,450
ISIC_8898834,clinical,True,True,,600,450
ISIC_8899125,dermoscopic,True,True,,600,450
ISIC_8899246,clinical,True,True,,600,450
ISIC_8899493,clinical,True,True,,600,450
ISIC_8899742,clinical,True,True,,600,450
ISIC_8900097,dermoscopic,True,True,,600,450
ISIC_8903447,clinical,True,True,,600,450
ISIC_8904388,dermoscopic,True,True,,600,450
ISIC_8904796,dermoscopic,True,True,,600,450
ISIC_8905603,dermoscopic,True,True,,600,450
ISIC_8906358,dermoscopic,True,True,,600,450
ISIC_8907397,clinical,True,True,,600,450
ISIC_8908980,clinical,True,True,,600,450
ISIC_8910720,clinical,True,True,,600,450
ISIC_8911152,clinical,True,True,,600,450
ISIC_8912166,dermoscopic,True,True,,600,450
ISIC_8912227,clinical,True,True,,600,450
ISIC_8913904,clinical,True,True,,600,450
ISIC_8914881,clinical,True,True,,600,450
ISIC_8914963,dermoscopic,True,True,,600,450
ISIC_8914970,dermoscopic,True,True,,600,450
ISIC_8915033,clinical,True,True,,600,450
ISIC_8916536,clinical,True,True,,600,450
ISIC_8917612,clinical,True,True,,600,450
ISIC_8918247,dermoscopic,True,True,,600,450
ISIC_8919169,dermoscopic,True,True,,600,450
ISIC_8919899,clinical,True,True,,600,450
ISIC_8921695,dermoscopic,True,True,,600,450
ISIC_8921737,clinical,True,True,,600,450
ISIC_8922165,dermoscopic,True,True,,600,450
ISIC_8922391,clinical,True,True,,600,450
ISIC_8923256,dermoscopic,True,True,,600,450
ISIC_8925555,dermoscopic,True,True,,600,450
ISIC_8929392,clinical,True,True,,600,450
ISIC_8929684,dermoscopic,True,True,,600,450
ISIC_8930739,clinical,True,True,,600,450
ISIC_8932533,dermoscopic,True,True,,600,450
ISIC_8932910,clinical,True,True,,600,450
ISIC_8933142,clinical,True,True,,600,450
ISIC_8933202,clinical,True,True,,600,450
ISIC_8934759,dermoscopic,True,True,,600,450
ISIC_8935612,clinical,True,True,,600,450
ISIC_8935869,clinical,True,True,,600,450
ISIC_8937601,clinical,True,True,,600,450
ISIC_8938866,dermoscopic,True,True,,600,450
ISIC_8939939,dermoscopic,True,True,,600,450
ISIC_8942026,dermoscopic,True,True,,600,450
ISIC_8942421,clinical,True,True,,600,450
ISIC_8943266,clinical,True,True,,600,450
ISIC_8943375,dermoscopic,True,True,,600,450
ISIC_8943527,dermoscopic,True,True,,600,450
ISIC_8944107,dermoscopic,True,True,,600,450
ISIC_8945348,dermoscopic,True,True,,600,450
ISIC_8945633,dermoscopic,True,True,,600,450
ISIC_8946169,dermoscopic,True,True,,600,450
ISIC_8946719,dermoscopic,True,True,,600,450
ISIC_8947312,dermoscopic,True,True,,600,450
ISIC_8947496,clinical,True,True,,600,450
ISIC_8949217,clinical,True,True,,600,450
ISIC_8949240,clinical,True,True,,600,450
ISIC_8949610,clinical,True,True,,600,450
ISIC_8951479,dermoscopic,True,True,,600,450
ISIC_8951979,clinical,True,True,,600,450
ISIC_8952365,dermoscopic,True,True,,600,450
ISIC_8953004,clinical,True,True,,600,450
ISIC_8953290,clinical,True,True,,600,450
ISIC_8953643,dermoscopic,True,True,,600,450
ISIC_8954124,dermoscopic,True,True,,600,450
ISIC_8955200,dermoscopic,True,True,,600,450
ISIC_8960889,dermoscopic,True,True,,600,450
ISIC_8961614,dermoscopic,True,True,,600,450
ISIC_8963623,clinical,True,True,,600,450
ISIC_8966831,clinical,True,True,,600,450
ISIC_8969175,dermoscopic,True,True,,600,450
ISIC_8969336,clinical,True,True,,600,450
ISIC_8970659,clinical,True,True,,600,450
ISIC_8972926,dermoscopic,True,True,,600,450
ISIC_8973952,dermoscopic,True,True,,600,450
ISIC_8975655,dermoscopic,True,True,,600,450
ISIC_8976041,dermoscopic,True,True,,600,450
ISIC_8976859,dermoscopic,True,True,,600,450
ISIC_8977223,dermoscopic,True,True,,600,450
ISIC_8977908,dermoscopic,True,True,,600,450
ISIC_8977962,dermoscopic,True,True,,600,450
ISIC_8978224,clinical,True,True,,600,450
ISIC_8979429,clinical,True,True,,600,450
ISIC_8979552,clinical,True,True,,600,450
ISIC_8979849,dermoscopic,True,True,,600,450
ISIC_8980636,clinical,True,True,,600,450
ISIC_8980999,dermoscopic,True,True,,600,450
ISIC_8981300,dermoscopic,True,True,,600,450
ISIC_8981897,dermoscopic,True,True,,600,450
ISIC_8982555,clinical,True,True,,600,450
ISIC_8984053,clinical,True,True,,600,450
ISIC_8984180,dermoscopic,True,True,,600,450
ISIC_8984287,clinical,True,True,,600,450
ISIC_8989132,clinical,True,True,,600,450
ISIC_8989885,clinical,True,True,,600,450
ISIC_8990576,clinical,True,True,,600,450
ISIC_8992188,clinical,True,True,,600,450
ISIC_8992800,clinical,True,True,,600,450
ISIC_8993296,clinical,True,True,,600,450
ISIC_8994952,dermoscopic,True,True,,600,450
ISIC_8995161,dermoscopic,True,True,,600,450
ISIC_8997026,clinical,True,True,,600,450
ISIC_9000883,dermoscopic,True,True,,600,450
ISIC_9001139,clinical,True,True,,600,450
ISIC_9001368,dermoscopic,True,True,,600,450
ISIC_9001724,clinical,True,True,,600,450
ISIC_9001735,dermoscopic,True,True,,600,450
ISIC_9002119,dermoscopic,True,True,,600,450
ISIC_9002358,dermoscopic,True,True,,600,450
ISIC_9003113,dermoscopic,True,True,,600,450
ISIC_9004284,clinical,True,True,,600,450
ISIC_9004415,clinical,True,True,,600,450
ISIC_9005222,clinical,True,True,,600,450
ISIC_9005347,dermoscopic,True,True,,600,450
ISIC_9006317,clinical,True,True,,600,450
ISIC_9007301,dermoscopic,True,True,,600,450
ISIC_9008854,clinical,True,True,,600,450
ISIC_9011764,dermoscopic,True,True,,600,450
ISIC_9011999,clinical,True,True,,600,450
ISIC_9014235,dermoscopic,True,True,,600,450
ISIC_9017680,dermoscopic,True,True,,600,450
ISIC_9018538,clinical,True,True,,600,450
ISIC_9018696,dermoscopic,True,True,,600,450
ISIC_9019095,clinical,True,True,,600,450
ISIC_9019664,dermoscopic,True,True,,600,450
ISIC_9020314,dermoscopic,True,True,,600,450
ISIC_9022996,clinical,True,True,,600,450
ISIC_9023174,clinical,True,True,,600,450
ISIC_9024518,clinical,True,True,,600,450
ISIC_9025095,dermoscopic,True,True,,600,450
ISIC_9026609,clinical,True,True,,600,450
ISIC_9026654,clinical,True,True,,600,450
ISIC_9026907,clinical,True,True,,600,450
ISIC_9026951,dermoscopic,True,True,,600,450
ISIC_9030298,clinical,True,True,,600,450
ISIC_9030826,dermoscopic,True,True,,600,450
ISIC_9034449,clinical,True,True,,600,450
ISIC_9035644,dermoscopic,True,True,,600,450
ISIC_9038494,dermoscopic,True,True,,600,450
ISIC_9039481,clinical,True,True,,600,450
ISIC_9039736,clinical,True,True,,600,450
ISIC_9041525,dermoscopic,True,True,,600,450
ISIC_9043368,clinical,True,True,,600,450
ISIC_9043374,clinical,True,True,,600,450
ISIC_9044867,clinical,True,True,,600,450
ISIC_9045023,clinical,True,True,,600,450
ISIC_9046790,clinical,True,True,,600,450
ISIC_9047747,dermoscopic,True,True,,600,450
ISIC_9047853,clinical,True,True,,600,450
ISIC_9048474,clinical,True,True,,600,450
ISIC_9048808,clinical,True,True,,600,450
ISIC_9051035,clinical,True,True,,600,450
ISIC_9051937,dermoscopic,True,True,,600,450
ISIC_9052310,clinical,True,True,,600,450
ISIC_9053541,dermoscopic,True,True,,600,450
ISIC_9054883,clinical,True,True,,600,450
ISIC_9055167,clinical,True,True,,600,450
ISIC_9055179,dermoscopic,True,True,,600,450
ISIC_9055453,clinical,True,True,,600,450
ISIC_9055556,dermoscopic,True,True,,600,450
ISIC_9056629,clinical,True,True,,600,450
ISIC_9057655,dermoscopic,True,True,,600,450
ISIC_9058731,clinical,True,True,,600,450
ISIC_9059079,clinical,True,True,,600,450
ISIC_9059867,clinical,True,True,,600,450
ISIC_9060041,dermoscopic,True,True,,600,450
ISIC_9060326,clinical,True,True,,600,450
ISIC_9060487,clinical,True,True,,600,450
ISIC_9061574,clinical,True,True,,600,450
ISIC_9061787,clinical,True,True,,600,450
ISIC_9062645,clinical,True,True,,600,450
ISIC_9063581,dermoscopic,True,True,,600,450
ISIC_9064266,dermoscopic,True,True,,600,450
ISIC_9064583,dermoscopic,True,True,,600,450
ISIC_9067523,dermoscopic,True,True,,600,450
ISIC_9067935,clinical,True,True,,600,450
ISIC_9069540,clinical,True,True,,600,450
ISIC_9071975,dermoscopic,True,True,,600,450
ISIC_9072692,clinical,True,True,,600,450
ISIC_9073117,clinical,True,True,,600,450
ISIC_9073665,dermoscopic,True,True,,600,450
ISIC_9073880,clinical,True,True,,600,450
ISIC_9074070,clinical,True,True,,600,450
ISIC_9074196,clinical,True,True,,600,450
ISIC_9074776,clinical,True,True,,600,450
ISIC_9075056,clinical,True,True,,600,450
ISIC_9075808,dermoscopic,True,True,,600,450
ISIC_9076466,clinical,True,True,,600,450
ISIC_9076757,clinical,True,True,,600,450
ISIC_9076994,clinical,True,True,,600,450
ISIC_9078579,clinical,True,True,,600,450
ISIC_9078796,clinical,True,True,,600,450
ISIC_9079428,clinical,True,True,,600,450
ISIC_9080829,dermoscopic,True,True,,600,450
ISIC_9083944,clinical,True,True,,600,450
ISIC_9084000,dermoscopic,True,True,,600,450
ISIC_9084534,dermoscopic,True,True,,600,450
ISIC_9088580,clinical,True,True,,600,450
ISIC_9090562,dermoscopic,True,True,,600,450
ISIC_9091739,clinical,True,True,,600,450
ISIC_9092057,dermoscopic,True,True,,600,450
ISIC_9093424,dermoscopic,True,True,,600,450
ISIC_9094964,clinical,True,True,,600,450
ISIC_9096776,clinical,True,True,,600,450
ISIC_9098536,clinical,True,True,,600,450
ISIC_9098662,clinical,True,True,,600,450
ISIC_9098782,dermoscopic,True,True,,600,450
ISIC_9098981,dermoscopic,True,True,,600,450
ISIC_9099090,dermoscopic,True,True,,600,450
ISIC_9100425,clinical,True,True,,600,450
ISIC_9100704,clinical,True,True,,600,450
ISIC_9101382,clinical,True,True,,600,450
ISIC_9101809,dermoscopic,True,True,,600,450
ISIC_9102029,clinical,True,True,,600,450
ISIC_9103397,dermoscopic,True,True,,600,450
ISIC_9103398,clinical,True,True,,600,450
ISIC_9104095,dermoscopic,True,True,,600,450
ISIC_9105114,dermoscopic,True,True,,600,450
ISIC_9105300,clinical,True,True,,600,450
ISIC_9105996,clinical,True,True,,600,450
ISIC_9107434,clinical,True,True,,600,450
ISIC_9107874,clinical,True,True,,600,450
ISIC_9107881,clinical,True,True,,600,450
ISIC_9111814,dermoscopic,True,True,,600,450
ISIC_9112089,clinical,True,True,,600,450
ISIC_9113111,clinical,True,True,,600,450
ISIC_9114285,clinical,True,True,,600,450
ISIC_9114356,clinical,True,True,,600,450
ISIC_9115621,clinical,True,True,,600,450
ISIC_9115886,dermoscopic,True,True,,600,450
ISIC_9116454,clinical,True,True,,600,450
ISIC_9116920,clinical,True,True,,600,450
ISIC_9118088,clinical,True,True,,600,450
ISIC_9118975,clinical,True,True,,600,450
ISIC_9120690,dermoscopic,True,True,,600,450
ISIC_9120905,dermoscopic,True,True,,600,450
ISIC_9121967,clinical,True,True,,600,450
ISIC_9124673,clinical,True,True,,600,450
ISIC_9125091,clinical,True,True,,600,450
ISIC_9126529,dermoscopic,True,True,,600,450
ISIC_9127714,clinical,True,True,,600,450
ISIC_9129820,dermoscopic,True,True,,600,450
ISIC_9129838,clinical,True,True,,600,450
ISIC_9130589,clinical,True,True,,600,450
ISIC_9131247,dermoscopic,True,True,,600,450
ISIC_9132006,dermoscopic,True,True,,600,450
ISIC_9132204,dermoscopic,True,True,,600,450
ISIC_9132828,dermoscopic,True,True,,600,450
ISIC_9134607,clinical,True,True,,600,450
ISIC_9135081,clinical,True,True,,600,450
ISIC_9136213,clinical,True,True,,600,450
ISIC_9136283,dermoscopic,True,True,,600,450
ISIC_9137740,dermoscopic,True,True,,600,450
ISIC_9138708,dermoscopic,True,True,,600,450
ISIC_9139090,dermoscopic,True,True,,600,450
ISIC_9139162,clinical,True,True,,600,450
ISIC_9140116,dermoscopic,True,True,,600,450
ISIC_9140582,dermoscopic,True,True,,600,450
ISIC_9140869,clinical,True,True,,600,450
ISIC_9140973,clinical,True,True,,600,450
ISIC_9141788,dermoscopic,True,True,,600,450
ISIC_9142036,dermoscopic,True,True,,600,450
ISIC_9144494,clinical,True,True,,600,450
ISIC_9144551,clinical,True,True,,600,450
ISIC_9144877,dermoscopic,True,True,,600,450
ISIC_9145770,dermoscopic,True,True,,600,450
ISIC_9147502,dermoscopic,True,True,,600,450
ISIC_9147605,clinical,True,True,,600,450
ISIC_9148166,clinical,True,True,,600,450
ISIC_9148837,dermoscopic,True,True,,600,450
ISIC_9149555,clinical,True,True,,600,450
ISIC_9149605,clinical,True,True,,600,450
ISIC_9151156,clinical,True,True,,600,450
ISIC_9152345,dermoscopic,True,True,,600,450
ISIC_9153141,dermoscopic,True,True,,600,450
ISIC_9153724,dermoscopic,True,True,,600,450
ISIC_9155060,clinical,True,True,,600,450
ISIC_9155561,clinical,True,True,,600,450
ISIC_9156050,clinical,True,True,,600,450
ISIC_9156154,dermoscopic,True,True,,600,450
ISIC_9157592,dermoscopic,True,True,,600,450
ISIC_9159202,dermoscopic,True,True,,600,450
ISIC_9159246,dermoscopic,True,True,,600,450
ISIC_9161347,clinical,True,True,,600,450
ISIC_9161483,dermoscopic,True,True,,600,450
ISIC_9161612,dermoscopic,True,True,,600,450
ISIC_9163561,dermoscopic,True,True,,600,450
ISIC_9164586,clinical,True,True,,600,450
ISIC_9165967,clinical,True,True,,600,450
ISIC_9166927,clinical,True,True,,600,450
ISIC_9167637,clinical,True,True,,600,450
ISIC_9170556,dermoscopic,True,True,,600,450
ISIC_9171491,clinical,True,True,,600,450
ISIC_9171793,dermoscopic,True,True,,600,450
ISIC_9172274,dermoscopic,True,True,,600,450
ISIC_9172622,clinical,True,True,,600,450
ISIC_9173490,clinical,True,True,,600,450
ISIC_9173896,clinical,True,True,,600,450
ISIC_9174580,dermoscopic,True,True,,600,450
ISIC_9175575,dermoscopic,True,True,,600,450
ISIC_9176060,clinical,True,True,,600,450
ISIC_9176784,clinical,True,True,,600,450
ISIC_9177006,clinical,True,True,,600,450
ISIC_9177146,clinical,True,True,,600,450
ISIC_9178156,clinical,True,True,,600,450
ISIC_9178763,dermoscopic,True,True,,600,450
ISIC_9179044,dermoscopic,True,True,,600,450
ISIC_9179636,clinical,True,True,,600,450
ISIC_9179884,dermoscopic,True,True,,600,450
ISIC_9180125,dermoscopic,True,True,,600,450
ISIC_9180642,dermoscopic,True,True,,600,450
ISIC_9181159,dermoscopic,True,True,,600,450
ISIC_9182531,dermoscopic,True,True,,600,450
ISIC_9183026,clinical,True,True,,600,450
ISIC_9183794,dermoscopic,True,True,,600,450
ISIC_9185835,dermoscopic,True,True,,600,450
ISIC_9186111,dermoscopic,True,True,,600,450
ISIC_9186927,clinical,True,True,,600,450
ISIC_9187182,dermoscopic,True,True,,600,450
ISIC_9188614,dermoscopic,True,True,,600,450
ISIC_9188713,dermoscopic,True,True,,600,450
ISIC_9191650,clinical,True,True,,600,450
ISIC_9191957,clinical,True,True,,600,450
ISIC_9192620,dermoscopic,True,True,,600,450
ISIC_9195108,dermoscopic,True,True,,600,450
ISIC_9196525,dermoscopic,True,True,,600,450
ISIC_9197238,clinical,True,True,,600,450
ISIC_9198253,clinical,True,True,,600,450
ISIC_9198446,clinical,True,True,,600,450
ISIC_9199020,dermoscopic,True,True,,600,450
ISIC_9200112,clinical,True,True,,600,450
ISIC_9203716,clinical,True,True,,600,450
ISIC_9204575,clinical,True,True,,600,450
ISIC_9204844,dermoscopic,True,True,,600,450
ISIC_9205905,clinical,True,True,,600,450
ISIC_9206416,clinical,True,True,,600,450
ISIC_9206516,dermoscopic,True,True,,600,450
ISIC_9206660,dermoscopic,True,True,,600,450
ISIC_9206757,clinical,True,True,,600,450
ISIC_9207099,dermoscopic,True,True,,600,450
ISIC_9207862,clinical,True,True,,600,450
ISIC_9208623,clinical,True,True,,600,450
ISIC_9209191,clinical,True,True,,600,450
ISIC_9209368,clinical,True,True,,600,450
ISIC_9209458,dermoscopic,True,True,,600,450
ISIC_9210156,clinical,True,True,,600,450
ISIC_9212173,dermoscopic,True,True,,600,450
ISIC_9212791,clinical,True,True,,600,450
ISIC_9213644,clinical,True,True,,600,450
ISIC_9214947,dermoscopic,True,True,,600,450
ISIC_9215935,dermoscopic,True,True,,600,450
ISIC_9216457,dermoscopic,True,True,,600,450
ISIC_9216543,clinical,True,True,,600,450
ISIC_9216609,dermoscopic,True,True,,600,450
ISIC_9218783,dermoscopic,True,True,,600,450
ISIC_9219836,clinical,True,True,,600,450
ISIC_9221083,clinical,True,True,,600,450
ISIC_9221495,clinical,True,True,,600,450
ISIC_9222540,dermoscopic,True,True,,600,450
ISIC_9222858,clinical,True,True,,600,450
ISIC_9223565,clinical,True,True,,600,450
ISIC_9225022,clinical,True,True,,600,450
ISIC_9225499,clinical,True,True,,600,450
ISIC_9225788,clinical,True,True,,600,450
ISIC_9226737,dermoscopic,True,True,,600,450
ISIC_9227283,dermoscopic,True,True,,600,450
ISIC_9227362,dermoscopic,True,True,,600,450
ISIC_9227379,clinical,True,True,,600,450
ISIC_9231306,dermoscopic,True,True,,600,450
ISIC_9231756,clinical,True,True,,600,450
ISIC_9232517,dermoscopic,True,True,,600,450
ISIC_9232753,dermoscopic,True,True,,600,450
ISIC_9233052,clinical,True,True,,600,450
ISIC_9233649,clinical,True,True,,600,450
ISIC_9236022,clinical,True,True,,600,450
ISIC_9236121,clinical,True,True,,600,450
ISIC_9237488,clinical,True,True,,600,450
ISIC_9239028,clinical,True,True,,600,450
ISIC_9239381,clinical,True,True,,600,450
ISIC_9239978,dermoscopic,True,True,,600,450
ISIC_9240332,clinical,True,True,,600,450
ISIC_9242872,dermoscopic,True,True,,600,450
ISIC_9247586,dermoscopic,True,True,,600,450
ISIC_9249196,dermoscopic,True,True,,600,450
ISIC_9250445,clinical,True,True,,600,450
ISIC_9250721,dermoscopic,True,True,,600,450
ISIC_9250781,dermoscopic,True,True,,600,450
ISIC_9250861,clinical,True,True,,600,450
ISIC_9250989,dermoscopic,True,True,,600,450
ISIC_9251635,clinical,True,True,,600,450
ISIC_9253237,clinical,True,True,,600,450
ISIC_9254169,clinical,True,True,,600,450
ISIC_9254710,dermoscopic,True,True,,600,450
ISIC_9255011,clinical,True,True,,600,450
ISIC_9255133,dermoscopic,True,True,,600,450
ISIC_9255385,clinical,True,True,,600,450
ISIC_9255841,dermoscopic,True,True,,600,450
ISIC_9256618,dermoscopic,True,True,,600,450
ISIC_9256840,clinical,True,True,,600,450
ISIC_9257390,clinical,True,True,,600,450
ISIC_9258545,clinical,True,True,,600,450
ISIC_9258794,clinical,True,True,,600,450
ISIC_9259846,clinical,True,True,,600,450
ISIC_9260804,clinical,True,True,,600,450
ISIC_9261011,clinical,True,True,,600,450
ISIC_9261289,clinical,True,True,,600,450
ISIC_9261403,clinical,True,True,,600,450
ISIC_9262459,dermoscopic,True,True,,600,450
ISIC_9263681,clinical,True,True,,600,450
ISIC_9263753,dermoscopic,True,True,,600,450
ISIC_9264413,clinical,True,True,,600,450
ISIC_9265386,dermoscopic,True,True,,600,450
ISIC_9266057,dermoscopic,True,True,,600,450
ISIC_9267602,dermoscopic,True,True,,600,450
ISIC_9267796,dermoscopic,True,True,,600,450
ISIC_9268464,dermoscopic,True,True,,600,450
ISIC_9268987,dermoscopic,True,True,,600,450
ISIC_9269238,clinical,True,True,,600,450
ISIC_9270547,clinical,True,True,,600,450
ISIC_9271327,dermoscopic,True,True,,600,450
ISIC_9271454,clinical,True,True,,600,450
ISIC_9272344,clinical,True,True,,600,450
ISIC_9272970,clinical,True,True,,600,450
ISIC_9274292,dermoscopic,True,True,,600,450
ISIC_9275120,dermoscopic,True,True,,600,450
ISIC_9276683,clinical,True,True,,600,450
ISIC_9276715,dermoscopic,True,True,,600,450
ISIC_9276741,clinical,True,True,,600,450
ISIC_9276884,dermoscopic,True,True,,600,450
ISIC_9276888,clinical,True,True,,600,450
ISIC_9276896,dermoscopic,True,True,,600,450
ISIC_9277601,dermoscopic,True,True,,600,450
ISIC_9278360,dermoscopic,True,True,,600,450
ISIC_9280380,clinical,True,True,,600,450
ISIC_9280729,dermoscopic,True,True,,600,450
ISIC_9281043,dermoscopic,True,True,,600,450
ISIC_9285071,clinical,True,True,,600,450
ISIC_9285148,clinical,True,True,,600,450
ISIC_9285479,clinical,True,True,,600,450
ISIC_9286506,dermoscopic,True,True,,600,450
ISIC_9286963,dermoscopic,True,True,,600,450
ISIC_9287993,dermoscopic,True,True,,600,450
ISIC_9290704,dermoscopic,True,True,,600,450
ISIC_9290748,dermoscopic,True,True,,600,450
ISIC_9294596,clinical,True,True,,600,450
ISIC_9294763,dermoscopic,True,True,,600,450
ISIC_9296037,clinical,True,True,,600,450
ISIC_9296237,dermoscopic,True,True,,600,450
ISIC_9297122,clinical,True,True,,600,450
ISIC_9297268,dermoscopic,True,True,,600,450
ISIC_9301982,clinical,True,True,,600,450
ISIC_9304429,dermoscopic,True,True,,600,450
ISIC_9304458,clinical,True,True,,600,450
ISIC_9308029,clinical,True,True,,600,450
ISIC_9308744,clinical,True,True,,600,450
ISIC_9309251,clinical,True,True,,600,450
ISIC_9310034,clinical,True,True,,600,450
ISIC_9310359,clinical,True,True,,600,450
ISIC_9310886,clinical,True,True,,600,450
ISIC_9311925,clinical,True,True,,600,450
ISIC_9312353,clinical,True,True,,600,450
ISIC_9312951,clinical,True,True,,600,450
ISIC_9313746,dermoscopic,True,True,,600,450
ISIC_9314032,clinical,True,True,,600,450
ISIC_9314416,dermoscopic,True,True,,600,450
ISIC_9314612,clinical,True,True,,600,450
ISIC_9314988,dermoscopic,True,True,,600,450
ISIC_9315615,clinical,True,True,,600,450
ISIC_9316561,clinical,True,True,,600,450
ISIC_9316861,dermoscopic,True,True,,600,450
ISIC_9317486,dermoscopic,True,True,,600,450
ISIC_9317670,dermoscopic,True,True,,600,450
ISIC_9318888,clinical,True,True,,600,450
ISIC_9319124,dermoscopic,True,True,,600,450
ISIC_9320577,clinical,True,True,,600,450
ISIC_9320989,clinical,True,True,,600,450
ISIC_9321127,clinical,True,True,,600,450
ISIC_9322304,clinical,True,True,,600,450
ISIC_9323438,dermoscopic,True,True,,600,450
ISIC_9325289,clinical,True,True,,600,450
ISIC_9326688,clinical,True,True,,600,450
ISIC_9329600,dermoscopic,True,True,,600,450
ISIC_9332272,dermoscopic,True,True,,600,450
ISIC_9333834,dermoscopic,True,True,,600,450
ISIC_9334393,dermoscopic,True,True,,600,450
ISIC_9336484,clinical,True,True,,600,450
ISIC_9336765,dermoscopic,True,True,,600,450
ISIC_9336915,clinical,True,True,,600,450
ISIC_9338271,clinical,True,True,,600,450
ISIC_9338482,dermoscopic,True,True,,600,450
ISIC_9339729,clinical,True,True,,600,450
ISIC_9340414,dermoscopic,True,True,,600,450
ISIC_9342357,dermoscopic,True,True,,600,450
ISIC_9342460,clinical,True,True,,600,450
ISIC_9344767,clinical,True,True,,600,450
ISIC_9345667,dermoscopic,True,True,,600,450
ISIC_9346486,clinical,True,True,,600,450
ISIC_9347140,clinical,True,True,,600,450
ISIC_9348273,dermoscopic,True,True,,600,450
ISIC_9350105,dermoscopic,True,True,,600,450
ISIC_9351886,dermoscopic,True,True,,600,450
ISIC_9353865,dermoscopic,True,True,,600,450
ISIC_9354948,dermoscopic,True,True,,600,450
ISIC_9355799,clinical,True,True,,600,450
ISIC_9356329,dermoscopic,True,True,,600,450
ISIC_9357735,dermoscopic,True,True,,600,450
ISIC_9360308,clinical,True,True,,600,450
ISIC_9361398,dermoscopic,True,True,,600,450
ISIC_9365663,dermoscopic,True,True,,600,450
ISIC_9365835,clinical,True,True,,600,450
ISIC_9369364,clinical,True,True,,600,450
ISIC_9369610,clinical,True,True,,600,450
ISIC_9370126,dermoscopic,True,True,,600,450
ISIC_9375501,clinical,True,True,,600,450
ISIC_9376271,clinical,True,True,,600,450
ISIC_9376579,clinical,True,True,,600,450
ISIC_9379057,dermoscopic,True,True,,600,450
ISIC_9379186,clinical,True,True,,600,450
ISIC_9379796,clinical,True,True,,600,450
ISIC_9380419,dermoscopic,True,True,,600,450
ISIC_9382183,clinical,True,True,,600,450
ISIC_9382791,clinical,True,True,,600,450
ISIC_9383853,clinical,True,True,,600,450
ISIC_9384262,clinical,True,True,,600,450
ISIC_9384345,dermoscopic,True,True,,600,450
ISIC_9388783,clinical,True,True,,600,450
ISIC_9389123,clinical,True,True,,600,450
ISIC_9390065,dermoscopic,True,True,,600,450
ISIC_9390488,dermoscopic,True,True,,600,450
ISIC_9390664,dermoscopic,True,True,,600,450
ISIC_9390963,dermoscopic,True,True,,600,450
ISIC_9392092,dermoscopic,True,True,,600,450
ISIC_9392128,clinical,True,True,,600,450
ISIC_9392626,dermoscopic,True,True,,600,450
ISIC_9394962,clinical,True,True,,600,450
ISIC_9399207,dermoscopic,True,True,,600,450
ISIC_9399586,dermoscopic,True,True,,600,450
ISIC_9399711,dermoscopic,True,True,,600,450
ISIC_9400088,clinical,True,True,,600,450
ISIC_9400150,dermoscopic,True,True,,600,450
ISIC_9400307,dermoscopic,True,True,,600,450
ISIC_9400517,clinical,True,True,,600,450
ISIC_9401538,clinical,True,True,,600,450
ISIC_9401613,clinical,True,True,,600,450
ISIC_9403836,dermoscopic,True,True,,600,450
ISIC_9404018,dermoscopic,True,True,,600,450
ISIC_9404484,dermoscopic,True,True,,600,450
ISIC_9406973,dermoscopic,True,True,,600,450
ISIC_9408905,dermoscopic,True,True,,600,450
ISIC_9410235,dermoscopic,True,True,,600,450
ISIC_9410557,clinical,True,True,,600,450
ISIC_9411450,dermoscopic,True,True,,600,450
ISIC_9411600,clinical,True,True,,600,450
ISIC_9415828,dermoscopic,True,True,,600,450
ISIC_9415992,dermoscopic,True,True,,600,450
ISIC_9416518,clinical,True,True,,600,450
ISIC_9419736,dermoscopic,True,True,,600,450
ISIC_9420912,clinical,True,True,,600,450
ISIC_9420991,clinical,True,True,,600,450
ISIC_9421756,dermoscopic,True,True,,600,450
ISIC_9422230,dermoscopic,True,True,,600,450
ISIC_9422255,clinical,True,True,,600,450
ISIC_9423469,dermoscopic,True,True,,600,450
ISIC_9423923,clinical,True,True,,600,450
ISIC_9424114,clinical,True,True,,600,450
ISIC_9424882,dermoscopic,True,True,,600,450
ISIC_9426065,dermoscopic,True,True,,600,450
ISIC_9426194,clinical,True,True,,600,450
ISIC_9426683,clinical,True,True,,600,450
ISIC_9427744,dermoscopic,True,True,,600,450
ISIC_9428829,dermoscopic,True,True,,600,450
ISIC_9430710,clinical,True,True,,600,450
ISIC_9430903,clinical,True,True,,600,450
ISIC_9432372,clinical,True,True,,600,450
ISIC_9434832,dermoscopic,True,True,,600,450
ISIC_9436084,dermoscopic,True,True,,600,450
ISIC_9441092,clinical,True,True,,600,450
ISIC_9441749,clinical,True,True,,600,450
ISIC_9442170,clinical,True,True,,600,450
ISIC_9442868,dermoscopic,True,True,,600,450
ISIC_9443293,clinical,True,True,,600,450
ISIC_9443349,clinical,True,True,,600,450
ISIC_9444018,clinical,True,True,,600,450
ISIC_9445672,dermoscopic,True,True,,600,450
ISIC_9446110,clinical,True,True,,600,450
ISIC_9447454,dermoscopic,True,True,,600,450
ISIC_9447530,dermoscopic,True,True,,600,450
ISIC_9450429,dermoscopic,True,True,,600,450
ISIC_9451191,dermoscopic,True,True,,600,450
ISIC_9451700,clinical,True,True,,600,450
ISIC_9451867,dermoscopic,True,True,,600,450
ISIC_9452345,dermoscopic,True,True,,600,450
ISIC_9454462,clinical,True,True,,600,450
ISIC_9455367,dermoscopic,True,True,,600,450
ISIC_9457442,clinical,True,True,,600,450
ISIC_9460306,clinical,True,True,,600,450
ISIC_9460407,clinical,True,True,,600,450
ISIC_9460959,dermoscopic,True,True,,600,450
ISIC_9465394,clinical,True,True,,600,450
ISIC_9467067,clinical,True,True,,600,450
ISIC_9467983,dermoscopic,True,True,,600,450
ISIC_9468404,dermoscopic,True,True,,600,450
ISIC_9468437,dermoscopic,True,True,,600,450
ISIC_9470013,clinical,True,True,,600,450
ISIC_9471648,dermoscopic,True,True,,600,450
ISIC_9471674,clinical,True,True,,600,450
ISIC_9472474,dermoscopic,True,True,,600,450
ISIC_9472574,dermoscopic,True,True,,600,450
ISIC_9473743,dermoscopic,True,True,,600,450
ISIC_9474028,dermoscopic,True,True,,600,450
ISIC_9474451,clinical,True,True,,600,450
ISIC_9475776,dermoscopic,True,True,,600,450
ISIC_9476389,dermoscopic,True,True,,600,450
ISIC_9477090,dermoscopic,True,True,,600,450
ISIC_9478252,clinical,True,True,,600,450
ISIC_9479710,dermoscopic,True,True,,600,450
ISIC_9480680,clinical,True,True,,600,450
ISIC_9483103,dermoscopic,True,True,,600,450
ISIC_9483507,dermoscopic,True,True,,600,450
ISIC_9484284,clinical,True,True,,600,450
ISIC_9485513,clinical,True,True,,600,450
ISIC_9486029,clinical,True,True,,600,450
ISIC_9486866,dermoscopic,True,True,,600,450
ISIC_9487423,clinical,True,True,,600,450
ISIC_9487621,clinical,True,True,,600,450
ISIC_9488743,dermoscopic,True,True,,600,450
ISIC_9488771,clinical,True,True,,600,450
ISIC_9488866,clinical,True,True,,600,450
ISIC_9489767,clinical,True,True,,600,450
ISIC_9489971,clinical,True,True,,600,450
ISIC_9490027,dermoscopic,True,True,,600,450
ISIC_9490906,dermoscopic,True,True,,600,450
ISIC_9491707,dermoscopic,True,True,,600,450
ISIC_9492806,clinical,True,True,,600,450
ISIC_9492928,dermoscopic,True,True,,600,450
ISIC_9495791,clinical,True,True,,600,450
ISIC_9496310,dermoscopic,True,True,,600,450
ISIC_9497071,clinical,True,True,,600,450
ISIC_9497415,dermoscopic,True,True,,600,450
ISIC_9501224,dermoscopic,True,True,,600,450
ISIC_9501706,dermoscopic,True,True,,600,450
ISIC_9501753,dermoscopic,True,True,,600,450
ISIC_9502415,dermoscopic,True,True,,600,450
ISIC_9503013,dermoscopic,True,True,,600,450
ISIC_9504198,dermoscopic,True,True,,600,450
ISIC_9506376,dermoscopic,True,True,,600,450
ISIC_9507615,dermoscopic,True,True,,600,450
ISIC_9508038,clinical,True,True,,600,450
ISIC_9508636,dermoscopic,True,True,,600,450
ISIC_9509446,dermoscopic,True,True,,600,450
ISIC_9509837,dermoscopic,True,True,,600,450
ISIC_9510334,clinical,True,True,,600,450
ISIC_9512295,clinical,True,True,,600,450
ISIC_9512371,dermoscopic,True,True,,600,450
ISIC_9512388,dermoscopic,True,True,,600,450
ISIC_9512917,clinical,True,True,,600,450
ISIC_9513437,clinical,True,True,,600,450
ISIC_9513919,clinical,True,True,,600,450
ISIC_9518414,dermoscopic,True,True,,600,450
ISIC_9519122,dermoscopic,True,True,,600,450
ISIC_9519917,dermoscopic,True,True,,600,450
ISIC_9521072,dermoscopic,True,True,,600,450
ISIC_9521117,dermoscopic,True,True,,600,450
ISIC_9521190,clinical,True,True,,600,450
ISIC_9521421,dermoscopic,True,True,,600,450
ISIC_9521441,dermoscopic,True,True,,600,450
ISIC_9521548,dermoscopic,True,True,,600,450
ISIC_9521675,dermoscopic,True,True,,600,450
ISIC_9522896,clinical,True,True,,600,450
ISIC_9523126,dermoscopic,True,True,,600,450
ISIC_9524858,clinical,True,True,,600,450
ISIC_9525008,clinical,True,True,,600,450
ISIC_9526087,dermoscopic,True,True,,600,450
ISIC_9528430,clinical,True,True,,600,450
ISIC_9528989,clinical,True,True,,600,450
ISIC_9529544,clinical,True,True,,600,450
ISIC_9529664,clinical,True,True,,600,450
ISIC_9531073,clinical,True,True,,600,450
ISIC_9531638,clinical,True,True,,600,450
ISIC_9532043,clinical,True,True,,600,450
ISIC_9532049,dermoscopic,True,True,,600,450
ISIC_9532297,clinical,True,True,,600,450
ISIC_9532907,clinical,True,True,,600,450
ISIC_9534817,clinical,True,True,,600,450
ISIC_9535614,clinical,True,True,,600,450
ISIC_9536837,dermoscopic,True,True,,600,450
ISIC_9536932,dermoscopic,True,True,,600,450
ISIC_9540648,dermoscopic,True,True,,600,450
ISIC_9540789,dermoscopic,True,True,,600,450
ISIC_9541260,clinical,True,True,,600,450
ISIC_9541448,dermoscopic,True,True,,600,450
ISIC_9542991,dermoscopic,True,True,,600,450
ISIC_9543736,clinical,True,True,,600,450
ISIC_9543805,dermoscopic,True,True,,600,450
ISIC_9543842,dermoscopic,True,True,,600,450
ISIC_9544557,clinical,True,True,,600,450
ISIC_9545117,clinical,True,True,,600,450
ISIC_9546161,clinical,True,True,,600,450
ISIC_9546201,clinical,True,True,,600,450
ISIC_9546309,dermoscopic,True,True,,600,450
ISIC_9546496,clinical,True,True,,600,450
ISIC_9546502,dermoscopic,True,True,,600,450
ISIC_9547201,clinical,True,True,,600,450
ISIC_9547255,dermoscopic,True,True,,600,450
ISIC_9547421,clinical,True,True,,600,450
ISIC_9548799,clinical,True,True,,600,450
ISIC_9549096,dermoscopic,True,True,,600,450
ISIC_9550550,clinical,True,True,,600,450
ISIC_9551475,clinical,True,True,,600,450
ISIC_9552131,clinical,True,True,,600,450
ISIC_9552444,dermoscopic,True,True,,600,450
ISIC_9552881,clinical,True,True,,600,450
ISIC_9553909,dermoscopic,True,True,,600,450
ISIC_9558332,dermoscopic,True,True,,600,450
ISIC_9559910,clinical,True,True,,600,450
ISIC_9560522,clinical,True,True,,600,450
ISIC_9560548,dermoscopic,True,True,,600,450
ISIC_9560618,dermoscopic,True,True,,600,450
ISIC_9560662,clinical,True,True,,600,450
ISIC_9561756,dermoscopic,True,True,,600,450
ISIC_9562051,dermoscopic,True,True,,600,450
ISIC_9562131,clinical,True,True,,600,450
ISIC_9562167,clinical,True,True,,600,450
ISIC_9566384,dermoscopic,True,True,,600,450
ISIC_9566444,dermoscopic,True,True,,600,450
ISIC_9566721,dermoscopic,True,True,,600,450
ISIC_9568205,clinical,True,True,,600,450
ISIC_9568577,dermoscopic,True,True,,600,450
ISIC_9569670,dermoscopic,True,True,,600,450
ISIC_9569749,dermoscopic,True,True,,600,450
ISIC_9570026,clinical,True,True,,600,450
ISIC_9570770,dermoscopic,True,True,,600,450
ISIC_9570959,dermoscopic,True,True,,600,450
ISIC_9571815,dermoscopic,True,True,,600,450
ISIC_9571862,dermoscopic,True,True,,600,450
ISIC_9572021,dermoscopic,True,True,,600,450
ISIC_9572075,dermoscopic,True,True,,600,450
ISIC_9573010,dermoscopic,True,True,,600,450
ISIC_9574838,clinical,True,True,,600,450
ISIC_9577015,clinical,True,True,,600,450
ISIC_9578110,dermoscopic,True,True,,600,450
ISIC_9579385,clinical,True,True,,600,450
ISIC_9579576,dermoscopic,True,True,,600,450
ISIC_9579888,dermoscopic,True,True,,600,450
ISIC_9581030,clinical,True,True,,600,450
ISIC_9581647,dermoscopic,True,True,,600,450
ISIC_9581881,clinical,True,True,,600,450
ISIC_9583399,dermoscopic,True,True,,600,450
ISIC_9584529,dermoscopic,True,True,,600,450
ISIC_9584532,clinical,True,True,,600,450
ISIC_9586593,clinical,True,True,,600,450
ISIC_9586937,dermoscopic,True,True,,600,450
ISIC_9586991,dermoscopic,True,True,,600,450
ISIC_9587078,dermoscopic,True,True,,600,450
ISIC_9587230,clinical,True,True,,600,450
ISIC_9587357,clinical,True,True,,600,450
ISIC_9588100,clinical,True,True,,600,450
ISIC_9588487,dermoscopic,True,True,,600,450
ISIC_9589099,dermoscopic,True,True,,600,450
ISIC_9589958,clinical,True,True,,600,450
ISIC_9590640,clinical,True,True,,600,450
ISIC_9592132,dermoscopic,True,True,,600,450
ISIC_9592403,clinical,True,True,,600,450
ISIC_9592877,clinical,True,True,,600,450
ISIC_9593683,dermoscopic,True,True,,600,450
ISIC_9594263,dermoscopic,True,True,,600,450
ISIC_9594679,dermoscopic,True,True,,600,450
ISIC_9594918,dermoscopic,True,True,,600,450
ISIC_9596173,dermoscopic,True,True,,600,450
ISIC_9596244,clinical,True,True,,600,450
ISIC_9596637,clinical,True,True,,600,450
ISIC_9597152,dermoscopic,True,True,,600,450
ISIC_9597858,dermoscopic,True,True,,600,450
ISIC_9598235,clinical,True,True,,600,450
ISIC_9598621,dermoscopic,True,True,,600,450
ISIC_9599992,dermoscopic,True,True,,600,450
ISIC_9601345,clinical,True,True,,600,450
ISIC_9606854,clinical,True,True,,600,450
ISIC_9608161,dermoscopic,True,True,,600,450
ISIC_9609356,clinical,True,True,,600,450
ISIC_9611209,dermoscopic,True,True,,600,450
ISIC_9611388,dermoscopic,True,True,,600,450
ISIC_9612446,dermoscopic,True,True,,600,450
ISIC_9612761,dermoscopic,True,True,,600,450
ISIC_9613721,dermoscopic,True,True,,600,450
ISIC_9614509,dermoscopic,True,True,,600,450
ISIC_9614578,clinical,True,True,,600,450
ISIC_9614625,clinical,True,True,,600,450
ISIC_9614715,clinical,True,True,,600,450
ISIC_9617606,clinical,True,True,,600,450
ISIC_9619047,clinical,True,True,,600,450
ISIC_9625234,clinical,True,True,,600,450
ISIC_9625758,dermoscopic,True,True,,600,450
ISIC_9625853,clinical,True,True,,600,450
ISIC_9626996,clinical,True,True,,600,450
ISIC_9627212,clinical,True,True,,600,450
ISIC_9627432,clinical,True,True,,600,450
ISIC_9627594,dermoscopic,True,True,,600,450
ISIC_9627993,clinical,True,True,,600,450
ISIC_9629029,dermoscopic,True,True,,600,450
ISIC_9629139,clinical,True,True,,600,450
ISIC_9630006,dermoscopic,True,True,,600,450
ISIC_9634842,clinical,True,True,,600,450
ISIC_9636152,clinical,True,True,,600,450
ISIC_9639067,dermoscopic,True,True,,600,450
ISIC_9639952,clinical,True,True,,600,450
ISIC_9640662,dermoscopic,True,True,,600,450
ISIC_9640973,clinical,True,True,,600,450
ISIC_9641063,dermoscopic,True,True,,600,450
ISIC_9641700,clinical,True,True,,600,450
ISIC_9641825,dermoscopic,True,True,,600,450
ISIC_9641859,dermoscopic,True,True,,600,450
ISIC_9642154,clinical,True,True,,600,450
ISIC_9642724,dermoscopic,True,True,,600,450
ISIC_9642927,clinical,True,True,,600,450
ISIC_9642936,clinical,True,True,,600,450
ISIC_9643087,clinical,True,True,,600,450
ISIC_9643914,dermoscopic,True,True,,600,450
ISIC_9648502,clinical,True,True,,600,450
ISIC_9648773,dermoscopic,True,True,,600,450
ISIC_9649323,dermoscopic,True,True,,600,450
ISIC_9650544,dermoscopic,True,True,,600,450
ISIC_9650776,clinical,True,True,,600,450
ISIC_9651478,clinical,True,True,,600,450
ISIC_9656292,clinical,True,True,,600,450
ISIC_9658127,clinical,True,True,,600,450
ISIC_9658944,dermoscopic,True,True,,600,450
ISIC_9660882,clinical,True,True,,600,450
ISIC_9661422,dermoscopic,True,True,,600,450
ISIC_9661702,dermoscopic,True,True,,600,450
ISIC_9662237,clinical,True,True,,600,450
ISIC_9663937,dermoscopic,True,True,,600,450
ISIC_9666538,dermoscopic,True,True,,600,450
ISIC_9666922,clinical,True,True,,600,450
ISIC_9668142,dermoscopic,True,True,,600,450
ISIC_9668453,clinical,True,True,,600,450
ISIC_9668533,dermoscopic,True,True,,600,450
ISIC_9668892,dermoscopic,True,True,,600,450
ISIC_9669577,dermoscopic,True,True,,600,450
ISIC_9670100,clinical,True,True,,600,450
ISIC_9673021,clinical,True,True,,600,450
ISIC_9674469,dermoscopic,True,True,,600,450
ISIC_9676478,clinical,True,True,,600,450
ISIC_9676659,clinical,True,True,,600,450
ISIC_9676972,clinical,True,True,,600,450
ISIC_9677476,dermoscopic,True,True,,600,450
ISIC_9679124,clinical,True,True,,600,450
ISIC_9679564,clinical,True,True,,600,450
ISIC_9680458,dermoscopic,True,True,,600,450
ISIC_9682195,clinical,True,True,,600,450
ISIC_9683086,dermoscopic,True,True,,600,450
ISIC_9685756,dermoscopic,True,True,,600,450
ISIC_9685758,dermoscopic,True,True,,600,450
ISIC_9686538,dermoscopic,True,True,,600,450
ISIC_9688065,dermoscopic,True,True,,600,450
ISIC_9688192,dermoscopic,True,True,,600,450
ISIC_9690596,clinical,True,True,,600,450
ISIC_9691123,clinical,True,True,,600,450
ISIC_9693001,dermoscopic,True,True,,600,450
ISIC_9693456,dermoscopic,True,True,,600,450
ISIC_9693802,dermoscopic,True,True,,600,450
ISIC_9693907,clinical,True,True,,600,450
ISIC_9696099,dermoscopic,True,True,,600,450
ISIC_9696815,clinical,True,True,,600,450
ISIC_9697273,dermoscopic,True,True,,600,450
ISIC_9700218,dermoscopic,True,True,,600,450
ISIC_9701048,dermoscopic,True,True,,600,450
ISIC_9702862,clinical,True,True,,600,450
ISIC_9703128,clinical,True,True,,600,450
ISIC_9703510,dermoscopic,True,True,,600,450
ISIC_9704524,dermoscopic,True,True,,600,450
ISIC_9704742,clinical,True,True,,600,450
ISIC_9705765,clinical,True,True,,600,450
ISIC_9706057,clinical,True,True,,600,450
ISIC_9706117,dermoscopic,True,True,,600,450
ISIC_9706184,clinical,True,True,,600,450
ISIC_9708493,dermoscopic,True,True,,600,450
ISIC_9708941,clinical,True,True,,600,450
ISIC_9710618,dermoscopic,True,True,,600,450
ISIC_9710909,dermoscopic,True,True,,600,450
ISIC_9712861,dermoscopic,True,True,,600,450
ISIC_9713038,dermoscopic,True,True,,600,450
ISIC_9714916,dermoscopic,True,True,,600,450
ISIC_9718735,clinical,True,True,,600,450
ISIC_9718756,clinical,True,True,,600,450
ISIC_9719495,clinical,True,True,,600,450
ISIC_9719634,dermoscopic,True,True,,600,450
ISIC_9720285,clinical,True,True,,600,450
ISIC_9721840,dermoscopic,True,True,,600,450
ISIC_9725159,clinical,True,True,,600,450
ISIC_9725243,clinical,True,True,,600,450
ISIC_9725650,clinical,True,True,,600,450
ISIC_9726099,clinical,True,True,,600,450
ISIC_9726153,clinical,True,True,,600,450
ISIC_9728651,clinical,True,True,,600,450
ISIC_9728749,dermoscopic,True,True,,600,450
ISIC_9730737,clinical,True,True,,600,450
ISIC_9733625,dermoscopic,True,True,,600,450
ISIC_9735316,dermoscopic,True,True,,600,450
ISIC_9735329,clinical,True,True,,600,450
ISIC_9735403,clinical,True,True,,600,450
ISIC_9736851,dermoscopic,True,True,,600,450
ISIC_9737054,dermoscopic,True,True,,600,450
ISIC_9738040,dermoscopic,True,True,,600,450
ISIC_9738298,clinical,True,True,,600,450
ISIC_9739600,clinical,True,True,,600,450
ISIC_9739946,clinical,True,True,,600,450
ISIC_9740592,dermoscopic,True,True,,600,450
ISIC_9742404,dermoscopic,True,True,,600,450
ISIC_9744084,dermoscopic,True,True,,600,450
ISIC_9745273,clinical,True,True,,600,450
ISIC_9747479,clinical,True,True,,600,450
ISIC_9747544,clinical,True,True,,600,450
ISIC_9749130,dermoscopic,True,True,,600,450
ISIC_9750600,dermoscopic,True,True,,600,450
ISIC_9755138,dermoscopic,True,True,,600,450
ISIC_9755301,clinical,True,True,,600,450
ISIC_9756261,clinical,True,True,,600,450
ISIC_9756715,clinical,True,True,,600,450
ISIC_9756777,clinical,True,True,,600,450
ISIC_9756878,dermoscopic,True,True,,600,450
ISIC_9757709,dermoscopic,True,True,,600,450
ISIC_9759173,dermoscopic,True,True,,600,450
ISIC_9759381,clinical,True,True,,600,450
ISIC_9760671,clinical,True,True,,600,450
ISIC_9761409,clinical,True,True,,600,450
ISIC_9762915,clinical,True,True,,600,450
ISIC_9766600,dermoscopic,True,True,,600,450
ISIC_9767663,clinical,True,True,,600,450
ISIC_9769821,clinical,True,True,,600,450
ISIC_9770798,clinical,True,True,,600,450
ISIC_9774070,clinical,True,True,,600,450
ISIC_9774801,dermoscopic,True,True,,600,450
ISIC_9776077,clinical,True,True,,600,450
ISIC_9776410,clinical,True,True,,600,450
ISIC_9776738,clinical,True,True,,600,450
ISIC_9777242,clinical,True,True,,600,450
ISIC_9777580,dermoscopic,True,True,,600,450
ISIC_9777954,dermoscopic,True,True,,600,450
ISIC_9778028,clinical,True,True,,600,450
ISIC_9778651,dermoscopic,True,True,,600,450
ISIC_9780121,clinical,True,True,,600,450
ISIC_9784837,clinical,True,True,,600,450
ISIC_9785301,clinical,True,True,,600,450
ISIC_9786685,clinical,True,True,,600,450
ISIC_9788437,clinical,True,True,,600,450
ISIC_9790247,clinical,True,True,,600,450
ISIC_9790523,clinical,True,True,,600,450
ISIC_9790773,dermoscopic,True,True,,600,450
ISIC_9791119,dermoscopic,True,True,,600,450
ISIC_9792283,dermoscopic,True,True,,600,450
ISIC_9792479,clinical,True,True,,600,450
ISIC_9794743,clinical,True,True,,600,450
ISIC_9796777,dermoscopic,True,True,,600,450
ISIC_9797265,clinical,True,True,,600,450
ISIC_9798470,clinical,True,True,,600,450
ISIC_9800865,clinical,True,True,,600,450
ISIC_9801308,clinical,True,True,,600,450
ISIC_9802157,dermoscopic,True,True,,600,450
ISIC_9802702,clinical,True,True,,600,450
ISIC_9802963,clinical,True,True,,600,450
ISIC_9803465,dermoscopic,True,True,,600,450
ISIC_9804365,clinical,True,True,,600,450
ISIC_9807651,clinical,True,True,,600,450
ISIC_9807754,dermoscopic,True,True,,600,450
ISIC_9809278,clinical,True,True,,600,450
ISIC_9809345,dermoscopic,True,True,,600,450
ISIC_9809557,dermoscopic,True,True,,600,450
ISIC_9810068,clinical,True,True,,600,450
ISIC_9810739,clinical,True,True,,600,450
ISIC_9812075,clinical,True,True,,600,450
ISIC_9812459,clinical,True,True,,600,450
ISIC_9812504,clinical,True,True,,600,450
ISIC_9814001,clinical,True,True,,600,450
ISIC_9814156,dermoscopic,True,True,,600,450
ISIC_9814738,dermoscopic,True,True,,600,450
ISIC_9815182,dermoscopic,True,True,,600,450
ISIC_9815898,clinical,True,True,,600,450
ISIC_9816160,dermoscopic,True,True,,600,450
ISIC_9816264,dermoscopic,True,True,,600,450
ISIC_9816395,dermoscopic,True,True,,600,450
ISIC_9818203,dermoscopic,True,True,,600,450
ISIC_9818689,clinical,True,True,,600,450
ISIC_9818964,clinical,True,True,,600,450
ISIC_9820266,dermoscopic,True,True,,600,450
ISIC_9820396,clinical,True,True,,600,450
ISIC_9820560,clinical,True,True,,600,450
ISIC_9821910,dermoscopic,True,True,,600,450
ISIC_9822543,dermoscopic,True,True,,600,450
ISIC_9823894,dermoscopic,True,True,,600,450
ISIC_9824186,dermoscopic,True,True,,600,450
ISIC_9824409,dermoscopic,True,True,,600,450
ISIC_9826023,clinical,True,True,,600,450
ISIC_9826365,clinical,True,True,,600,450
ISIC_9826615,dermoscopic,True,True,,600,450
ISIC_9828047,clinical,True,True,,600,450
ISIC_9828103,clinical,True,True,,600,450
ISIC_9829558,clinical,True,True,,600,450
ISIC_9831096,clinical,True,True,,600,450
ISIC_9831775,clinical,True,True,,600,450
ISIC_9832572,clinical,True,True,,600,450
ISIC_9832783,clinical,True,True,,600,450
ISIC_9833026,clinical,True,True,,600,450
ISIC_9841903,dermoscopic,True,True,,600,450
ISIC_9842192,dermoscopic,True,True,,600,450
ISIC_9843002,clinical,True,True,,600,450
ISIC_9845346,dermoscopic,True,True,,600,450
ISIC_9846502,clinical,True,True,,600,450
ISIC_9846956,clinical,True,True,,600,450
ISIC_9848425,clinical,True,True,,600,450
ISIC_9849120,dermoscopic,True,True,,600,450
ISIC_9850235,dermoscopic,True,True,,600,450
ISIC_9850344,clinical,True,True,,600,450
ISIC_9850356,clinical,True,True,,600,450
ISIC_9850628,clinical,True,True,,600,450
ISIC_9852855,clinical,True,True,,600,450
ISIC_9853363,dermoscopic,True,True,,600,450
ISIC_9857002,dermoscopic,True,True,,600,450
ISIC_9859487,clinical,True,True,,600,450
ISIC_9860654,clinical,True,True,,600,450
ISIC_9861310,dermoscopic,True,True,,600,450
ISIC_9862532,dermoscopic,True,True,,600,450
ISIC_9864702,dermoscopic,True,True,,600,450
ISIC_9865547,clinical,True,True,,600,450
ISIC_9866460,dermoscopic,True,True,,600,450
ISIC_9867644,dermoscopic,True,True,,600,450
ISIC_9871721,clinical,True,True,,600,450
ISIC_9873401,clinical,True,True,,600,450
ISIC_9873782,clinical,True,True,,600,450
ISIC_9875123,dermoscopic,True,True,,600,450
ISIC_9875364,dermoscopic,True,True,,600,450
ISIC_9875968,dermoscopic,True,True,,600,450
ISIC_9878811,clinical,True,True,,600,450
ISIC_9878841,clinical,True,True,,600,450
ISIC_9879446,clinical,True,True,,600,450
ISIC_9881436,dermoscopic,True,True,,600,450
ISIC_9882842,clinical,True,True,,600,450
ISIC_9884445,clinical,True,True,,600,450
ISIC_9886033,clinical,True,True,,600,450
ISIC_9886316,clinical,True,True,,600,450
ISIC_9886654,dermoscopic,True,True,,600,450
ISIC_9886748,dermoscopic,True,True,,600,450
ISIC_9886919,clinical,True,True,,600,450
ISIC_9886925,clinical,True,True,,600,450
ISIC_9887877,dermoscopic,True,True,,600,450
ISIC_9890207,clinical,True,True,,600,450
ISIC_9890254,dermoscopic,True,True,,600,450
ISIC_9890480,dermoscopic,True,True,,600,450
ISIC_9890732,clinical,True,True,,600,450
ISIC_9891275,dermoscopic,True,True,,600,450
ISIC_9892179,dermoscopic,True,True,,600,450
ISIC_9892393,clinical,True,True,,600,450
ISIC_9892615,dermoscopic,True,True,,600,450
ISIC_9893445,dermoscopic,True,True,,600,450
ISIC_9894744,clinical,True,True,,600,450
ISIC_9895318,dermoscopic,True,True,,600,450
ISIC_9896110,dermoscopic,True,True,,600,450
ISIC_9896318,clinical,True,True,,600,450
ISIC_9896561,dermoscopic,True,True,,600,450
ISIC_9896977,dermoscopic,True,True,,600,450
ISIC_9899180,clinical,True,True,,600,450
ISIC_9899763,clinical,True,True,,600,450
ISIC_9900027,dermoscopic,True,True,,600,450
ISIC_9900723,dermoscopic,True,True,,600,450
ISIC_9901858,clinical,True,True,,600,450
ISIC_9903464,clinical,True,True,,600,450
ISIC_9905593,dermoscopic,True,True,,600,450
ISIC_9909273,dermoscopic,True,True,,600,450
ISIC_9909368,clinical,True,True,,600,450
ISIC_9909995,clinical,True,True,,600,450
ISIC_9912332,dermoscopic,True,True,,600,450
ISIC_9915322,clinical,True,True,,600,450
ISIC_9915349,clinical,True,True,,600,450
ISIC_9915675,clinical,True,True,,600,450
ISIC_9916112,dermoscopic,True,True,,600,450
ISIC_9916568,clinical,True,True,,600,450
ISIC_9918302,dermoscopic,True,True,,600,450
ISIC_9918967,clinical,True,True,,600,450
ISIC_9921386,clinical,True,True,,600,450
ISIC_9922427,clinical,True,True,,600,450
ISIC_9922993,dermoscopic,True,True,,600,450
ISIC_9923124,clinical,True,True,,600,450
ISIC_9923880,clinical,True,True,,600,450
ISIC_9925039,clinical,True,True,,600,450
ISIC_9925307,dermoscopic,True,True,,600,450
ISIC_9925921,clinical,True,True,,600,450
ISIC_9927143,clinical,True,True,,600,450
ISIC_9927174,dermoscopic,True,True,,600,450
ISIC_9929712,clinical,True,True,,600,450
ISIC_9929733,dermoscopic,True,True,,600,450
ISIC_9931617,dermoscopic,True,True,,600,450
ISIC_9931935,dermoscopic,True,True,,600,450
ISIC_9932255,clinical,True,True,,600,450
ISIC_9932307,clinical,True,True,,600,450
ISIC_9933283,clinical,True,True,,600,450
ISIC_9934612,dermoscopic,True,True,,600,450
ISIC_9936601,clinical,True,True,,600,450
ISIC_9938958,dermoscopic,True,True,,600,450
ISIC_9939897,dermoscopic,True,True,,600,450
ISIC_9940061,dermoscopic,True,True,,600,450
ISIC_9940495,dermoscopic,True,True,,600,450
ISIC_9940509,clinical,True,True,,600,450
ISIC_9941177,clinical,True,True,,600,450
ISIC_9944257,dermoscopic,True,True,,600,450
ISIC_9944485,dermoscopic,True,True,,600,450
ISIC_9945084,dermoscopic,True,True,,600,450
ISIC_9945188,dermoscopic,True,True,,600,450
ISIC_9945392,dermoscopic,True,True,,600,450
ISIC_9945604,dermoscopic,True,True,,600,450
ISIC_9945680,dermoscopic,True,True,,600,450
ISIC_9950919,clinical,True,True,,600,450
ISIC_9951312,clinical,True,True,,600,450
ISIC_9951505,clinical,True,True,,600,450
ISIC_9954496,dermoscopic,True,True,,600,450
ISIC_9955193,clinical,True,True,,600,450
ISIC_9956546,clinical,True,True,,600,450
ISIC_9956878,clinical,True,True,,600,450
ISIC_9961570,dermoscopic,True,True,,600,450
ISIC_9961928,clinical,True,True,,600,450
ISIC_9963933,clinical,True,True,,600,450
ISIC_9965584,clinical,True,True,,600,450
ISIC_9966328,clinical,True,True,,600,450
ISIC_9966733,dermoscopic,True,True,,600,450
ISIC_9968131,clinical,True,True,,600,450
ISIC_9969311,clinical,True,True,,600,450
ISIC_9971064,dermoscopic,True,True,,600,450
ISIC_9973095,clinical,True,True,,600,450
ISIC_9973379,dermoscopic,True,True,,600,450
ISIC_9973864,dermoscopic,True,True,,600,450
ISIC_9974916,clinical,True,True,,600,450
ISIC_9976872,clinical,True,True,,600,450
ISIC_9977374,dermoscopic,True,True,,600,450
ISIC_9978058,dermoscopic,True,True,,600,450
ISIC_9979190,dermoscopic,True,True,,600,450
ISIC_9981611,clinical,True,True,,600,450
ISIC_9982272,dermoscopic,True,True,,600,450
ISIC_9983655,clinical,True,True,,600,450
ISIC_9985358,clinical,True,True,,600,450
ISIC_9986730,dermoscopic,True,True,,600,450
ISIC_9987344,clinical,True,True,,600,450
ISIC_9987696,dermoscopic,True,True,,600,450
ISIC_9987719,dermoscopic,True,True,,600,450
ISIC_9989178,clinical,True,True,,600,450
ISIC_9989889,dermoscopic,True,True,,600,450
ISIC_9991793,clinical,True,True,,600,450
ISIC_9992299,dermoscopic,True,True,,600,450
ISIC_9992648,dermoscopic,True,True,,600,450
ISIC_9994191,dermoscopic,True,True,,600,450
ISIC_9995425,dermoscopic,True,True,,600,450
ISIC_9995871,dermoscopic,True,True,,600,450
ISIC_9995901,clinical,True,True,,600,450
ISIC_9997661,dermoscopic,True,True,,600,450
ISIC_9998198,clinical,True,True,,600,450
ISIC_9998927,clinical,True,True,,600,450
ISIC_9999151,clinical,True,True,,600,450
